fold,trial_id,geometry,filename,W,endpoint_mode,boundary_convention,minimum_speech_ms,minimum_silence_ms,padding_stage,final_region_mae_ms,ground_truth_region_count,predicted_region_count,status
1,core_support_0,support,phone_M1,1.0,core,union of active frame supports,0.0,200.0,excluded from core FINAL,null,1,2,region_count_or_matching_mismatch
1,core_support_0,support,studio_F1,1.0,core,union of active frame supports,0.0,200.0,excluded from core FINAL,17.505668934240216,1,1,ok
1,core_support_0,support,studio_M1,1.0,core,union of active frame supports,0.0,200.0,excluded from core FINAL,42.50566893424046,1,1,ok
1,core_support_0,support,phone_M1,2.0,core,union of active frame supports,0.0,200.0,excluded from core FINAL,null,1,2,region_count_or_matching_mismatch
1,core_support_0,support,studio_F1,2.0,core,union of active frame supports,0.0,200.0,excluded from core FINAL,12.505668934240322,1,1,ok
1,core_support_0,support,studio_M1,2.0,core,union of active frame supports,0.0,200.0,excluded from core FINAL,37.50566893424035,1,1,ok
1,core_support_0,support,phone_M1,3.0,core,union of active frame supports,0.0,200.0,excluded from core FINAL,7.499999999999924,1,1,ok
1,core_support_0,support,studio_F1,3.0,core,union of active frame supports,0.0,200.0,excluded from core FINAL,12.505668934240322,1,1,ok
1,core_support_0,support,studio_M1,3.0,core,union of active frame supports,0.0,200.0,excluded from core FINAL,37.50566893424035,1,1,ok
1,core_support_0,support,phone_M1,4.0,core,union of active frame supports,0.0,200.0,excluded from core FINAL,7.499999999999924,1,1,ok
1,core_support_0,support,studio_F1,4.0,core,union of active frame supports,0.0,200.0,excluded from core FINAL,12.505668934240322,1,1,ok
1,core_support_0,support,studio_M1,4.0,core,union of active frame supports,0.0,200.0,excluded from core FINAL,32.50566893424045,1,1,ok
1,core_support_0,support,phone_M1,5.0,core,union of active frame supports,0.0,200.0,excluded from core FINAL,7.499999999999924,1,1,ok
1,core_support_0,support,studio_F1,5.0,core,union of active frame supports,0.0,200.0,excluded from core FINAL,12.505668934240322,1,1,ok
1,core_support_0,support,studio_M1,5.0,core,union of active frame supports,0.0,200.0,excluded from core FINAL,32.50566893424045,1,1,ok
1,core_support_0,support,phone_M1,6.0,core,union of active frame supports,0.0,200.0,excluded from core FINAL,2.4999999999999467,1,1,ok
1,core_support_0,support,studio_F1,6.0,core,union of active frame supports,0.0,200.0,excluded from core FINAL,12.505668934240322,1,1,ok
1,core_support_0,support,studio_M1,6.0,core,union of active frame supports,0.0,200.0,excluded from core FINAL,32.50566893424045,1,1,ok
1,core_support_0,support,phone_M1,7.0,core,union of active frame supports,0.0,200.0,excluded from core FINAL,2.4999999999999467,1,1,ok
1,core_support_0,support,studio_F1,7.0,core,union of active frame supports,0.0,200.0,excluded from core FINAL,7.505668934240428,1,1,ok
1,core_support_0,support,studio_M1,7.0,core,union of active frame supports,0.0,200.0,excluded from core FINAL,32.50566893424045,1,1,ok
1,core_support_0,support,phone_M1,8.0,core,union of active frame supports,0.0,200.0,excluded from core FINAL,2.4999999999999467,1,1,ok
1,core_support_0,support,studio_F1,8.0,core,union of active frame supports,0.0,200.0,excluded from core FINAL,7.505668934240428,1,1,ok
1,core_support_0,support,studio_M1,8.0,core,union of active frame supports,0.0,200.0,excluded from core FINAL,32.50566893424045,1,1,ok
1,core_support_0,support,phone_M1,9.0,core,union of active frame supports,0.0,200.0,excluded from core FINAL,2.4999999999999467,1,1,ok
1,core_support_0,support,studio_F1,9.0,core,union of active frame supports,0.0,200.0,excluded from core FINAL,7.505668934240428,1,1,ok
1,core_support_0,support,studio_M1,9.0,core,union of active frame supports,0.0,200.0,excluded from core FINAL,32.50566893424045,1,1,ok
1,core_support_0,support,phone_M1,10.0,core,union of active frame supports,0.0,200.0,excluded from core FINAL,2.4999999999999467,1,1,ok
1,core_support_0,support,studio_F1,10.0,core,union of active frame supports,0.0,200.0,excluded from core FINAL,7.505668934240428,1,1,ok
1,core_support_0,support,studio_M1,10.0,core,union of active frame supports,0.0,200.0,excluded from core FINAL,27.505668934240333,1,1,ok
1,core_support_0,support,phone_M1,11.0,core,union of active frame supports,0.0,200.0,excluded from core FINAL,2.4999999999999467,1,1,ok
1,core_support_0,support,studio_F1,11.0,core,union of active frame supports,0.0,200.0,excluded from core FINAL,7.505668934240428,1,1,ok
1,core_support_0,support,studio_M1,11.0,core,union of active frame supports,0.0,200.0,excluded from core FINAL,27.505668934240333,1,1,ok
1,core_support_0,support,phone_M1,12.0,core,union of active frame supports,0.0,200.0,excluded from core FINAL,2.4999999999999467,1,1,ok
1,core_support_0,support,studio_F1,12.0,core,union of active frame supports,0.0,200.0,excluded from core FINAL,7.505668934240428,1,1,ok
1,core_support_0,support,studio_M1,12.0,core,union of active frame supports,0.0,200.0,excluded from core FINAL,27.505668934240333,1,1,ok
1,core_support_0,support,phone_M1,13.0,core,union of active frame supports,0.0,200.0,excluded from core FINAL,2.4999999999999467,1,1,ok
1,core_support_0,support,studio_F1,13.0,core,union of active frame supports,0.0,200.0,excluded from core FINAL,7.505668934240428,1,1,ok
1,core_support_0,support,studio_M1,13.0,core,union of active frame supports,0.0,200.0,excluded from core FINAL,27.505668934240333,1,1,ok
1,core_support_0,support,phone_M1,14.0,core,union of active frame supports,0.0,200.0,excluded from core FINAL,2.4999999999999467,1,1,ok
1,core_support_0,support,studio_F1,14.0,core,union of active frame supports,0.0,200.0,excluded from core FINAL,7.505668934240428,1,1,ok
1,core_support_0,support,studio_M1,14.0,core,union of active frame supports,0.0,200.0,excluded from core FINAL,27.505668934240333,1,1,ok
1,core_support_0,support,phone_M1,15.0,core,union of active frame supports,0.0,200.0,excluded from core FINAL,2.4999999999999467,1,1,ok
1,core_support_0,support,studio_F1,15.0,core,union of active frame supports,0.0,200.0,excluded from core FINAL,7.505668934240428,1,1,ok
1,core_support_0,support,studio_M1,15.0,core,union of active frame supports,0.0,200.0,excluded from core FINAL,27.505668934240333,1,1,ok
1,core_support_0,support,phone_M1,16.0,core,union of active frame supports,0.0,200.0,excluded from core FINAL,2.4999999999999467,1,1,ok
1,core_support_0,support,studio_F1,16.0,core,union of active frame supports,0.0,200.0,excluded from core FINAL,7.505668934240428,1,1,ok
1,core_support_0,support,studio_M1,16.0,core,union of active frame supports,0.0,200.0,excluded from core FINAL,27.505668934240333,1,1,ok
1,core_support_0,support,phone_M1,17.0,core,union of active frame supports,0.0,200.0,excluded from core FINAL,2.4999999999999467,1,1,ok
1,core_support_0,support,studio_F1,17.0,core,union of active frame supports,0.0,200.0,excluded from core FINAL,7.505668934240428,1,1,ok
1,core_support_0,support,studio_M1,17.0,core,union of active frame supports,0.0,200.0,excluded from core FINAL,27.505668934240333,1,1,ok
1,core_support_0,support,phone_M1,18.0,core,union of active frame supports,0.0,200.0,excluded from core FINAL,2.4999999999999467,1,1,ok
1,core_support_0,support,studio_F1,18.0,core,union of active frame supports,0.0,200.0,excluded from core FINAL,7.505668934240428,1,1,ok
1,core_support_0,support,studio_M1,18.0,core,union of active frame supports,0.0,200.0,excluded from core FINAL,27.505668934240333,1,1,ok
1,core_support_0,support,phone_M1,19.0,core,union of active frame supports,0.0,200.0,excluded from core FINAL,2.4999999999999467,1,1,ok
1,core_support_0,support,studio_F1,19.0,core,union of active frame supports,0.0,200.0,excluded from core FINAL,7.505668934240428,1,1,ok
1,core_support_0,support,studio_M1,19.0,core,union of active frame supports,0.0,200.0,excluded from core FINAL,27.505668934240333,1,1,ok
1,core_support_0,support,phone_M1,20.0,core,union of active frame supports,0.0,200.0,excluded from core FINAL,2.4999999999999467,1,1,ok
1,core_support_0,support,studio_F1,20.0,core,union of active frame supports,0.0,200.0,excluded from core FINAL,7.505668934240428,1,1,ok
1,core_support_0,support,studio_M1,20.0,core,union of active frame supports,0.0,200.0,excluded from core FINAL,27.505668934240333,1,1,ok
1,core_support_0,support,phone_M1,21.0,core,union of active frame supports,0.0,200.0,excluded from core FINAL,2.4999999999999467,1,1,ok
1,core_support_0,support,studio_F1,21.0,core,union of active frame supports,0.0,200.0,excluded from core FINAL,7.505668934240428,1,1,ok
1,core_support_0,support,studio_M1,21.0,core,union of active frame supports,0.0,200.0,excluded from core FINAL,27.505668934240333,1,1,ok
1,core_support_0,support,phone_M1,22.0,core,union of active frame supports,0.0,200.0,excluded from core FINAL,2.4999999999999467,1,1,ok
1,core_support_0,support,studio_F1,22.0,core,union of active frame supports,0.0,200.0,excluded from core FINAL,7.505668934240428,1,1,ok
1,core_support_0,support,studio_M1,22.0,core,union of active frame supports,0.0,200.0,excluded from core FINAL,27.505668934240333,1,1,ok
1,core_support_0,support,phone_M1,23.0,core,union of active frame supports,0.0,200.0,excluded from core FINAL,2.4999999999999467,1,1,ok
1,core_support_0,support,studio_F1,23.0,core,union of active frame supports,0.0,200.0,excluded from core FINAL,7.505668934240428,1,1,ok
1,core_support_0,support,studio_M1,23.0,core,union of active frame supports,0.0,200.0,excluded from core FINAL,27.505668934240333,1,1,ok
1,core_support_0,support,phone_M1,24.0,core,union of active frame supports,0.0,200.0,excluded from core FINAL,2.4999999999999467,1,1,ok
1,core_support_0,support,studio_F1,24.0,core,union of active frame supports,0.0,200.0,excluded from core FINAL,7.505668934240428,1,1,ok
1,core_support_0,support,studio_M1,24.0,core,union of active frame supports,0.0,200.0,excluded from core FINAL,27.505668934240333,1,1,ok
1,core_support_0,support,phone_M1,25.0,core,union of active frame supports,0.0,200.0,excluded from core FINAL,2.4999999999999467,1,1,ok
1,core_support_0,support,studio_F1,25.0,core,union of active frame supports,0.0,200.0,excluded from core FINAL,7.505668934240428,1,1,ok
1,core_support_0,support,studio_M1,25.0,core,union of active frame supports,0.0,200.0,excluded from core FINAL,27.505668934240333,1,1,ok
1,core_support_0,support,phone_M1,26.0,core,union of active frame supports,0.0,200.0,excluded from core FINAL,2.4999999999999467,1,1,ok
1,core_support_0,support,studio_F1,26.0,core,union of active frame supports,0.0,200.0,excluded from core FINAL,7.505668934240428,1,1,ok
1,core_support_0,support,studio_M1,26.0,core,union of active frame supports,0.0,200.0,excluded from core FINAL,27.505668934240333,1,1,ok
1,core_support_0,support,phone_M1,27.0,core,union of active frame supports,0.0,200.0,excluded from core FINAL,2.4999999999999467,1,1,ok
1,core_support_0,support,studio_F1,27.0,core,union of active frame supports,0.0,200.0,excluded from core FINAL,7.505668934240428,1,1,ok
1,core_support_0,support,studio_M1,27.0,core,union of active frame supports,0.0,200.0,excluded from core FINAL,27.505668934240333,1,1,ok
1,core_support_0,support,phone_M1,28.0,core,union of active frame supports,0.0,200.0,excluded from core FINAL,2.4999999999999467,1,1,ok
1,core_support_0,support,studio_F1,28.0,core,union of active frame supports,0.0,200.0,excluded from core FINAL,7.505668934240428,1,1,ok
1,core_support_0,support,studio_M1,28.0,core,union of active frame supports,0.0,200.0,excluded from core FINAL,27.505668934240333,1,1,ok
1,core_support_0,support,phone_M1,29.0,core,union of active frame supports,0.0,200.0,excluded from core FINAL,7.500000000000062,1,1,ok
1,core_support_0,support,studio_F1,29.0,core,union of active frame supports,0.0,200.0,excluded from core FINAL,7.505668934240428,1,1,ok
1,core_support_0,support,studio_M1,29.0,core,union of active frame supports,0.0,200.0,excluded from core FINAL,27.505668934240333,1,1,ok
1,core_support_0,support,phone_M1,30.0,core,union of active frame supports,0.0,200.0,excluded from core FINAL,7.500000000000062,1,1,ok
1,core_support_0,support,studio_F1,30.0,core,union of active frame supports,0.0,200.0,excluded from core FINAL,7.505668934240428,1,1,ok
1,core_support_0,support,studio_M1,30.0,core,union of active frame supports,0.0,200.0,excluded from core FINAL,27.505668934240333,1,1,ok
1,core_support_0,support,phone_M1,31.0,core,union of active frame supports,0.0,200.0,excluded from core FINAL,7.500000000000062,1,1,ok
1,core_support_0,support,studio_F1,31.0,core,union of active frame supports,0.0,200.0,excluded from core FINAL,7.505668934240428,1,1,ok
1,core_support_0,support,studio_M1,31.0,core,union of active frame supports,0.0,200.0,excluded from core FINAL,27.505668934240333,1,1,ok
1,core_support_0,support,phone_M1,32.0,core,union of active frame supports,0.0,200.0,excluded from core FINAL,7.500000000000062,1,1,ok
1,core_support_0,support,studio_F1,32.0,core,union of active frame supports,0.0,200.0,excluded from core FINAL,7.505668934240428,1,1,ok
1,core_support_0,support,studio_M1,32.0,core,union of active frame supports,0.0,200.0,excluded from core FINAL,27.505668934240333,1,1,ok
1,core_support_0,support,phone_M1,33.0,core,union of active frame supports,0.0,200.0,excluded from core FINAL,7.500000000000062,1,1,ok
1,core_support_0,support,studio_F1,33.0,core,union of active frame supports,0.0,200.0,excluded from core FINAL,7.505668934240428,1,1,ok
1,core_support_0,support,studio_M1,33.0,core,union of active frame supports,0.0,200.0,excluded from core FINAL,27.505668934240333,1,1,ok
1,core_support_0,support,phone_M1,34.0,core,union of active frame supports,0.0,200.0,excluded from core FINAL,7.500000000000062,1,1,ok
1,core_support_0,support,studio_F1,34.0,core,union of active frame supports,0.0,200.0,excluded from core FINAL,7.505668934240428,1,1,ok
1,core_support_0,support,studio_M1,34.0,core,union of active frame supports,0.0,200.0,excluded from core FINAL,27.505668934240333,1,1,ok
1,core_support_0,support,phone_M1,35.0,core,union of active frame supports,0.0,200.0,excluded from core FINAL,7.500000000000062,1,1,ok
1,core_support_0,support,studio_F1,35.0,core,union of active frame supports,0.0,200.0,excluded from core FINAL,7.505668934240428,1,1,ok
1,core_support_0,support,studio_M1,35.0,core,union of active frame supports,0.0,200.0,excluded from core FINAL,27.505668934240333,1,1,ok
1,core_support_0,support,phone_M1,36.0,core,union of active frame supports,0.0,200.0,excluded from core FINAL,7.500000000000062,1,1,ok
1,core_support_0,support,studio_F1,36.0,core,union of active frame supports,0.0,200.0,excluded from core FINAL,7.505668934240428,1,1,ok
1,core_support_0,support,studio_M1,36.0,core,union of active frame supports,0.0,200.0,excluded from core FINAL,27.505668934240333,1,1,ok
1,core_support_0,support,phone_M1,37.0,core,union of active frame supports,0.0,200.0,excluded from core FINAL,7.500000000000062,1,1,ok
1,core_support_0,support,studio_F1,37.0,core,union of active frame supports,0.0,200.0,excluded from core FINAL,7.494331065759696,1,1,ok
1,core_support_0,support,studio_M1,37.0,core,union of active frame supports,0.0,200.0,excluded from core FINAL,27.505668934240333,1,1,ok
1,core_support_0,support,phone_M1,38.0,core,union of active frame supports,0.0,200.0,excluded from core FINAL,7.500000000000062,1,1,ok
1,core_support_0,support,studio_F1,38.0,core,union of active frame supports,0.0,200.0,excluded from core FINAL,7.494331065759696,1,1,ok
1,core_support_0,support,studio_M1,38.0,core,union of active frame supports,0.0,200.0,excluded from core FINAL,27.505668934240333,1,1,ok
1,core_support_0,support,phone_M1,39.0,core,union of active frame supports,0.0,200.0,excluded from core FINAL,7.500000000000062,1,1,ok
1,core_support_0,support,studio_F1,39.0,core,union of active frame supports,0.0,200.0,excluded from core FINAL,7.494331065759696,1,1,ok
1,core_support_0,support,studio_M1,39.0,core,union of active frame supports,0.0,200.0,excluded from core FINAL,27.505668934240333,1,1,ok
1,core_support_0,support,phone_M1,40.0,core,union of active frame supports,0.0,200.0,excluded from core FINAL,7.500000000000062,1,1,ok
1,core_support_0,support,studio_F1,40.0,core,union of active frame supports,0.0,200.0,excluded from core FINAL,7.494331065759696,1,1,ok
1,core_support_0,support,studio_M1,40.0,core,union of active frame supports,0.0,200.0,excluded from core FINAL,27.505668934240333,1,1,ok
1,core_support_0,support,phone_M1,41.0,core,union of active frame supports,0.0,200.0,excluded from core FINAL,7.500000000000062,1,1,ok
1,core_support_0,support,studio_F1,41.0,core,union of active frame supports,0.0,200.0,excluded from core FINAL,7.494331065759696,1,1,ok
1,core_support_0,support,studio_M1,41.0,core,union of active frame supports,0.0,200.0,excluded from core FINAL,27.505668934240333,1,1,ok
1,core_support_0,support,phone_M1,42.0,core,union of active frame supports,0.0,200.0,excluded from core FINAL,7.500000000000062,1,1,ok
1,core_support_0,support,studio_F1,42.0,core,union of active frame supports,0.0,200.0,excluded from core FINAL,7.494331065759696,1,1,ok
1,core_support_0,support,studio_M1,42.0,core,union of active frame supports,0.0,200.0,excluded from core FINAL,27.505668934240333,1,1,ok
1,core_support_0,support,phone_M1,43.0,core,union of active frame supports,0.0,200.0,excluded from core FINAL,7.500000000000062,1,1,ok
1,core_support_0,support,studio_F1,43.0,core,union of active frame supports,0.0,200.0,excluded from core FINAL,7.494331065759696,1,1,ok
1,core_support_0,support,studio_M1,43.0,core,union of active frame supports,0.0,200.0,excluded from core FINAL,27.505668934240333,1,1,ok
1,core_support_0,support,phone_M1,44.0,core,union of active frame supports,0.0,200.0,excluded from core FINAL,7.500000000000062,1,1,ok
1,core_support_0,support,studio_F1,44.0,core,union of active frame supports,0.0,200.0,excluded from core FINAL,7.494331065759696,1,1,ok
1,core_support_0,support,studio_M1,44.0,core,union of active frame supports,0.0,200.0,excluded from core FINAL,27.505668934240333,1,1,ok
1,core_support_0,support,phone_M1,45.0,core,union of active frame supports,0.0,200.0,excluded from core FINAL,7.500000000000062,1,1,ok
1,core_support_0,support,studio_F1,45.0,core,union of active frame supports,0.0,200.0,excluded from core FINAL,7.494331065759696,1,1,ok
1,core_support_0,support,studio_M1,45.0,core,union of active frame supports,0.0,200.0,excluded from core FINAL,27.505668934240333,1,1,ok
1,core_support_0,support,phone_M1,46.0,core,union of active frame supports,0.0,200.0,excluded from core FINAL,7.500000000000062,1,1,ok
1,core_support_0,support,studio_F1,46.0,core,union of active frame supports,0.0,200.0,excluded from core FINAL,7.494331065759696,1,1,ok
1,core_support_0,support,studio_M1,46.0,core,union of active frame supports,0.0,200.0,excluded from core FINAL,27.505668934240333,1,1,ok
1,core_support_0,support,phone_M1,47.0,core,union of active frame supports,0.0,200.0,excluded from core FINAL,7.500000000000062,1,1,ok
1,core_support_0,support,studio_F1,47.0,core,union of active frame supports,0.0,200.0,excluded from core FINAL,7.494331065759696,1,1,ok
1,core_support_0,support,studio_M1,47.0,core,union of active frame supports,0.0,200.0,excluded from core FINAL,27.505668934240333,1,1,ok
1,core_support_0,support,phone_M1,48.0,core,union of active frame supports,0.0,200.0,excluded from core FINAL,7.500000000000062,1,1,ok
1,core_support_0,support,studio_F1,48.0,core,union of active frame supports,0.0,200.0,excluded from core FINAL,7.494331065759696,1,1,ok
1,core_support_0,support,studio_M1,48.0,core,union of active frame supports,0.0,200.0,excluded from core FINAL,27.505668934240333,1,1,ok
1,core_support_0,support,phone_M1,49.0,core,union of active frame supports,0.0,200.0,excluded from core FINAL,7.500000000000062,1,1,ok
1,core_support_0,support,studio_F1,49.0,core,union of active frame supports,0.0,200.0,excluded from core FINAL,7.494331065759696,1,1,ok
1,core_support_0,support,studio_M1,49.0,core,union of active frame supports,0.0,200.0,excluded from core FINAL,27.505668934240333,1,1,ok
1,core_support_0,support,phone_M1,50.0,core,union of active frame supports,0.0,200.0,excluded from core FINAL,7.500000000000062,1,1,ok
1,core_support_0,support,studio_F1,50.0,core,union of active frame supports,0.0,200.0,excluded from core FINAL,7.494331065759696,1,1,ok
1,core_support_0,support,studio_M1,50.0,core,union of active frame supports,0.0,200.0,excluded from core FINAL,27.505668934240333,1,1,ok
1,core_cells_0,cells,phone_M1,1.0,core,nearest-frame centered decision cells,0.0,200.0,excluded from core FINAL,null,1,4,region_count_or_matching_mismatch
1,core_cells_0,cells,studio_F1,1.0,core,nearest-frame centered decision cells,0.0,200.0,excluded from core FINAL,17.505668934240436,1,1,ok
1,core_cells_0,cells,studio_M1,1.0,core,nearest-frame centered decision cells,0.0,200.0,excluded from core FINAL,50.00000000000004,1,1,ok
1,core_cells_0,cells,phone_M1,2.0,core,nearest-frame centered decision cells,0.0,200.0,excluded from core FINAL,null,1,2,region_count_or_matching_mismatch
1,core_cells_0,cells,studio_F1,2.0,core,nearest-frame centered decision cells,0.0,200.0,excluded from core FINAL,12.505668934240322,1,1,ok
1,core_cells_0,cells,studio_M1,2.0,core,nearest-frame centered decision cells,0.0,200.0,excluded from core FINAL,44.99999999999993,1,1,ok
1,core_cells_0,cells,phone_M1,3.0,core,nearest-frame centered decision cells,0.0,200.0,excluded from core FINAL,null,1,2,region_count_or_matching_mismatch
1,core_cells_0,cells,studio_F1,3.0,core,nearest-frame centered decision cells,0.0,200.0,excluded from core FINAL,12.505668934240322,1,1,ok
1,core_cells_0,cells,studio_M1,3.0,core,nearest-frame centered decision cells,0.0,200.0,excluded from core FINAL,44.99999999999993,1,1,ok
1,core_cells_0,cells,phone_M1,4.0,core,nearest-frame centered decision cells,0.0,200.0,excluded from core FINAL,null,1,2,region_count_or_matching_mismatch
1,core_cells_0,cells,studio_F1,4.0,core,nearest-frame centered decision cells,0.0,200.0,excluded from core FINAL,12.505668934240322,1,1,ok
1,core_cells_0,cells,studio_M1,4.0,core,nearest-frame centered decision cells,0.0,200.0,excluded from core FINAL,40.000000000000036,1,1,ok
1,core_cells_0,cells,phone_M1,5.0,core,nearest-frame centered decision cells,0.0,200.0,excluded from core FINAL,9.999999999999954,1,1,ok
1,core_cells_0,cells,studio_F1,5.0,core,nearest-frame centered decision cells,0.0,200.0,excluded from core FINAL,12.505668934240322,1,1,ok
1,core_cells_0,cells,studio_M1,5.0,core,nearest-frame centered decision cells,0.0,200.0,excluded from core FINAL,40.000000000000036,1,1,ok
1,core_cells_0,cells,phone_M1,6.0,core,nearest-frame centered decision cells,0.0,200.0,excluded from core FINAL,4.999999999999977,1,1,ok
1,core_cells_0,cells,studio_F1,6.0,core,nearest-frame centered decision cells,0.0,200.0,excluded from core FINAL,12.505668934240322,1,1,ok
1,core_cells_0,cells,studio_M1,6.0,core,nearest-frame centered decision cells,0.0,200.0,excluded from core FINAL,40.000000000000036,1,1,ok
1,core_cells_0,cells,phone_M1,7.0,core,nearest-frame centered decision cells,0.0,200.0,excluded from core FINAL,4.999999999999977,1,1,ok
1,core_cells_0,cells,studio_F1,7.0,core,nearest-frame centered decision cells,0.0,200.0,excluded from core FINAL,7.505668934240206,1,1,ok
1,core_cells_0,cells,studio_M1,7.0,core,nearest-frame centered decision cells,0.0,200.0,excluded from core FINAL,40.000000000000036,1,1,ok
1,core_cells_0,cells,phone_M1,8.0,core,nearest-frame centered decision cells,0.0,200.0,excluded from core FINAL,4.999999999999977,1,1,ok
1,core_cells_0,cells,studio_F1,8.0,core,nearest-frame centered decision cells,0.0,200.0,excluded from core FINAL,7.505668934240206,1,1,ok
1,core_cells_0,cells,studio_M1,8.0,core,nearest-frame centered decision cells,0.0,200.0,excluded from core FINAL,40.000000000000036,1,1,ok
1,core_cells_0,cells,phone_M1,9.0,core,nearest-frame centered decision cells,0.0,200.0,excluded from core FINAL,4.999999999999977,1,1,ok
1,core_cells_0,cells,studio_F1,9.0,core,nearest-frame centered decision cells,0.0,200.0,excluded from core FINAL,7.505668934240206,1,1,ok
1,core_cells_0,cells,studio_M1,9.0,core,nearest-frame centered decision cells,0.0,200.0,excluded from core FINAL,40.000000000000036,1,1,ok
1,core_cells_0,cells,phone_M1,10.0,core,nearest-frame centered decision cells,0.0,200.0,excluded from core FINAL,4.999999999999977,1,1,ok
1,core_cells_0,cells,studio_F1,10.0,core,nearest-frame centered decision cells,0.0,200.0,excluded from core FINAL,7.505668934240206,1,1,ok
1,core_cells_0,cells,studio_M1,10.0,core,nearest-frame centered decision cells,0.0,200.0,excluded from core FINAL,35.00000000000014,1,1,ok
1,core_cells_0,cells,phone_M1,11.0,core,nearest-frame centered decision cells,0.0,200.0,excluded from core FINAL,4.999999999999977,1,1,ok
1,core_cells_0,cells,studio_F1,11.0,core,nearest-frame centered decision cells,0.0,200.0,excluded from core FINAL,7.505668934240206,1,1,ok
1,core_cells_0,cells,studio_M1,11.0,core,nearest-frame centered decision cells,0.0,200.0,excluded from core FINAL,35.00000000000014,1,1,ok
1,core_cells_0,cells,phone_M1,12.0,core,nearest-frame centered decision cells,0.0,200.0,excluded from core FINAL,4.999999999999977,1,1,ok
1,core_cells_0,cells,studio_F1,12.0,core,nearest-frame centered decision cells,0.0,200.0,excluded from core FINAL,7.505668934240206,1,1,ok
1,core_cells_0,cells,studio_M1,12.0,core,nearest-frame centered decision cells,0.0,200.0,excluded from core FINAL,35.00000000000014,1,1,ok
1,core_cells_0,cells,phone_M1,13.0,core,nearest-frame centered decision cells,0.0,200.0,excluded from core FINAL,4.999999999999977,1,1,ok
1,core_cells_0,cells,studio_F1,13.0,core,nearest-frame centered decision cells,0.0,200.0,excluded from core FINAL,7.505668934240206,1,1,ok
1,core_cells_0,cells,studio_M1,13.0,core,nearest-frame centered decision cells,0.0,200.0,excluded from core FINAL,35.00000000000014,1,1,ok
1,core_cells_0,cells,phone_M1,14.0,core,nearest-frame centered decision cells,0.0,200.0,excluded from core FINAL,4.999999999999977,1,1,ok
1,core_cells_0,cells,studio_F1,14.0,core,nearest-frame centered decision cells,0.0,200.0,excluded from core FINAL,7.505668934240206,1,1,ok
1,core_cells_0,cells,studio_M1,14.0,core,nearest-frame centered decision cells,0.0,200.0,excluded from core FINAL,35.00000000000014,1,1,ok
1,core_cells_0,cells,phone_M1,15.0,core,nearest-frame centered decision cells,0.0,200.0,excluded from core FINAL,4.999999999999977,1,1,ok
1,core_cells_0,cells,studio_F1,15.0,core,nearest-frame centered decision cells,0.0,200.0,excluded from core FINAL,7.505668934240206,1,1,ok
1,core_cells_0,cells,studio_M1,15.0,core,nearest-frame centered decision cells,0.0,200.0,excluded from core FINAL,35.00000000000014,1,1,ok
1,core_cells_0,cells,phone_M1,16.0,core,nearest-frame centered decision cells,0.0,200.0,excluded from core FINAL,4.999999999999977,1,1,ok
1,core_cells_0,cells,studio_F1,16.0,core,nearest-frame centered decision cells,0.0,200.0,excluded from core FINAL,7.505668934240206,1,1,ok
1,core_cells_0,cells,studio_M1,16.0,core,nearest-frame centered decision cells,0.0,200.0,excluded from core FINAL,35.00000000000014,1,1,ok
1,core_cells_0,cells,phone_M1,17.0,core,nearest-frame centered decision cells,0.0,200.0,excluded from core FINAL,4.999999999999977,1,1,ok
1,core_cells_0,cells,studio_F1,17.0,core,nearest-frame centered decision cells,0.0,200.0,excluded from core FINAL,7.505668934240206,1,1,ok
1,core_cells_0,cells,studio_M1,17.0,core,nearest-frame centered decision cells,0.0,200.0,excluded from core FINAL,35.00000000000014,1,1,ok
1,core_cells_0,cells,phone_M1,18.0,core,nearest-frame centered decision cells,0.0,200.0,excluded from core FINAL,4.999999999999977,1,1,ok
1,core_cells_0,cells,studio_F1,18.0,core,nearest-frame centered decision cells,0.0,200.0,excluded from core FINAL,7.505668934240206,1,1,ok
1,core_cells_0,cells,studio_M1,18.0,core,nearest-frame centered decision cells,0.0,200.0,excluded from core FINAL,35.00000000000014,1,1,ok
1,core_cells_0,cells,phone_M1,19.0,core,nearest-frame centered decision cells,0.0,200.0,excluded from core FINAL,4.999999999999977,1,1,ok
1,core_cells_0,cells,studio_F1,19.0,core,nearest-frame centered decision cells,0.0,200.0,excluded from core FINAL,7.505668934240206,1,1,ok
1,core_cells_0,cells,studio_M1,19.0,core,nearest-frame centered decision cells,0.0,200.0,excluded from core FINAL,35.00000000000014,1,1,ok
1,core_cells_0,cells,phone_M1,20.0,core,nearest-frame centered decision cells,0.0,200.0,excluded from core FINAL,4.999999999999977,1,1,ok
1,core_cells_0,cells,studio_F1,20.0,core,nearest-frame centered decision cells,0.0,200.0,excluded from core FINAL,7.505668934240206,1,1,ok
1,core_cells_0,cells,studio_M1,20.0,core,nearest-frame centered decision cells,0.0,200.0,excluded from core FINAL,35.00000000000014,1,1,ok
1,core_cells_0,cells,phone_M1,21.0,core,nearest-frame centered decision cells,0.0,200.0,excluded from core FINAL,4.999999999999977,1,1,ok
1,core_cells_0,cells,studio_F1,21.0,core,nearest-frame centered decision cells,0.0,200.0,excluded from core FINAL,7.505668934240206,1,1,ok
1,core_cells_0,cells,studio_M1,21.0,core,nearest-frame centered decision cells,0.0,200.0,excluded from core FINAL,35.00000000000014,1,1,ok
1,core_cells_0,cells,phone_M1,22.0,core,nearest-frame centered decision cells,0.0,200.0,excluded from core FINAL,4.999999999999977,1,1,ok
1,core_cells_0,cells,studio_F1,22.0,core,nearest-frame centered decision cells,0.0,200.0,excluded from core FINAL,7.505668934240206,1,1,ok
1,core_cells_0,cells,studio_M1,22.0,core,nearest-frame centered decision cells,0.0,200.0,excluded from core FINAL,35.00000000000014,1,1,ok
1,core_cells_0,cells,phone_M1,23.0,core,nearest-frame centered decision cells,0.0,200.0,excluded from core FINAL,4.999999999999977,1,1,ok
1,core_cells_0,cells,studio_F1,23.0,core,nearest-frame centered decision cells,0.0,200.0,excluded from core FINAL,7.505668934240206,1,1,ok
1,core_cells_0,cells,studio_M1,23.0,core,nearest-frame centered decision cells,0.0,200.0,excluded from core FINAL,35.00000000000014,1,1,ok
1,core_cells_0,cells,phone_M1,24.0,core,nearest-frame centered decision cells,0.0,200.0,excluded from core FINAL,4.999999999999977,1,1,ok
1,core_cells_0,cells,studio_F1,24.0,core,nearest-frame centered decision cells,0.0,200.0,excluded from core FINAL,7.505668934240206,1,1,ok
1,core_cells_0,cells,studio_M1,24.0,core,nearest-frame centered decision cells,0.0,200.0,excluded from core FINAL,35.00000000000014,1,1,ok
1,core_cells_0,cells,phone_M1,25.0,core,nearest-frame centered decision cells,0.0,200.0,excluded from core FINAL,4.999999999999977,1,1,ok
1,core_cells_0,cells,studio_F1,25.0,core,nearest-frame centered decision cells,0.0,200.0,excluded from core FINAL,7.505668934240206,1,1,ok
1,core_cells_0,cells,studio_M1,25.0,core,nearest-frame centered decision cells,0.0,200.0,excluded from core FINAL,35.00000000000014,1,1,ok
1,core_cells_0,cells,phone_M1,26.0,core,nearest-frame centered decision cells,0.0,200.0,excluded from core FINAL,4.999999999999977,1,1,ok
1,core_cells_0,cells,studio_F1,26.0,core,nearest-frame centered decision cells,0.0,200.0,excluded from core FINAL,7.505668934240206,1,1,ok
1,core_cells_0,cells,studio_M1,26.0,core,nearest-frame centered decision cells,0.0,200.0,excluded from core FINAL,35.00000000000014,1,1,ok
1,core_cells_0,cells,phone_M1,27.0,core,nearest-frame centered decision cells,0.0,200.0,excluded from core FINAL,4.999999999999977,1,1,ok
1,core_cells_0,cells,studio_F1,27.0,core,nearest-frame centered decision cells,0.0,200.0,excluded from core FINAL,7.505668934240206,1,1,ok
1,core_cells_0,cells,studio_M1,27.0,core,nearest-frame centered decision cells,0.0,200.0,excluded from core FINAL,35.00000000000014,1,1,ok
1,core_cells_0,cells,phone_M1,28.0,core,nearest-frame centered decision cells,0.0,200.0,excluded from core FINAL,4.999999999999977,1,1,ok
1,core_cells_0,cells,studio_F1,28.0,core,nearest-frame centered decision cells,0.0,200.0,excluded from core FINAL,7.505668934240206,1,1,ok
1,core_cells_0,cells,studio_M1,28.0,core,nearest-frame centered decision cells,0.0,200.0,excluded from core FINAL,35.00000000000014,1,1,ok
1,core_cells_0,cells,phone_M1,29.0,core,nearest-frame centered decision cells,0.0,200.0,excluded from core FINAL,7.499999999999924,1,1,ok
1,core_cells_0,cells,studio_F1,29.0,core,nearest-frame centered decision cells,0.0,200.0,excluded from core FINAL,7.505668934240206,1,1,ok
1,core_cells_0,cells,studio_M1,29.0,core,nearest-frame centered decision cells,0.0,200.0,excluded from core FINAL,35.00000000000014,1,1,ok
1,core_cells_0,cells,phone_M1,30.0,core,nearest-frame centered decision cells,0.0,200.0,excluded from core FINAL,7.499999999999924,1,1,ok
1,core_cells_0,cells,studio_F1,30.0,core,nearest-frame centered decision cells,0.0,200.0,excluded from core FINAL,7.505668934240206,1,1,ok
1,core_cells_0,cells,studio_M1,30.0,core,nearest-frame centered decision cells,0.0,200.0,excluded from core FINAL,35.00000000000014,1,1,ok
1,core_cells_0,cells,phone_M1,31.0,core,nearest-frame centered decision cells,0.0,200.0,excluded from core FINAL,7.499999999999924,1,1,ok
1,core_cells_0,cells,studio_F1,31.0,core,nearest-frame centered decision cells,0.0,200.0,excluded from core FINAL,7.505668934240206,1,1,ok
1,core_cells_0,cells,studio_M1,31.0,core,nearest-frame centered decision cells,0.0,200.0,excluded from core FINAL,35.00000000000014,1,1,ok
1,core_cells_0,cells,phone_M1,32.0,core,nearest-frame centered decision cells,0.0,200.0,excluded from core FINAL,7.499999999999924,1,1,ok
1,core_cells_0,cells,studio_F1,32.0,core,nearest-frame centered decision cells,0.0,200.0,excluded from core FINAL,7.505668934240206,1,1,ok
1,core_cells_0,cells,studio_M1,32.0,core,nearest-frame centered decision cells,0.0,200.0,excluded from core FINAL,35.00000000000014,1,1,ok
1,core_cells_0,cells,phone_M1,33.0,core,nearest-frame centered decision cells,0.0,200.0,excluded from core FINAL,7.499999999999924,1,1,ok
1,core_cells_0,cells,studio_F1,33.0,core,nearest-frame centered decision cells,0.0,200.0,excluded from core FINAL,7.505668934240206,1,1,ok
1,core_cells_0,cells,studio_M1,33.0,core,nearest-frame centered decision cells,0.0,200.0,excluded from core FINAL,35.00000000000014,1,1,ok
1,core_cells_0,cells,phone_M1,34.0,core,nearest-frame centered decision cells,0.0,200.0,excluded from core FINAL,7.499999999999924,1,1,ok
1,core_cells_0,cells,studio_F1,34.0,core,nearest-frame centered decision cells,0.0,200.0,excluded from core FINAL,7.505668934240206,1,1,ok
1,core_cells_0,cells,studio_M1,34.0,core,nearest-frame centered decision cells,0.0,200.0,excluded from core FINAL,35.00000000000014,1,1,ok
1,core_cells_0,cells,phone_M1,35.0,core,nearest-frame centered decision cells,0.0,200.0,excluded from core FINAL,7.499999999999924,1,1,ok
1,core_cells_0,cells,studio_F1,35.0,core,nearest-frame centered decision cells,0.0,200.0,excluded from core FINAL,7.505668934240206,1,1,ok
1,core_cells_0,cells,studio_M1,35.0,core,nearest-frame centered decision cells,0.0,200.0,excluded from core FINAL,35.00000000000014,1,1,ok
1,core_cells_0,cells,phone_M1,36.0,core,nearest-frame centered decision cells,0.0,200.0,excluded from core FINAL,7.499999999999924,1,1,ok
1,core_cells_0,cells,studio_F1,36.0,core,nearest-frame centered decision cells,0.0,200.0,excluded from core FINAL,7.505668934240206,1,1,ok
1,core_cells_0,cells,studio_M1,36.0,core,nearest-frame centered decision cells,0.0,200.0,excluded from core FINAL,35.00000000000014,1,1,ok
1,core_cells_0,cells,phone_M1,37.0,core,nearest-frame centered decision cells,0.0,200.0,excluded from core FINAL,7.499999999999924,1,1,ok
1,core_cells_0,cells,studio_F1,37.0,core,nearest-frame centered decision cells,0.0,200.0,excluded from core FINAL,2.5056689342403127,1,1,ok
1,core_cells_0,cells,studio_M1,37.0,core,nearest-frame centered decision cells,0.0,200.0,excluded from core FINAL,35.00000000000014,1,1,ok
1,core_cells_0,cells,phone_M1,38.0,core,nearest-frame centered decision cells,0.0,200.0,excluded from core FINAL,7.499999999999924,1,1,ok
1,core_cells_0,cells,studio_F1,38.0,core,nearest-frame centered decision cells,0.0,200.0,excluded from core FINAL,2.5056689342403127,1,1,ok
1,core_cells_0,cells,studio_M1,38.0,core,nearest-frame centered decision cells,0.0,200.0,excluded from core FINAL,35.00000000000014,1,1,ok
1,core_cells_0,cells,phone_M1,39.0,core,nearest-frame centered decision cells,0.0,200.0,excluded from core FINAL,7.499999999999924,1,1,ok
1,core_cells_0,cells,studio_F1,39.0,core,nearest-frame centered decision cells,0.0,200.0,excluded from core FINAL,2.5056689342403127,1,1,ok
1,core_cells_0,cells,studio_M1,39.0,core,nearest-frame centered decision cells,0.0,200.0,excluded from core FINAL,35.00000000000014,1,1,ok
1,core_cells_0,cells,phone_M1,40.0,core,nearest-frame centered decision cells,0.0,200.0,excluded from core FINAL,7.499999999999924,1,1,ok
1,core_cells_0,cells,studio_F1,40.0,core,nearest-frame centered decision cells,0.0,200.0,excluded from core FINAL,2.5056689342403127,1,1,ok
1,core_cells_0,cells,studio_M1,40.0,core,nearest-frame centered decision cells,0.0,200.0,excluded from core FINAL,35.00000000000014,1,1,ok
1,core_cells_0,cells,phone_M1,41.0,core,nearest-frame centered decision cells,0.0,200.0,excluded from core FINAL,7.499999999999924,1,1,ok
1,core_cells_0,cells,studio_F1,41.0,core,nearest-frame centered decision cells,0.0,200.0,excluded from core FINAL,2.5056689342403127,1,1,ok
1,core_cells_0,cells,studio_M1,41.0,core,nearest-frame centered decision cells,0.0,200.0,excluded from core FINAL,35.00000000000014,1,1,ok
1,core_cells_0,cells,phone_M1,42.0,core,nearest-frame centered decision cells,0.0,200.0,excluded from core FINAL,7.499999999999924,1,1,ok
1,core_cells_0,cells,studio_F1,42.0,core,nearest-frame centered decision cells,0.0,200.0,excluded from core FINAL,2.5056689342403127,1,1,ok
1,core_cells_0,cells,studio_M1,42.0,core,nearest-frame centered decision cells,0.0,200.0,excluded from core FINAL,35.00000000000014,1,1,ok
1,core_cells_0,cells,phone_M1,43.0,core,nearest-frame centered decision cells,0.0,200.0,excluded from core FINAL,7.499999999999924,1,1,ok
1,core_cells_0,cells,studio_F1,43.0,core,nearest-frame centered decision cells,0.0,200.0,excluded from core FINAL,2.5056689342403127,1,1,ok
1,core_cells_0,cells,studio_M1,43.0,core,nearest-frame centered decision cells,0.0,200.0,excluded from core FINAL,35.00000000000014,1,1,ok
1,core_cells_0,cells,phone_M1,44.0,core,nearest-frame centered decision cells,0.0,200.0,excluded from core FINAL,7.499999999999924,1,1,ok
1,core_cells_0,cells,studio_F1,44.0,core,nearest-frame centered decision cells,0.0,200.0,excluded from core FINAL,2.5056689342403127,1,1,ok
1,core_cells_0,cells,studio_M1,44.0,core,nearest-frame centered decision cells,0.0,200.0,excluded from core FINAL,35.00000000000014,1,1,ok
1,core_cells_0,cells,phone_M1,45.0,core,nearest-frame centered decision cells,0.0,200.0,excluded from core FINAL,7.499999999999924,1,1,ok
1,core_cells_0,cells,studio_F1,45.0,core,nearest-frame centered decision cells,0.0,200.0,excluded from core FINAL,2.5056689342403127,1,1,ok
1,core_cells_0,cells,studio_M1,45.0,core,nearest-frame centered decision cells,0.0,200.0,excluded from core FINAL,35.00000000000014,1,1,ok
1,core_cells_0,cells,phone_M1,46.0,core,nearest-frame centered decision cells,0.0,200.0,excluded from core FINAL,7.499999999999924,1,1,ok
1,core_cells_0,cells,studio_F1,46.0,core,nearest-frame centered decision cells,0.0,200.0,excluded from core FINAL,2.5056689342403127,1,1,ok
1,core_cells_0,cells,studio_M1,46.0,core,nearest-frame centered decision cells,0.0,200.0,excluded from core FINAL,35.00000000000014,1,1,ok
1,core_cells_0,cells,phone_M1,47.0,core,nearest-frame centered decision cells,0.0,200.0,excluded from core FINAL,7.499999999999924,1,1,ok
1,core_cells_0,cells,studio_F1,47.0,core,nearest-frame centered decision cells,0.0,200.0,excluded from core FINAL,2.5056689342403127,1,1,ok
1,core_cells_0,cells,studio_M1,47.0,core,nearest-frame centered decision cells,0.0,200.0,excluded from core FINAL,35.00000000000014,1,1,ok
1,core_cells_0,cells,phone_M1,48.0,core,nearest-frame centered decision cells,0.0,200.0,excluded from core FINAL,7.499999999999924,1,1,ok
1,core_cells_0,cells,studio_F1,48.0,core,nearest-frame centered decision cells,0.0,200.0,excluded from core FINAL,2.5056689342403127,1,1,ok
1,core_cells_0,cells,studio_M1,48.0,core,nearest-frame centered decision cells,0.0,200.0,excluded from core FINAL,35.00000000000014,1,1,ok
1,core_cells_0,cells,phone_M1,49.0,core,nearest-frame centered decision cells,0.0,200.0,excluded from core FINAL,7.499999999999924,1,1,ok
1,core_cells_0,cells,studio_F1,49.0,core,nearest-frame centered decision cells,0.0,200.0,excluded from core FINAL,2.5056689342403127,1,1,ok
1,core_cells_0,cells,studio_M1,49.0,core,nearest-frame centered decision cells,0.0,200.0,excluded from core FINAL,35.00000000000014,1,1,ok
1,core_cells_0,cells,phone_M1,50.0,core,nearest-frame centered decision cells,0.0,200.0,excluded from core FINAL,7.499999999999924,1,1,ok
1,core_cells_0,cells,studio_F1,50.0,core,nearest-frame centered decision cells,0.0,200.0,excluded from core FINAL,2.5056689342403127,1,1,ok
1,core_cells_0,cells,studio_M1,50.0,core,nearest-frame centered decision cells,0.0,200.0,excluded from core FINAL,35.00000000000014,1,1,ok
1,core_support_100,support,phone_M1,1.0,core,union of active frame supports,100.0,200.0,excluded from core FINAL,null,1,2,region_count_or_matching_mismatch
1,core_support_100,support,studio_F1,1.0,core,union of active frame supports,100.0,200.0,excluded from core FINAL,17.505668934240216,1,1,ok
1,core_support_100,support,studio_M1,1.0,core,union of active frame supports,100.0,200.0,excluded from core FINAL,42.50566893424046,1,1,ok
1,core_support_100,support,phone_M1,2.0,core,union of active frame supports,100.0,200.0,excluded from core FINAL,null,1,2,region_count_or_matching_mismatch
1,core_support_100,support,studio_F1,2.0,core,union of active frame supports,100.0,200.0,excluded from core FINAL,12.505668934240322,1,1,ok
1,core_support_100,support,studio_M1,2.0,core,union of active frame supports,100.0,200.0,excluded from core FINAL,37.50566893424035,1,1,ok
1,core_support_100,support,phone_M1,3.0,core,union of active frame supports,100.0,200.0,excluded from core FINAL,7.499999999999924,1,1,ok
1,core_support_100,support,studio_F1,3.0,core,union of active frame supports,100.0,200.0,excluded from core FINAL,12.505668934240322,1,1,ok
1,core_support_100,support,studio_M1,3.0,core,union of active frame supports,100.0,200.0,excluded from core FINAL,37.50566893424035,1,1,ok
1,core_support_100,support,phone_M1,4.0,core,union of active frame supports,100.0,200.0,excluded from core FINAL,7.499999999999924,1,1,ok
1,core_support_100,support,studio_F1,4.0,core,union of active frame supports,100.0,200.0,excluded from core FINAL,12.505668934240322,1,1,ok
1,core_support_100,support,studio_M1,4.0,core,union of active frame supports,100.0,200.0,excluded from core FINAL,32.50566893424045,1,1,ok
1,core_support_100,support,phone_M1,5.0,core,union of active frame supports,100.0,200.0,excluded from core FINAL,7.499999999999924,1,1,ok
1,core_support_100,support,studio_F1,5.0,core,union of active frame supports,100.0,200.0,excluded from core FINAL,12.505668934240322,1,1,ok
1,core_support_100,support,studio_M1,5.0,core,union of active frame supports,100.0,200.0,excluded from core FINAL,32.50566893424045,1,1,ok
1,core_support_100,support,phone_M1,6.0,core,union of active frame supports,100.0,200.0,excluded from core FINAL,2.4999999999999467,1,1,ok
1,core_support_100,support,studio_F1,6.0,core,union of active frame supports,100.0,200.0,excluded from core FINAL,12.505668934240322,1,1,ok
1,core_support_100,support,studio_M1,6.0,core,union of active frame supports,100.0,200.0,excluded from core FINAL,32.50566893424045,1,1,ok
1,core_support_100,support,phone_M1,7.0,core,union of active frame supports,100.0,200.0,excluded from core FINAL,2.4999999999999467,1,1,ok
1,core_support_100,support,studio_F1,7.0,core,union of active frame supports,100.0,200.0,excluded from core FINAL,7.505668934240428,1,1,ok
1,core_support_100,support,studio_M1,7.0,core,union of active frame supports,100.0,200.0,excluded from core FINAL,32.50566893424045,1,1,ok
1,core_support_100,support,phone_M1,8.0,core,union of active frame supports,100.0,200.0,excluded from core FINAL,2.4999999999999467,1,1,ok
1,core_support_100,support,studio_F1,8.0,core,union of active frame supports,100.0,200.0,excluded from core FINAL,7.505668934240428,1,1,ok
1,core_support_100,support,studio_M1,8.0,core,union of active frame supports,100.0,200.0,excluded from core FINAL,32.50566893424045,1,1,ok
1,core_support_100,support,phone_M1,9.0,core,union of active frame supports,100.0,200.0,excluded from core FINAL,2.4999999999999467,1,1,ok
1,core_support_100,support,studio_F1,9.0,core,union of active frame supports,100.0,200.0,excluded from core FINAL,7.505668934240428,1,1,ok
1,core_support_100,support,studio_M1,9.0,core,union of active frame supports,100.0,200.0,excluded from core FINAL,32.50566893424045,1,1,ok
1,core_support_100,support,phone_M1,10.0,core,union of active frame supports,100.0,200.0,excluded from core FINAL,2.4999999999999467,1,1,ok
1,core_support_100,support,studio_F1,10.0,core,union of active frame supports,100.0,200.0,excluded from core FINAL,7.505668934240428,1,1,ok
1,core_support_100,support,studio_M1,10.0,core,union of active frame supports,100.0,200.0,excluded from core FINAL,27.505668934240333,1,1,ok
1,core_support_100,support,phone_M1,11.0,core,union of active frame supports,100.0,200.0,excluded from core FINAL,2.4999999999999467,1,1,ok
1,core_support_100,support,studio_F1,11.0,core,union of active frame supports,100.0,200.0,excluded from core FINAL,7.505668934240428,1,1,ok
1,core_support_100,support,studio_M1,11.0,core,union of active frame supports,100.0,200.0,excluded from core FINAL,27.505668934240333,1,1,ok
1,core_support_100,support,phone_M1,12.0,core,union of active frame supports,100.0,200.0,excluded from core FINAL,2.4999999999999467,1,1,ok
1,core_support_100,support,studio_F1,12.0,core,union of active frame supports,100.0,200.0,excluded from core FINAL,7.505668934240428,1,1,ok
1,core_support_100,support,studio_M1,12.0,core,union of active frame supports,100.0,200.0,excluded from core FINAL,27.505668934240333,1,1,ok
1,core_support_100,support,phone_M1,13.0,core,union of active frame supports,100.0,200.0,excluded from core FINAL,2.4999999999999467,1,1,ok
1,core_support_100,support,studio_F1,13.0,core,union of active frame supports,100.0,200.0,excluded from core FINAL,7.505668934240428,1,1,ok
1,core_support_100,support,studio_M1,13.0,core,union of active frame supports,100.0,200.0,excluded from core FINAL,27.505668934240333,1,1,ok
1,core_support_100,support,phone_M1,14.0,core,union of active frame supports,100.0,200.0,excluded from core FINAL,2.4999999999999467,1,1,ok
1,core_support_100,support,studio_F1,14.0,core,union of active frame supports,100.0,200.0,excluded from core FINAL,7.505668934240428,1,1,ok
1,core_support_100,support,studio_M1,14.0,core,union of active frame supports,100.0,200.0,excluded from core FINAL,27.505668934240333,1,1,ok
1,core_support_100,support,phone_M1,15.0,core,union of active frame supports,100.0,200.0,excluded from core FINAL,2.4999999999999467,1,1,ok
1,core_support_100,support,studio_F1,15.0,core,union of active frame supports,100.0,200.0,excluded from core FINAL,7.505668934240428,1,1,ok
1,core_support_100,support,studio_M1,15.0,core,union of active frame supports,100.0,200.0,excluded from core FINAL,27.505668934240333,1,1,ok
1,core_support_100,support,phone_M1,16.0,core,union of active frame supports,100.0,200.0,excluded from core FINAL,2.4999999999999467,1,1,ok
1,core_support_100,support,studio_F1,16.0,core,union of active frame supports,100.0,200.0,excluded from core FINAL,7.505668934240428,1,1,ok
1,core_support_100,support,studio_M1,16.0,core,union of active frame supports,100.0,200.0,excluded from core FINAL,27.505668934240333,1,1,ok
1,core_support_100,support,phone_M1,17.0,core,union of active frame supports,100.0,200.0,excluded from core FINAL,2.4999999999999467,1,1,ok
1,core_support_100,support,studio_F1,17.0,core,union of active frame supports,100.0,200.0,excluded from core FINAL,7.505668934240428,1,1,ok
1,core_support_100,support,studio_M1,17.0,core,union of active frame supports,100.0,200.0,excluded from core FINAL,27.505668934240333,1,1,ok
1,core_support_100,support,phone_M1,18.0,core,union of active frame supports,100.0,200.0,excluded from core FINAL,2.4999999999999467,1,1,ok
1,core_support_100,support,studio_F1,18.0,core,union of active frame supports,100.0,200.0,excluded from core FINAL,7.505668934240428,1,1,ok
1,core_support_100,support,studio_M1,18.0,core,union of active frame supports,100.0,200.0,excluded from core FINAL,27.505668934240333,1,1,ok
1,core_support_100,support,phone_M1,19.0,core,union of active frame supports,100.0,200.0,excluded from core FINAL,2.4999999999999467,1,1,ok
1,core_support_100,support,studio_F1,19.0,core,union of active frame supports,100.0,200.0,excluded from core FINAL,7.505668934240428,1,1,ok
1,core_support_100,support,studio_M1,19.0,core,union of active frame supports,100.0,200.0,excluded from core FINAL,27.505668934240333,1,1,ok
1,core_support_100,support,phone_M1,20.0,core,union of active frame supports,100.0,200.0,excluded from core FINAL,2.4999999999999467,1,1,ok
1,core_support_100,support,studio_F1,20.0,core,union of active frame supports,100.0,200.0,excluded from core FINAL,7.505668934240428,1,1,ok
1,core_support_100,support,studio_M1,20.0,core,union of active frame supports,100.0,200.0,excluded from core FINAL,27.505668934240333,1,1,ok
1,core_support_100,support,phone_M1,21.0,core,union of active frame supports,100.0,200.0,excluded from core FINAL,2.4999999999999467,1,1,ok
1,core_support_100,support,studio_F1,21.0,core,union of active frame supports,100.0,200.0,excluded from core FINAL,7.505668934240428,1,1,ok
1,core_support_100,support,studio_M1,21.0,core,union of active frame supports,100.0,200.0,excluded from core FINAL,27.505668934240333,1,1,ok
1,core_support_100,support,phone_M1,22.0,core,union of active frame supports,100.0,200.0,excluded from core FINAL,2.4999999999999467,1,1,ok
1,core_support_100,support,studio_F1,22.0,core,union of active frame supports,100.0,200.0,excluded from core FINAL,7.505668934240428,1,1,ok
1,core_support_100,support,studio_M1,22.0,core,union of active frame supports,100.0,200.0,excluded from core FINAL,27.505668934240333,1,1,ok
1,core_support_100,support,phone_M1,23.0,core,union of active frame supports,100.0,200.0,excluded from core FINAL,2.4999999999999467,1,1,ok
1,core_support_100,support,studio_F1,23.0,core,union of active frame supports,100.0,200.0,excluded from core FINAL,7.505668934240428,1,1,ok
1,core_support_100,support,studio_M1,23.0,core,union of active frame supports,100.0,200.0,excluded from core FINAL,27.505668934240333,1,1,ok
1,core_support_100,support,phone_M1,24.0,core,union of active frame supports,100.0,200.0,excluded from core FINAL,2.4999999999999467,1,1,ok
1,core_support_100,support,studio_F1,24.0,core,union of active frame supports,100.0,200.0,excluded from core FINAL,7.505668934240428,1,1,ok
1,core_support_100,support,studio_M1,24.0,core,union of active frame supports,100.0,200.0,excluded from core FINAL,27.505668934240333,1,1,ok
1,core_support_100,support,phone_M1,25.0,core,union of active frame supports,100.0,200.0,excluded from core FINAL,2.4999999999999467,1,1,ok
1,core_support_100,support,studio_F1,25.0,core,union of active frame supports,100.0,200.0,excluded from core FINAL,7.505668934240428,1,1,ok
1,core_support_100,support,studio_M1,25.0,core,union of active frame supports,100.0,200.0,excluded from core FINAL,27.505668934240333,1,1,ok
1,core_support_100,support,phone_M1,26.0,core,union of active frame supports,100.0,200.0,excluded from core FINAL,2.4999999999999467,1,1,ok
1,core_support_100,support,studio_F1,26.0,core,union of active frame supports,100.0,200.0,excluded from core FINAL,7.505668934240428,1,1,ok
1,core_support_100,support,studio_M1,26.0,core,union of active frame supports,100.0,200.0,excluded from core FINAL,27.505668934240333,1,1,ok
1,core_support_100,support,phone_M1,27.0,core,union of active frame supports,100.0,200.0,excluded from core FINAL,2.4999999999999467,1,1,ok
1,core_support_100,support,studio_F1,27.0,core,union of active frame supports,100.0,200.0,excluded from core FINAL,7.505668934240428,1,1,ok
1,core_support_100,support,studio_M1,27.0,core,union of active frame supports,100.0,200.0,excluded from core FINAL,27.505668934240333,1,1,ok
1,core_support_100,support,phone_M1,28.0,core,union of active frame supports,100.0,200.0,excluded from core FINAL,2.4999999999999467,1,1,ok
1,core_support_100,support,studio_F1,28.0,core,union of active frame supports,100.0,200.0,excluded from core FINAL,7.505668934240428,1,1,ok
1,core_support_100,support,studio_M1,28.0,core,union of active frame supports,100.0,200.0,excluded from core FINAL,27.505668934240333,1,1,ok
1,core_support_100,support,phone_M1,29.0,core,union of active frame supports,100.0,200.0,excluded from core FINAL,7.500000000000062,1,1,ok
1,core_support_100,support,studio_F1,29.0,core,union of active frame supports,100.0,200.0,excluded from core FINAL,7.505668934240428,1,1,ok
1,core_support_100,support,studio_M1,29.0,core,union of active frame supports,100.0,200.0,excluded from core FINAL,27.505668934240333,1,1,ok
1,core_support_100,support,phone_M1,30.0,core,union of active frame supports,100.0,200.0,excluded from core FINAL,7.500000000000062,1,1,ok
1,core_support_100,support,studio_F1,30.0,core,union of active frame supports,100.0,200.0,excluded from core FINAL,7.505668934240428,1,1,ok
1,core_support_100,support,studio_M1,30.0,core,union of active frame supports,100.0,200.0,excluded from core FINAL,27.505668934240333,1,1,ok
1,core_support_100,support,phone_M1,31.0,core,union of active frame supports,100.0,200.0,excluded from core FINAL,7.500000000000062,1,1,ok
1,core_support_100,support,studio_F1,31.0,core,union of active frame supports,100.0,200.0,excluded from core FINAL,7.505668934240428,1,1,ok
1,core_support_100,support,studio_M1,31.0,core,union of active frame supports,100.0,200.0,excluded from core FINAL,27.505668934240333,1,1,ok
1,core_support_100,support,phone_M1,32.0,core,union of active frame supports,100.0,200.0,excluded from core FINAL,7.500000000000062,1,1,ok
1,core_support_100,support,studio_F1,32.0,core,union of active frame supports,100.0,200.0,excluded from core FINAL,7.505668934240428,1,1,ok
1,core_support_100,support,studio_M1,32.0,core,union of active frame supports,100.0,200.0,excluded from core FINAL,27.505668934240333,1,1,ok
1,core_support_100,support,phone_M1,33.0,core,union of active frame supports,100.0,200.0,excluded from core FINAL,7.500000000000062,1,1,ok
1,core_support_100,support,studio_F1,33.0,core,union of active frame supports,100.0,200.0,excluded from core FINAL,7.505668934240428,1,1,ok
1,core_support_100,support,studio_M1,33.0,core,union of active frame supports,100.0,200.0,excluded from core FINAL,27.505668934240333,1,1,ok
1,core_support_100,support,phone_M1,34.0,core,union of active frame supports,100.0,200.0,excluded from core FINAL,7.500000000000062,1,1,ok
1,core_support_100,support,studio_F1,34.0,core,union of active frame supports,100.0,200.0,excluded from core FINAL,7.505668934240428,1,1,ok
1,core_support_100,support,studio_M1,34.0,core,union of active frame supports,100.0,200.0,excluded from core FINAL,27.505668934240333,1,1,ok
1,core_support_100,support,phone_M1,35.0,core,union of active frame supports,100.0,200.0,excluded from core FINAL,7.500000000000062,1,1,ok
1,core_support_100,support,studio_F1,35.0,core,union of active frame supports,100.0,200.0,excluded from core FINAL,7.505668934240428,1,1,ok
1,core_support_100,support,studio_M1,35.0,core,union of active frame supports,100.0,200.0,excluded from core FINAL,27.505668934240333,1,1,ok
1,core_support_100,support,phone_M1,36.0,core,union of active frame supports,100.0,200.0,excluded from core FINAL,7.500000000000062,1,1,ok
1,core_support_100,support,studio_F1,36.0,core,union of active frame supports,100.0,200.0,excluded from core FINAL,7.505668934240428,1,1,ok
1,core_support_100,support,studio_M1,36.0,core,union of active frame supports,100.0,200.0,excluded from core FINAL,27.505668934240333,1,1,ok
1,core_support_100,support,phone_M1,37.0,core,union of active frame supports,100.0,200.0,excluded from core FINAL,7.500000000000062,1,1,ok
1,core_support_100,support,studio_F1,37.0,core,union of active frame supports,100.0,200.0,excluded from core FINAL,7.494331065759696,1,1,ok
1,core_support_100,support,studio_M1,37.0,core,union of active frame supports,100.0,200.0,excluded from core FINAL,27.505668934240333,1,1,ok
1,core_support_100,support,phone_M1,38.0,core,union of active frame supports,100.0,200.0,excluded from core FINAL,7.500000000000062,1,1,ok
1,core_support_100,support,studio_F1,38.0,core,union of active frame supports,100.0,200.0,excluded from core FINAL,7.494331065759696,1,1,ok
1,core_support_100,support,studio_M1,38.0,core,union of active frame supports,100.0,200.0,excluded from core FINAL,27.505668934240333,1,1,ok
1,core_support_100,support,phone_M1,39.0,core,union of active frame supports,100.0,200.0,excluded from core FINAL,7.500000000000062,1,1,ok
1,core_support_100,support,studio_F1,39.0,core,union of active frame supports,100.0,200.0,excluded from core FINAL,7.494331065759696,1,1,ok
1,core_support_100,support,studio_M1,39.0,core,union of active frame supports,100.0,200.0,excluded from core FINAL,27.505668934240333,1,1,ok
1,core_support_100,support,phone_M1,40.0,core,union of active frame supports,100.0,200.0,excluded from core FINAL,7.500000000000062,1,1,ok
1,core_support_100,support,studio_F1,40.0,core,union of active frame supports,100.0,200.0,excluded from core FINAL,7.494331065759696,1,1,ok
1,core_support_100,support,studio_M1,40.0,core,union of active frame supports,100.0,200.0,excluded from core FINAL,27.505668934240333,1,1,ok
1,core_support_100,support,phone_M1,41.0,core,union of active frame supports,100.0,200.0,excluded from core FINAL,7.500000000000062,1,1,ok
1,core_support_100,support,studio_F1,41.0,core,union of active frame supports,100.0,200.0,excluded from core FINAL,7.494331065759696,1,1,ok
1,core_support_100,support,studio_M1,41.0,core,union of active frame supports,100.0,200.0,excluded from core FINAL,27.505668934240333,1,1,ok
1,core_support_100,support,phone_M1,42.0,core,union of active frame supports,100.0,200.0,excluded from core FINAL,7.500000000000062,1,1,ok
1,core_support_100,support,studio_F1,42.0,core,union of active frame supports,100.0,200.0,excluded from core FINAL,7.494331065759696,1,1,ok
1,core_support_100,support,studio_M1,42.0,core,union of active frame supports,100.0,200.0,excluded from core FINAL,27.505668934240333,1,1,ok
1,core_support_100,support,phone_M1,43.0,core,union of active frame supports,100.0,200.0,excluded from core FINAL,7.500000000000062,1,1,ok
1,core_support_100,support,studio_F1,43.0,core,union of active frame supports,100.0,200.0,excluded from core FINAL,7.494331065759696,1,1,ok
1,core_support_100,support,studio_M1,43.0,core,union of active frame supports,100.0,200.0,excluded from core FINAL,27.505668934240333,1,1,ok
1,core_support_100,support,phone_M1,44.0,core,union of active frame supports,100.0,200.0,excluded from core FINAL,7.500000000000062,1,1,ok
1,core_support_100,support,studio_F1,44.0,core,union of active frame supports,100.0,200.0,excluded from core FINAL,7.494331065759696,1,1,ok
1,core_support_100,support,studio_M1,44.0,core,union of active frame supports,100.0,200.0,excluded from core FINAL,27.505668934240333,1,1,ok
1,core_support_100,support,phone_M1,45.0,core,union of active frame supports,100.0,200.0,excluded from core FINAL,7.500000000000062,1,1,ok
1,core_support_100,support,studio_F1,45.0,core,union of active frame supports,100.0,200.0,excluded from core FINAL,7.494331065759696,1,1,ok
1,core_support_100,support,studio_M1,45.0,core,union of active frame supports,100.0,200.0,excluded from core FINAL,27.505668934240333,1,1,ok
1,core_support_100,support,phone_M1,46.0,core,union of active frame supports,100.0,200.0,excluded from core FINAL,7.500000000000062,1,1,ok
1,core_support_100,support,studio_F1,46.0,core,union of active frame supports,100.0,200.0,excluded from core FINAL,7.494331065759696,1,1,ok
1,core_support_100,support,studio_M1,46.0,core,union of active frame supports,100.0,200.0,excluded from core FINAL,27.505668934240333,1,1,ok
1,core_support_100,support,phone_M1,47.0,core,union of active frame supports,100.0,200.0,excluded from core FINAL,7.500000000000062,1,1,ok
1,core_support_100,support,studio_F1,47.0,core,union of active frame supports,100.0,200.0,excluded from core FINAL,7.494331065759696,1,1,ok
1,core_support_100,support,studio_M1,47.0,core,union of active frame supports,100.0,200.0,excluded from core FINAL,27.505668934240333,1,1,ok
1,core_support_100,support,phone_M1,48.0,core,union of active frame supports,100.0,200.0,excluded from core FINAL,7.500000000000062,1,1,ok
1,core_support_100,support,studio_F1,48.0,core,union of active frame supports,100.0,200.0,excluded from core FINAL,7.494331065759696,1,1,ok
1,core_support_100,support,studio_M1,48.0,core,union of active frame supports,100.0,200.0,excluded from core FINAL,27.505668934240333,1,1,ok
1,core_support_100,support,phone_M1,49.0,core,union of active frame supports,100.0,200.0,excluded from core FINAL,7.500000000000062,1,1,ok
1,core_support_100,support,studio_F1,49.0,core,union of active frame supports,100.0,200.0,excluded from core FINAL,7.494331065759696,1,1,ok
1,core_support_100,support,studio_M1,49.0,core,union of active frame supports,100.0,200.0,excluded from core FINAL,27.505668934240333,1,1,ok
1,core_support_100,support,phone_M1,50.0,core,union of active frame supports,100.0,200.0,excluded from core FINAL,7.500000000000062,1,1,ok
1,core_support_100,support,studio_F1,50.0,core,union of active frame supports,100.0,200.0,excluded from core FINAL,7.494331065759696,1,1,ok
1,core_support_100,support,studio_M1,50.0,core,union of active frame supports,100.0,200.0,excluded from core FINAL,27.505668934240333,1,1,ok
1,enhanced_support_100,support,phone_M1,1.0,enhanced,union of active frame supports,100.0,200.0,candidate diagnostics only,12.499999999999956,1,1,ok
1,enhanced_support_100,support,studio_F1,1.0,enhanced,union of active frame supports,100.0,200.0,candidate diagnostics only,17.494331065759596,1,1,ok
1,enhanced_support_100,support,studio_M1,1.0,enhanced,union of active frame supports,100.0,200.0,candidate diagnostics only,22.49433106575971,1,1,ok
1,enhanced_support_100,support,phone_M1,2.0,enhanced,union of active frame supports,100.0,200.0,candidate diagnostics only,12.499999999999956,1,1,ok
1,enhanced_support_100,support,studio_F1,2.0,enhanced,union of active frame supports,100.0,200.0,candidate diagnostics only,17.494331065759596,1,1,ok
1,enhanced_support_100,support,studio_M1,2.0,enhanced,union of active frame supports,100.0,200.0,candidate diagnostics only,22.49433106575971,1,1,ok
1,enhanced_support_100,support,phone_M1,3.0,enhanced,union of active frame supports,100.0,200.0,candidate diagnostics only,12.499999999999956,1,1,ok
1,enhanced_support_100,support,studio_F1,3.0,enhanced,union of active frame supports,100.0,200.0,candidate diagnostics only,17.494331065759596,1,1,ok
1,enhanced_support_100,support,studio_M1,3.0,enhanced,union of active frame supports,100.0,200.0,candidate diagnostics only,22.49433106575971,1,1,ok
1,enhanced_support_100,support,phone_M1,4.0,enhanced,union of active frame supports,100.0,200.0,candidate diagnostics only,12.499999999999956,1,1,ok
1,enhanced_support_100,support,studio_F1,4.0,enhanced,union of active frame supports,100.0,200.0,candidate diagnostics only,17.494331065759596,1,1,ok
1,enhanced_support_100,support,studio_M1,4.0,enhanced,union of active frame supports,100.0,200.0,candidate diagnostics only,22.49433106575971,1,1,ok
1,enhanced_support_100,support,phone_M1,5.0,enhanced,union of active frame supports,100.0,200.0,candidate diagnostics only,12.499999999999956,1,1,ok
1,enhanced_support_100,support,studio_F1,5.0,enhanced,union of active frame supports,100.0,200.0,candidate diagnostics only,17.494331065759596,1,1,ok
1,enhanced_support_100,support,studio_M1,5.0,enhanced,union of active frame supports,100.0,200.0,candidate diagnostics only,22.49433106575971,1,1,ok
1,enhanced_support_100,support,phone_M1,6.0,enhanced,union of active frame supports,100.0,200.0,candidate diagnostics only,12.499999999999956,1,1,ok
1,enhanced_support_100,support,studio_F1,6.0,enhanced,union of active frame supports,100.0,200.0,candidate diagnostics only,17.494331065759596,1,1,ok
1,enhanced_support_100,support,studio_M1,6.0,enhanced,union of active frame supports,100.0,200.0,candidate diagnostics only,22.49433106575971,1,1,ok
1,enhanced_support_100,support,phone_M1,7.0,enhanced,union of active frame supports,100.0,200.0,candidate diagnostics only,12.499999999999956,1,1,ok
1,enhanced_support_100,support,studio_F1,7.0,enhanced,union of active frame supports,100.0,200.0,candidate diagnostics only,17.494331065759596,1,1,ok
1,enhanced_support_100,support,studio_M1,7.0,enhanced,union of active frame supports,100.0,200.0,candidate diagnostics only,22.49433106575971,1,1,ok
1,enhanced_support_100,support,phone_M1,8.0,enhanced,union of active frame supports,100.0,200.0,candidate diagnostics only,12.499999999999956,1,1,ok
1,enhanced_support_100,support,studio_F1,8.0,enhanced,union of active frame supports,100.0,200.0,candidate diagnostics only,17.494331065759596,1,1,ok
1,enhanced_support_100,support,studio_M1,8.0,enhanced,union of active frame supports,100.0,200.0,candidate diagnostics only,22.49433106575971,1,1,ok
1,enhanced_support_100,support,phone_M1,9.0,enhanced,union of active frame supports,100.0,200.0,candidate diagnostics only,12.499999999999956,1,1,ok
1,enhanced_support_100,support,studio_F1,9.0,enhanced,union of active frame supports,100.0,200.0,candidate diagnostics only,17.494331065759596,1,1,ok
1,enhanced_support_100,support,studio_M1,9.0,enhanced,union of active frame supports,100.0,200.0,candidate diagnostics only,22.49433106575971,1,1,ok
1,enhanced_support_100,support,phone_M1,10.0,enhanced,union of active frame supports,100.0,200.0,candidate diagnostics only,12.499999999999956,1,1,ok
1,enhanced_support_100,support,studio_F1,10.0,enhanced,union of active frame supports,100.0,200.0,candidate diagnostics only,17.494331065759596,1,1,ok
1,enhanced_support_100,support,studio_M1,10.0,enhanced,union of active frame supports,100.0,200.0,candidate diagnostics only,22.49433106575971,1,1,ok
1,enhanced_support_100,support,phone_M1,11.0,enhanced,union of active frame supports,100.0,200.0,candidate diagnostics only,12.499999999999956,1,1,ok
1,enhanced_support_100,support,studio_F1,11.0,enhanced,union of active frame supports,100.0,200.0,candidate diagnostics only,17.494331065759596,1,1,ok
1,enhanced_support_100,support,studio_M1,11.0,enhanced,union of active frame supports,100.0,200.0,candidate diagnostics only,22.49433106575971,1,1,ok
1,enhanced_support_100,support,phone_M1,12.0,enhanced,union of active frame supports,100.0,200.0,candidate diagnostics only,12.499999999999956,1,1,ok
1,enhanced_support_100,support,studio_F1,12.0,enhanced,union of active frame supports,100.0,200.0,candidate diagnostics only,17.494331065759596,1,1,ok
1,enhanced_support_100,support,studio_M1,12.0,enhanced,union of active frame supports,100.0,200.0,candidate diagnostics only,22.49433106575971,1,1,ok
1,enhanced_support_100,support,phone_M1,13.0,enhanced,union of active frame supports,100.0,200.0,candidate diagnostics only,12.499999999999956,1,1,ok
1,enhanced_support_100,support,studio_F1,13.0,enhanced,union of active frame supports,100.0,200.0,candidate diagnostics only,17.494331065759596,1,1,ok
1,enhanced_support_100,support,studio_M1,13.0,enhanced,union of active frame supports,100.0,200.0,candidate diagnostics only,22.49433106575971,1,1,ok
1,enhanced_support_100,support,phone_M1,14.0,enhanced,union of active frame supports,100.0,200.0,candidate diagnostics only,12.499999999999956,1,1,ok
1,enhanced_support_100,support,studio_F1,14.0,enhanced,union of active frame supports,100.0,200.0,candidate diagnostics only,17.494331065759596,1,1,ok
1,enhanced_support_100,support,studio_M1,14.0,enhanced,union of active frame supports,100.0,200.0,candidate diagnostics only,22.49433106575971,1,1,ok
1,enhanced_support_100,support,phone_M1,15.0,enhanced,union of active frame supports,100.0,200.0,candidate diagnostics only,12.499999999999956,1,1,ok
1,enhanced_support_100,support,studio_F1,15.0,enhanced,union of active frame supports,100.0,200.0,candidate diagnostics only,17.494331065759596,1,1,ok
1,enhanced_support_100,support,studio_M1,15.0,enhanced,union of active frame supports,100.0,200.0,candidate diagnostics only,22.49433106575971,1,1,ok
1,enhanced_support_100,support,phone_M1,16.0,enhanced,union of active frame supports,100.0,200.0,candidate diagnostics only,12.499999999999956,1,1,ok
1,enhanced_support_100,support,studio_F1,16.0,enhanced,union of active frame supports,100.0,200.0,candidate diagnostics only,17.494331065759596,1,1,ok
1,enhanced_support_100,support,studio_M1,16.0,enhanced,union of active frame supports,100.0,200.0,candidate diagnostics only,22.49433106575971,1,1,ok
1,enhanced_support_100,support,phone_M1,17.0,enhanced,union of active frame supports,100.0,200.0,candidate diagnostics only,12.499999999999956,1,1,ok
1,enhanced_support_100,support,studio_F1,17.0,enhanced,union of active frame supports,100.0,200.0,candidate diagnostics only,17.494331065759596,1,1,ok
1,enhanced_support_100,support,studio_M1,17.0,enhanced,union of active frame supports,100.0,200.0,candidate diagnostics only,22.49433106575971,1,1,ok
1,enhanced_support_100,support,phone_M1,18.0,enhanced,union of active frame supports,100.0,200.0,candidate diagnostics only,12.499999999999956,1,1,ok
1,enhanced_support_100,support,studio_F1,18.0,enhanced,union of active frame supports,100.0,200.0,candidate diagnostics only,17.494331065759596,1,1,ok
1,enhanced_support_100,support,studio_M1,18.0,enhanced,union of active frame supports,100.0,200.0,candidate diagnostics only,22.49433106575971,1,1,ok
1,enhanced_support_100,support,phone_M1,19.0,enhanced,union of active frame supports,100.0,200.0,candidate diagnostics only,12.499999999999956,1,1,ok
1,enhanced_support_100,support,studio_F1,19.0,enhanced,union of active frame supports,100.0,200.0,candidate diagnostics only,17.494331065759596,1,1,ok
1,enhanced_support_100,support,studio_M1,19.0,enhanced,union of active frame supports,100.0,200.0,candidate diagnostics only,22.49433106575971,1,1,ok
1,enhanced_support_100,support,phone_M1,20.0,enhanced,union of active frame supports,100.0,200.0,candidate diagnostics only,12.499999999999956,1,1,ok
1,enhanced_support_100,support,studio_F1,20.0,enhanced,union of active frame supports,100.0,200.0,candidate diagnostics only,17.494331065759596,1,1,ok
1,enhanced_support_100,support,studio_M1,20.0,enhanced,union of active frame supports,100.0,200.0,candidate diagnostics only,22.49433106575971,1,1,ok
1,enhanced_support_100,support,phone_M1,21.0,enhanced,union of active frame supports,100.0,200.0,candidate diagnostics only,12.499999999999956,1,1,ok
1,enhanced_support_100,support,studio_F1,21.0,enhanced,union of active frame supports,100.0,200.0,candidate diagnostics only,17.494331065759596,1,1,ok
1,enhanced_support_100,support,studio_M1,21.0,enhanced,union of active frame supports,100.0,200.0,candidate diagnostics only,22.49433106575971,1,1,ok
1,enhanced_support_100,support,phone_M1,22.0,enhanced,union of active frame supports,100.0,200.0,candidate diagnostics only,12.499999999999956,1,1,ok
1,enhanced_support_100,support,studio_F1,22.0,enhanced,union of active frame supports,100.0,200.0,candidate diagnostics only,17.494331065759596,1,1,ok
1,enhanced_support_100,support,studio_M1,22.0,enhanced,union of active frame supports,100.0,200.0,candidate diagnostics only,22.49433106575971,1,1,ok
1,enhanced_support_100,support,phone_M1,23.0,enhanced,union of active frame supports,100.0,200.0,candidate diagnostics only,12.499999999999956,1,1,ok
1,enhanced_support_100,support,studio_F1,23.0,enhanced,union of active frame supports,100.0,200.0,candidate diagnostics only,17.494331065759596,1,1,ok
1,enhanced_support_100,support,studio_M1,23.0,enhanced,union of active frame supports,100.0,200.0,candidate diagnostics only,22.49433106575971,1,1,ok
1,enhanced_support_100,support,phone_M1,24.0,enhanced,union of active frame supports,100.0,200.0,candidate diagnostics only,12.499999999999956,1,1,ok
1,enhanced_support_100,support,studio_F1,24.0,enhanced,union of active frame supports,100.0,200.0,candidate diagnostics only,17.494331065759596,1,1,ok
1,enhanced_support_100,support,studio_M1,24.0,enhanced,union of active frame supports,100.0,200.0,candidate diagnostics only,22.49433106575971,1,1,ok
1,enhanced_support_100,support,phone_M1,25.0,enhanced,union of active frame supports,100.0,200.0,candidate diagnostics only,12.499999999999956,1,1,ok
1,enhanced_support_100,support,studio_F1,25.0,enhanced,union of active frame supports,100.0,200.0,candidate diagnostics only,17.494331065759596,1,1,ok
1,enhanced_support_100,support,studio_M1,25.0,enhanced,union of active frame supports,100.0,200.0,candidate diagnostics only,22.49433106575971,1,1,ok
1,enhanced_support_100,support,phone_M1,26.0,enhanced,union of active frame supports,100.0,200.0,candidate diagnostics only,12.499999999999956,1,1,ok
1,enhanced_support_100,support,studio_F1,26.0,enhanced,union of active frame supports,100.0,200.0,candidate diagnostics only,17.494331065759596,1,1,ok
1,enhanced_support_100,support,studio_M1,26.0,enhanced,union of active frame supports,100.0,200.0,candidate diagnostics only,22.49433106575971,1,1,ok
1,enhanced_support_100,support,phone_M1,27.0,enhanced,union of active frame supports,100.0,200.0,candidate diagnostics only,12.499999999999956,1,1,ok
1,enhanced_support_100,support,studio_F1,27.0,enhanced,union of active frame supports,100.0,200.0,candidate diagnostics only,17.494331065759596,1,1,ok
1,enhanced_support_100,support,studio_M1,27.0,enhanced,union of active frame supports,100.0,200.0,candidate diagnostics only,22.49433106575971,1,1,ok
1,enhanced_support_100,support,phone_M1,28.0,enhanced,union of active frame supports,100.0,200.0,candidate diagnostics only,12.499999999999956,1,1,ok
1,enhanced_support_100,support,studio_F1,28.0,enhanced,union of active frame supports,100.0,200.0,candidate diagnostics only,17.494331065759596,1,1,ok
1,enhanced_support_100,support,studio_M1,28.0,enhanced,union of active frame supports,100.0,200.0,candidate diagnostics only,22.49433106575971,1,1,ok
1,enhanced_support_100,support,phone_M1,29.0,enhanced,union of active frame supports,100.0,200.0,candidate diagnostics only,12.499999999999956,1,1,ok
1,enhanced_support_100,support,studio_F1,29.0,enhanced,union of active frame supports,100.0,200.0,candidate diagnostics only,17.494331065759596,1,1,ok
1,enhanced_support_100,support,studio_M1,29.0,enhanced,union of active frame supports,100.0,200.0,candidate diagnostics only,22.49433106575971,1,1,ok
1,enhanced_support_100,support,phone_M1,30.0,enhanced,union of active frame supports,100.0,200.0,candidate diagnostics only,12.499999999999956,1,1,ok
1,enhanced_support_100,support,studio_F1,30.0,enhanced,union of active frame supports,100.0,200.0,candidate diagnostics only,17.494331065759596,1,1,ok
1,enhanced_support_100,support,studio_M1,30.0,enhanced,union of active frame supports,100.0,200.0,candidate diagnostics only,22.49433106575971,1,1,ok
1,enhanced_support_100,support,phone_M1,31.0,enhanced,union of active frame supports,100.0,200.0,candidate diagnostics only,12.499999999999956,1,1,ok
1,enhanced_support_100,support,studio_F1,31.0,enhanced,union of active frame supports,100.0,200.0,candidate diagnostics only,17.494331065759596,1,1,ok
1,enhanced_support_100,support,studio_M1,31.0,enhanced,union of active frame supports,100.0,200.0,candidate diagnostics only,22.49433106575971,1,1,ok
1,enhanced_support_100,support,phone_M1,32.0,enhanced,union of active frame supports,100.0,200.0,candidate diagnostics only,12.499999999999956,1,1,ok
1,enhanced_support_100,support,studio_F1,32.0,enhanced,union of active frame supports,100.0,200.0,candidate diagnostics only,17.494331065759596,1,1,ok
1,enhanced_support_100,support,studio_M1,32.0,enhanced,union of active frame supports,100.0,200.0,candidate diagnostics only,22.49433106575971,1,1,ok
1,enhanced_support_100,support,phone_M1,33.0,enhanced,union of active frame supports,100.0,200.0,candidate diagnostics only,12.499999999999956,1,1,ok
1,enhanced_support_100,support,studio_F1,33.0,enhanced,union of active frame supports,100.0,200.0,candidate diagnostics only,17.494331065759596,1,1,ok
1,enhanced_support_100,support,studio_M1,33.0,enhanced,union of active frame supports,100.0,200.0,candidate diagnostics only,22.49433106575971,1,1,ok
1,enhanced_support_100,support,phone_M1,34.0,enhanced,union of active frame supports,100.0,200.0,candidate diagnostics only,12.499999999999956,1,1,ok
1,enhanced_support_100,support,studio_F1,34.0,enhanced,union of active frame supports,100.0,200.0,candidate diagnostics only,17.494331065759596,1,1,ok
1,enhanced_support_100,support,studio_M1,34.0,enhanced,union of active frame supports,100.0,200.0,candidate diagnostics only,22.49433106575971,1,1,ok
1,enhanced_support_100,support,phone_M1,35.0,enhanced,union of active frame supports,100.0,200.0,candidate diagnostics only,12.499999999999956,1,1,ok
1,enhanced_support_100,support,studio_F1,35.0,enhanced,union of active frame supports,100.0,200.0,candidate diagnostics only,17.494331065759596,1,1,ok
1,enhanced_support_100,support,studio_M1,35.0,enhanced,union of active frame supports,100.0,200.0,candidate diagnostics only,22.49433106575971,1,1,ok
1,enhanced_support_100,support,phone_M1,36.0,enhanced,union of active frame supports,100.0,200.0,candidate diagnostics only,12.499999999999956,1,1,ok
1,enhanced_support_100,support,studio_F1,36.0,enhanced,union of active frame supports,100.0,200.0,candidate diagnostics only,17.494331065759596,1,1,ok
1,enhanced_support_100,support,studio_M1,36.0,enhanced,union of active frame supports,100.0,200.0,candidate diagnostics only,22.49433106575971,1,1,ok
1,enhanced_support_100,support,phone_M1,37.0,enhanced,union of active frame supports,100.0,200.0,candidate diagnostics only,12.499999999999956,1,1,ok
1,enhanced_support_100,support,studio_F1,37.0,enhanced,union of active frame supports,100.0,200.0,candidate diagnostics only,17.494331065759596,1,1,ok
1,enhanced_support_100,support,studio_M1,37.0,enhanced,union of active frame supports,100.0,200.0,candidate diagnostics only,22.49433106575971,1,1,ok
1,enhanced_support_100,support,phone_M1,38.0,enhanced,union of active frame supports,100.0,200.0,candidate diagnostics only,12.499999999999956,1,1,ok
1,enhanced_support_100,support,studio_F1,38.0,enhanced,union of active frame supports,100.0,200.0,candidate diagnostics only,17.494331065759596,1,1,ok
1,enhanced_support_100,support,studio_M1,38.0,enhanced,union of active frame supports,100.0,200.0,candidate diagnostics only,22.49433106575971,1,1,ok
1,enhanced_support_100,support,phone_M1,39.0,enhanced,union of active frame supports,100.0,200.0,candidate diagnostics only,12.499999999999956,1,1,ok
1,enhanced_support_100,support,studio_F1,39.0,enhanced,union of active frame supports,100.0,200.0,candidate diagnostics only,17.494331065759596,1,1,ok
1,enhanced_support_100,support,studio_M1,39.0,enhanced,union of active frame supports,100.0,200.0,candidate diagnostics only,22.49433106575971,1,1,ok
1,enhanced_support_100,support,phone_M1,40.0,enhanced,union of active frame supports,100.0,200.0,candidate diagnostics only,12.499999999999956,1,1,ok
1,enhanced_support_100,support,studio_F1,40.0,enhanced,union of active frame supports,100.0,200.0,candidate diagnostics only,17.494331065759596,1,1,ok
1,enhanced_support_100,support,studio_M1,40.0,enhanced,union of active frame supports,100.0,200.0,candidate diagnostics only,22.49433106575971,1,1,ok
1,enhanced_support_100,support,phone_M1,41.0,enhanced,union of active frame supports,100.0,200.0,candidate diagnostics only,12.499999999999956,1,1,ok
1,enhanced_support_100,support,studio_F1,41.0,enhanced,union of active frame supports,100.0,200.0,candidate diagnostics only,17.494331065759596,1,1,ok
1,enhanced_support_100,support,studio_M1,41.0,enhanced,union of active frame supports,100.0,200.0,candidate diagnostics only,22.49433106575971,1,1,ok
1,enhanced_support_100,support,phone_M1,42.0,enhanced,union of active frame supports,100.0,200.0,candidate diagnostics only,12.499999999999956,1,1,ok
1,enhanced_support_100,support,studio_F1,42.0,enhanced,union of active frame supports,100.0,200.0,candidate diagnostics only,17.494331065759596,1,1,ok
1,enhanced_support_100,support,studio_M1,42.0,enhanced,union of active frame supports,100.0,200.0,candidate diagnostics only,22.49433106575971,1,1,ok
1,enhanced_support_100,support,phone_M1,43.0,enhanced,union of active frame supports,100.0,200.0,candidate diagnostics only,12.499999999999956,1,1,ok
1,enhanced_support_100,support,studio_F1,43.0,enhanced,union of active frame supports,100.0,200.0,candidate diagnostics only,17.494331065759596,1,1,ok
1,enhanced_support_100,support,studio_M1,43.0,enhanced,union of active frame supports,100.0,200.0,candidate diagnostics only,22.49433106575971,1,1,ok
1,enhanced_support_100,support,phone_M1,44.0,enhanced,union of active frame supports,100.0,200.0,candidate diagnostics only,12.499999999999956,1,1,ok
1,enhanced_support_100,support,studio_F1,44.0,enhanced,union of active frame supports,100.0,200.0,candidate diagnostics only,17.494331065759596,1,1,ok
1,enhanced_support_100,support,studio_M1,44.0,enhanced,union of active frame supports,100.0,200.0,candidate diagnostics only,22.49433106575971,1,1,ok
1,enhanced_support_100,support,phone_M1,45.0,enhanced,union of active frame supports,100.0,200.0,candidate diagnostics only,12.499999999999956,1,1,ok
1,enhanced_support_100,support,studio_F1,45.0,enhanced,union of active frame supports,100.0,200.0,candidate diagnostics only,17.494331065759596,1,1,ok
1,enhanced_support_100,support,studio_M1,45.0,enhanced,union of active frame supports,100.0,200.0,candidate diagnostics only,22.49433106575971,1,1,ok
1,enhanced_support_100,support,phone_M1,46.0,enhanced,union of active frame supports,100.0,200.0,candidate diagnostics only,12.499999999999956,1,1,ok
1,enhanced_support_100,support,studio_F1,46.0,enhanced,union of active frame supports,100.0,200.0,candidate diagnostics only,17.494331065759596,1,1,ok
1,enhanced_support_100,support,studio_M1,46.0,enhanced,union of active frame supports,100.0,200.0,candidate diagnostics only,22.49433106575971,1,1,ok
1,enhanced_support_100,support,phone_M1,47.0,enhanced,union of active frame supports,100.0,200.0,candidate diagnostics only,12.499999999999956,1,1,ok
1,enhanced_support_100,support,studio_F1,47.0,enhanced,union of active frame supports,100.0,200.0,candidate diagnostics only,17.494331065759596,1,1,ok
1,enhanced_support_100,support,studio_M1,47.0,enhanced,union of active frame supports,100.0,200.0,candidate diagnostics only,22.49433106575971,1,1,ok
1,enhanced_support_100,support,phone_M1,48.0,enhanced,union of active frame supports,100.0,200.0,candidate diagnostics only,12.499999999999956,1,1,ok
1,enhanced_support_100,support,studio_F1,48.0,enhanced,union of active frame supports,100.0,200.0,candidate diagnostics only,17.494331065759596,1,1,ok
1,enhanced_support_100,support,studio_M1,48.0,enhanced,union of active frame supports,100.0,200.0,candidate diagnostics only,22.49433106575971,1,1,ok
1,enhanced_support_100,support,phone_M1,49.0,enhanced,union of active frame supports,100.0,200.0,candidate diagnostics only,12.499999999999956,1,1,ok
1,enhanced_support_100,support,studio_F1,49.0,enhanced,union of active frame supports,100.0,200.0,candidate diagnostics only,17.494331065759596,1,1,ok
1,enhanced_support_100,support,studio_M1,49.0,enhanced,union of active frame supports,100.0,200.0,candidate diagnostics only,22.49433106575971,1,1,ok
1,enhanced_support_100,support,phone_M1,50.0,enhanced,union of active frame supports,100.0,200.0,candidate diagnostics only,12.499999999999956,1,1,ok
1,enhanced_support_100,support,studio_F1,50.0,enhanced,union of active frame supports,100.0,200.0,candidate diagnostics only,17.494331065759596,1,1,ok
1,enhanced_support_100,support,studio_M1,50.0,enhanced,union of active frame supports,100.0,200.0,candidate diagnostics only,22.49433106575971,1,1,ok
1,enhanced_cells_100,cells,phone_M1,1.0,enhanced,nearest-frame centered decision cells,100.0,200.0,candidate diagnostics only,12.500000000000039,1,1,ok
1,enhanced_cells_100,cells,studio_F1,1.0,enhanced,nearest-frame centered decision cells,100.0,200.0,candidate diagnostics only,10.000000000000009,1,1,ok
1,enhanced_cells_100,cells,studio_M1,1.0,enhanced,nearest-frame centered decision cells,100.0,200.0,candidate diagnostics only,24.999999999999915,1,1,ok
1,enhanced_cells_100,cells,phone_M1,2.0,enhanced,nearest-frame centered decision cells,100.0,200.0,candidate diagnostics only,12.500000000000039,1,1,ok
1,enhanced_cells_100,cells,studio_F1,2.0,enhanced,nearest-frame centered decision cells,100.0,200.0,candidate diagnostics only,10.000000000000009,1,1,ok
1,enhanced_cells_100,cells,studio_M1,2.0,enhanced,nearest-frame centered decision cells,100.0,200.0,candidate diagnostics only,24.999999999999915,1,1,ok
1,enhanced_cells_100,cells,phone_M1,3.0,enhanced,nearest-frame centered decision cells,100.0,200.0,candidate diagnostics only,12.500000000000039,1,1,ok
1,enhanced_cells_100,cells,studio_F1,3.0,enhanced,nearest-frame centered decision cells,100.0,200.0,candidate diagnostics only,10.000000000000009,1,1,ok
1,enhanced_cells_100,cells,studio_M1,3.0,enhanced,nearest-frame centered decision cells,100.0,200.0,candidate diagnostics only,24.999999999999915,1,1,ok
1,enhanced_cells_100,cells,phone_M1,4.0,enhanced,nearest-frame centered decision cells,100.0,200.0,candidate diagnostics only,12.500000000000039,1,1,ok
1,enhanced_cells_100,cells,studio_F1,4.0,enhanced,nearest-frame centered decision cells,100.0,200.0,candidate diagnostics only,10.000000000000009,1,1,ok
1,enhanced_cells_100,cells,studio_M1,4.0,enhanced,nearest-frame centered decision cells,100.0,200.0,candidate diagnostics only,24.999999999999915,1,1,ok
1,enhanced_cells_100,cells,phone_M1,5.0,enhanced,nearest-frame centered decision cells,100.0,200.0,candidate diagnostics only,12.500000000000039,1,1,ok
1,enhanced_cells_100,cells,studio_F1,5.0,enhanced,nearest-frame centered decision cells,100.0,200.0,candidate diagnostics only,10.000000000000009,1,1,ok
1,enhanced_cells_100,cells,studio_M1,5.0,enhanced,nearest-frame centered decision cells,100.0,200.0,candidate diagnostics only,24.999999999999915,1,1,ok
1,enhanced_cells_100,cells,phone_M1,6.0,enhanced,nearest-frame centered decision cells,100.0,200.0,candidate diagnostics only,12.500000000000039,1,1,ok
1,enhanced_cells_100,cells,studio_F1,6.0,enhanced,nearest-frame centered decision cells,100.0,200.0,candidate diagnostics only,10.000000000000009,1,1,ok
1,enhanced_cells_100,cells,studio_M1,6.0,enhanced,nearest-frame centered decision cells,100.0,200.0,candidate diagnostics only,24.999999999999915,1,1,ok
1,enhanced_cells_100,cells,phone_M1,7.0,enhanced,nearest-frame centered decision cells,100.0,200.0,candidate diagnostics only,12.500000000000039,1,1,ok
1,enhanced_cells_100,cells,studio_F1,7.0,enhanced,nearest-frame centered decision cells,100.0,200.0,candidate diagnostics only,10.000000000000009,1,1,ok
1,enhanced_cells_100,cells,studio_M1,7.0,enhanced,nearest-frame centered decision cells,100.0,200.0,candidate diagnostics only,24.999999999999915,1,1,ok
1,enhanced_cells_100,cells,phone_M1,8.0,enhanced,nearest-frame centered decision cells,100.0,200.0,candidate diagnostics only,12.500000000000039,1,1,ok
1,enhanced_cells_100,cells,studio_F1,8.0,enhanced,nearest-frame centered decision cells,100.0,200.0,candidate diagnostics only,10.000000000000009,1,1,ok
1,enhanced_cells_100,cells,studio_M1,8.0,enhanced,nearest-frame centered decision cells,100.0,200.0,candidate diagnostics only,24.999999999999915,1,1,ok
1,enhanced_cells_100,cells,phone_M1,9.0,enhanced,nearest-frame centered decision cells,100.0,200.0,candidate diagnostics only,12.500000000000039,1,1,ok
1,enhanced_cells_100,cells,studio_F1,9.0,enhanced,nearest-frame centered decision cells,100.0,200.0,candidate diagnostics only,10.000000000000009,1,1,ok
1,enhanced_cells_100,cells,studio_M1,9.0,enhanced,nearest-frame centered decision cells,100.0,200.0,candidate diagnostics only,24.999999999999915,1,1,ok
1,enhanced_cells_100,cells,phone_M1,10.0,enhanced,nearest-frame centered decision cells,100.0,200.0,candidate diagnostics only,12.500000000000039,1,1,ok
1,enhanced_cells_100,cells,studio_F1,10.0,enhanced,nearest-frame centered decision cells,100.0,200.0,candidate diagnostics only,10.000000000000009,1,1,ok
1,enhanced_cells_100,cells,studio_M1,10.0,enhanced,nearest-frame centered decision cells,100.0,200.0,candidate diagnostics only,24.999999999999915,1,1,ok
1,enhanced_cells_100,cells,phone_M1,11.0,enhanced,nearest-frame centered decision cells,100.0,200.0,candidate diagnostics only,12.500000000000039,1,1,ok
1,enhanced_cells_100,cells,studio_F1,11.0,enhanced,nearest-frame centered decision cells,100.0,200.0,candidate diagnostics only,10.000000000000009,1,1,ok
1,enhanced_cells_100,cells,studio_M1,11.0,enhanced,nearest-frame centered decision cells,100.0,200.0,candidate diagnostics only,24.999999999999915,1,1,ok
1,enhanced_cells_100,cells,phone_M1,12.0,enhanced,nearest-frame centered decision cells,100.0,200.0,candidate diagnostics only,12.500000000000039,1,1,ok
1,enhanced_cells_100,cells,studio_F1,12.0,enhanced,nearest-frame centered decision cells,100.0,200.0,candidate diagnostics only,10.000000000000009,1,1,ok
1,enhanced_cells_100,cells,studio_M1,12.0,enhanced,nearest-frame centered decision cells,100.0,200.0,candidate diagnostics only,24.999999999999915,1,1,ok
1,enhanced_cells_100,cells,phone_M1,13.0,enhanced,nearest-frame centered decision cells,100.0,200.0,candidate diagnostics only,12.500000000000039,1,1,ok
1,enhanced_cells_100,cells,studio_F1,13.0,enhanced,nearest-frame centered decision cells,100.0,200.0,candidate diagnostics only,10.000000000000009,1,1,ok
1,enhanced_cells_100,cells,studio_M1,13.0,enhanced,nearest-frame centered decision cells,100.0,200.0,candidate diagnostics only,24.999999999999915,1,1,ok
1,enhanced_cells_100,cells,phone_M1,14.0,enhanced,nearest-frame centered decision cells,100.0,200.0,candidate diagnostics only,12.500000000000039,1,1,ok
1,enhanced_cells_100,cells,studio_F1,14.0,enhanced,nearest-frame centered decision cells,100.0,200.0,candidate diagnostics only,10.000000000000009,1,1,ok
1,enhanced_cells_100,cells,studio_M1,14.0,enhanced,nearest-frame centered decision cells,100.0,200.0,candidate diagnostics only,24.999999999999915,1,1,ok
1,enhanced_cells_100,cells,phone_M1,15.0,enhanced,nearest-frame centered decision cells,100.0,200.0,candidate diagnostics only,12.500000000000039,1,1,ok
1,enhanced_cells_100,cells,studio_F1,15.0,enhanced,nearest-frame centered decision cells,100.0,200.0,candidate diagnostics only,10.000000000000009,1,1,ok
1,enhanced_cells_100,cells,studio_M1,15.0,enhanced,nearest-frame centered decision cells,100.0,200.0,candidate diagnostics only,24.999999999999915,1,1,ok
1,enhanced_cells_100,cells,phone_M1,16.0,enhanced,nearest-frame centered decision cells,100.0,200.0,candidate diagnostics only,12.500000000000039,1,1,ok
1,enhanced_cells_100,cells,studio_F1,16.0,enhanced,nearest-frame centered decision cells,100.0,200.0,candidate diagnostics only,10.000000000000009,1,1,ok
1,enhanced_cells_100,cells,studio_M1,16.0,enhanced,nearest-frame centered decision cells,100.0,200.0,candidate diagnostics only,24.999999999999915,1,1,ok
1,enhanced_cells_100,cells,phone_M1,17.0,enhanced,nearest-frame centered decision cells,100.0,200.0,candidate diagnostics only,12.500000000000039,1,1,ok
1,enhanced_cells_100,cells,studio_F1,17.0,enhanced,nearest-frame centered decision cells,100.0,200.0,candidate diagnostics only,10.000000000000009,1,1,ok
1,enhanced_cells_100,cells,studio_M1,17.0,enhanced,nearest-frame centered decision cells,100.0,200.0,candidate diagnostics only,24.999999999999915,1,1,ok
1,enhanced_cells_100,cells,phone_M1,18.0,enhanced,nearest-frame centered decision cells,100.0,200.0,candidate diagnostics only,12.500000000000039,1,1,ok
1,enhanced_cells_100,cells,studio_F1,18.0,enhanced,nearest-frame centered decision cells,100.0,200.0,candidate diagnostics only,10.000000000000009,1,1,ok
1,enhanced_cells_100,cells,studio_M1,18.0,enhanced,nearest-frame centered decision cells,100.0,200.0,candidate diagnostics only,24.999999999999915,1,1,ok
1,enhanced_cells_100,cells,phone_M1,19.0,enhanced,nearest-frame centered decision cells,100.0,200.0,candidate diagnostics only,12.500000000000039,1,1,ok
1,enhanced_cells_100,cells,studio_F1,19.0,enhanced,nearest-frame centered decision cells,100.0,200.0,candidate diagnostics only,10.000000000000009,1,1,ok
1,enhanced_cells_100,cells,studio_M1,19.0,enhanced,nearest-frame centered decision cells,100.0,200.0,candidate diagnostics only,24.999999999999915,1,1,ok
1,enhanced_cells_100,cells,phone_M1,20.0,enhanced,nearest-frame centered decision cells,100.0,200.0,candidate diagnostics only,12.500000000000039,1,1,ok
1,enhanced_cells_100,cells,studio_F1,20.0,enhanced,nearest-frame centered decision cells,100.0,200.0,candidate diagnostics only,10.000000000000009,1,1,ok
1,enhanced_cells_100,cells,studio_M1,20.0,enhanced,nearest-frame centered decision cells,100.0,200.0,candidate diagnostics only,24.999999999999915,1,1,ok
1,enhanced_cells_100,cells,phone_M1,21.0,enhanced,nearest-frame centered decision cells,100.0,200.0,candidate diagnostics only,12.500000000000039,1,1,ok
1,enhanced_cells_100,cells,studio_F1,21.0,enhanced,nearest-frame centered decision cells,100.0,200.0,candidate diagnostics only,10.000000000000009,1,1,ok
1,enhanced_cells_100,cells,studio_M1,21.0,enhanced,nearest-frame centered decision cells,100.0,200.0,candidate diagnostics only,24.999999999999915,1,1,ok
1,enhanced_cells_100,cells,phone_M1,22.0,enhanced,nearest-frame centered decision cells,100.0,200.0,candidate diagnostics only,12.500000000000039,1,1,ok
1,enhanced_cells_100,cells,studio_F1,22.0,enhanced,nearest-frame centered decision cells,100.0,200.0,candidate diagnostics only,10.000000000000009,1,1,ok
1,enhanced_cells_100,cells,studio_M1,22.0,enhanced,nearest-frame centered decision cells,100.0,200.0,candidate diagnostics only,24.999999999999915,1,1,ok
1,enhanced_cells_100,cells,phone_M1,23.0,enhanced,nearest-frame centered decision cells,100.0,200.0,candidate diagnostics only,12.500000000000039,1,1,ok
1,enhanced_cells_100,cells,studio_F1,23.0,enhanced,nearest-frame centered decision cells,100.0,200.0,candidate diagnostics only,10.000000000000009,1,1,ok
1,enhanced_cells_100,cells,studio_M1,23.0,enhanced,nearest-frame centered decision cells,100.0,200.0,candidate diagnostics only,24.999999999999915,1,1,ok
1,enhanced_cells_100,cells,phone_M1,24.0,enhanced,nearest-frame centered decision cells,100.0,200.0,candidate diagnostics only,12.500000000000039,1,1,ok
1,enhanced_cells_100,cells,studio_F1,24.0,enhanced,nearest-frame centered decision cells,100.0,200.0,candidate diagnostics only,10.000000000000009,1,1,ok
1,enhanced_cells_100,cells,studio_M1,24.0,enhanced,nearest-frame centered decision cells,100.0,200.0,candidate diagnostics only,24.999999999999915,1,1,ok
1,enhanced_cells_100,cells,phone_M1,25.0,enhanced,nearest-frame centered decision cells,100.0,200.0,candidate diagnostics only,12.500000000000039,1,1,ok
1,enhanced_cells_100,cells,studio_F1,25.0,enhanced,nearest-frame centered decision cells,100.0,200.0,candidate diagnostics only,10.000000000000009,1,1,ok
1,enhanced_cells_100,cells,studio_M1,25.0,enhanced,nearest-frame centered decision cells,100.0,200.0,candidate diagnostics only,24.999999999999915,1,1,ok
1,enhanced_cells_100,cells,phone_M1,26.0,enhanced,nearest-frame centered decision cells,100.0,200.0,candidate diagnostics only,12.500000000000039,1,1,ok
1,enhanced_cells_100,cells,studio_F1,26.0,enhanced,nearest-frame centered decision cells,100.0,200.0,candidate diagnostics only,10.000000000000009,1,1,ok
1,enhanced_cells_100,cells,studio_M1,26.0,enhanced,nearest-frame centered decision cells,100.0,200.0,candidate diagnostics only,24.999999999999915,1,1,ok
1,enhanced_cells_100,cells,phone_M1,27.0,enhanced,nearest-frame centered decision cells,100.0,200.0,candidate diagnostics only,12.500000000000039,1,1,ok
1,enhanced_cells_100,cells,studio_F1,27.0,enhanced,nearest-frame centered decision cells,100.0,200.0,candidate diagnostics only,10.000000000000009,1,1,ok
1,enhanced_cells_100,cells,studio_M1,27.0,enhanced,nearest-frame centered decision cells,100.0,200.0,candidate diagnostics only,24.999999999999915,1,1,ok
1,enhanced_cells_100,cells,phone_M1,28.0,enhanced,nearest-frame centered decision cells,100.0,200.0,candidate diagnostics only,12.500000000000039,1,1,ok
1,enhanced_cells_100,cells,studio_F1,28.0,enhanced,nearest-frame centered decision cells,100.0,200.0,candidate diagnostics only,10.000000000000009,1,1,ok
1,enhanced_cells_100,cells,studio_M1,28.0,enhanced,nearest-frame centered decision cells,100.0,200.0,candidate diagnostics only,24.999999999999915,1,1,ok
1,enhanced_cells_100,cells,phone_M1,29.0,enhanced,nearest-frame centered decision cells,100.0,200.0,candidate diagnostics only,12.500000000000039,1,1,ok
1,enhanced_cells_100,cells,studio_F1,29.0,enhanced,nearest-frame centered decision cells,100.0,200.0,candidate diagnostics only,10.000000000000009,1,1,ok
1,enhanced_cells_100,cells,studio_M1,29.0,enhanced,nearest-frame centered decision cells,100.0,200.0,candidate diagnostics only,24.999999999999915,1,1,ok
1,enhanced_cells_100,cells,phone_M1,30.0,enhanced,nearest-frame centered decision cells,100.0,200.0,candidate diagnostics only,12.500000000000039,1,1,ok
1,enhanced_cells_100,cells,studio_F1,30.0,enhanced,nearest-frame centered decision cells,100.0,200.0,candidate diagnostics only,10.000000000000009,1,1,ok
1,enhanced_cells_100,cells,studio_M1,30.0,enhanced,nearest-frame centered decision cells,100.0,200.0,candidate diagnostics only,24.999999999999915,1,1,ok
1,enhanced_cells_100,cells,phone_M1,31.0,enhanced,nearest-frame centered decision cells,100.0,200.0,candidate diagnostics only,12.500000000000039,1,1,ok
1,enhanced_cells_100,cells,studio_F1,31.0,enhanced,nearest-frame centered decision cells,100.0,200.0,candidate diagnostics only,10.000000000000009,1,1,ok
1,enhanced_cells_100,cells,studio_M1,31.0,enhanced,nearest-frame centered decision cells,100.0,200.0,candidate diagnostics only,24.999999999999915,1,1,ok
1,enhanced_cells_100,cells,phone_M1,32.0,enhanced,nearest-frame centered decision cells,100.0,200.0,candidate diagnostics only,12.500000000000039,1,1,ok
1,enhanced_cells_100,cells,studio_F1,32.0,enhanced,nearest-frame centered decision cells,100.0,200.0,candidate diagnostics only,10.000000000000009,1,1,ok
1,enhanced_cells_100,cells,studio_M1,32.0,enhanced,nearest-frame centered decision cells,100.0,200.0,candidate diagnostics only,24.999999999999915,1,1,ok
1,enhanced_cells_100,cells,phone_M1,33.0,enhanced,nearest-frame centered decision cells,100.0,200.0,candidate diagnostics only,12.500000000000039,1,1,ok
1,enhanced_cells_100,cells,studio_F1,33.0,enhanced,nearest-frame centered decision cells,100.0,200.0,candidate diagnostics only,10.000000000000009,1,1,ok
1,enhanced_cells_100,cells,studio_M1,33.0,enhanced,nearest-frame centered decision cells,100.0,200.0,candidate diagnostics only,24.999999999999915,1,1,ok
1,enhanced_cells_100,cells,phone_M1,34.0,enhanced,nearest-frame centered decision cells,100.0,200.0,candidate diagnostics only,12.500000000000039,1,1,ok
1,enhanced_cells_100,cells,studio_F1,34.0,enhanced,nearest-frame centered decision cells,100.0,200.0,candidate diagnostics only,10.000000000000009,1,1,ok
1,enhanced_cells_100,cells,studio_M1,34.0,enhanced,nearest-frame centered decision cells,100.0,200.0,candidate diagnostics only,24.999999999999915,1,1,ok
1,enhanced_cells_100,cells,phone_M1,35.0,enhanced,nearest-frame centered decision cells,100.0,200.0,candidate diagnostics only,12.500000000000039,1,1,ok
1,enhanced_cells_100,cells,studio_F1,35.0,enhanced,nearest-frame centered decision cells,100.0,200.0,candidate diagnostics only,10.000000000000009,1,1,ok
1,enhanced_cells_100,cells,studio_M1,35.0,enhanced,nearest-frame centered decision cells,100.0,200.0,candidate diagnostics only,24.999999999999915,1,1,ok
1,enhanced_cells_100,cells,phone_M1,36.0,enhanced,nearest-frame centered decision cells,100.0,200.0,candidate diagnostics only,12.500000000000039,1,1,ok
1,enhanced_cells_100,cells,studio_F1,36.0,enhanced,nearest-frame centered decision cells,100.0,200.0,candidate diagnostics only,10.000000000000009,1,1,ok
1,enhanced_cells_100,cells,studio_M1,36.0,enhanced,nearest-frame centered decision cells,100.0,200.0,candidate diagnostics only,24.999999999999915,1,1,ok
1,enhanced_cells_100,cells,phone_M1,37.0,enhanced,nearest-frame centered decision cells,100.0,200.0,candidate diagnostics only,12.500000000000039,1,1,ok
1,enhanced_cells_100,cells,studio_F1,37.0,enhanced,nearest-frame centered decision cells,100.0,200.0,candidate diagnostics only,10.000000000000009,1,1,ok
1,enhanced_cells_100,cells,studio_M1,37.0,enhanced,nearest-frame centered decision cells,100.0,200.0,candidate diagnostics only,24.999999999999915,1,1,ok
1,enhanced_cells_100,cells,phone_M1,38.0,enhanced,nearest-frame centered decision cells,100.0,200.0,candidate diagnostics only,12.500000000000039,1,1,ok
1,enhanced_cells_100,cells,studio_F1,38.0,enhanced,nearest-frame centered decision cells,100.0,200.0,candidate diagnostics only,10.000000000000009,1,1,ok
1,enhanced_cells_100,cells,studio_M1,38.0,enhanced,nearest-frame centered decision cells,100.0,200.0,candidate diagnostics only,24.999999999999915,1,1,ok
1,enhanced_cells_100,cells,phone_M1,39.0,enhanced,nearest-frame centered decision cells,100.0,200.0,candidate diagnostics only,12.500000000000039,1,1,ok
1,enhanced_cells_100,cells,studio_F1,39.0,enhanced,nearest-frame centered decision cells,100.0,200.0,candidate diagnostics only,10.000000000000009,1,1,ok
1,enhanced_cells_100,cells,studio_M1,39.0,enhanced,nearest-frame centered decision cells,100.0,200.0,candidate diagnostics only,24.999999999999915,1,1,ok
1,enhanced_cells_100,cells,phone_M1,40.0,enhanced,nearest-frame centered decision cells,100.0,200.0,candidate diagnostics only,12.500000000000039,1,1,ok
1,enhanced_cells_100,cells,studio_F1,40.0,enhanced,nearest-frame centered decision cells,100.0,200.0,candidate diagnostics only,10.000000000000009,1,1,ok
1,enhanced_cells_100,cells,studio_M1,40.0,enhanced,nearest-frame centered decision cells,100.0,200.0,candidate diagnostics only,24.999999999999915,1,1,ok
1,enhanced_cells_100,cells,phone_M1,41.0,enhanced,nearest-frame centered decision cells,100.0,200.0,candidate diagnostics only,12.500000000000039,1,1,ok
1,enhanced_cells_100,cells,studio_F1,41.0,enhanced,nearest-frame centered decision cells,100.0,200.0,candidate diagnostics only,10.000000000000009,1,1,ok
1,enhanced_cells_100,cells,studio_M1,41.0,enhanced,nearest-frame centered decision cells,100.0,200.0,candidate diagnostics only,24.999999999999915,1,1,ok
1,enhanced_cells_100,cells,phone_M1,42.0,enhanced,nearest-frame centered decision cells,100.0,200.0,candidate diagnostics only,12.500000000000039,1,1,ok
1,enhanced_cells_100,cells,studio_F1,42.0,enhanced,nearest-frame centered decision cells,100.0,200.0,candidate diagnostics only,10.000000000000009,1,1,ok
1,enhanced_cells_100,cells,studio_M1,42.0,enhanced,nearest-frame centered decision cells,100.0,200.0,candidate diagnostics only,24.999999999999915,1,1,ok
1,enhanced_cells_100,cells,phone_M1,43.0,enhanced,nearest-frame centered decision cells,100.0,200.0,candidate diagnostics only,12.500000000000039,1,1,ok
1,enhanced_cells_100,cells,studio_F1,43.0,enhanced,nearest-frame centered decision cells,100.0,200.0,candidate diagnostics only,10.000000000000009,1,1,ok
1,enhanced_cells_100,cells,studio_M1,43.0,enhanced,nearest-frame centered decision cells,100.0,200.0,candidate diagnostics only,24.999999999999915,1,1,ok
1,enhanced_cells_100,cells,phone_M1,44.0,enhanced,nearest-frame centered decision cells,100.0,200.0,candidate diagnostics only,12.500000000000039,1,1,ok
1,enhanced_cells_100,cells,studio_F1,44.0,enhanced,nearest-frame centered decision cells,100.0,200.0,candidate diagnostics only,10.000000000000009,1,1,ok
1,enhanced_cells_100,cells,studio_M1,44.0,enhanced,nearest-frame centered decision cells,100.0,200.0,candidate diagnostics only,24.999999999999915,1,1,ok
1,enhanced_cells_100,cells,phone_M1,45.0,enhanced,nearest-frame centered decision cells,100.0,200.0,candidate diagnostics only,12.500000000000039,1,1,ok
1,enhanced_cells_100,cells,studio_F1,45.0,enhanced,nearest-frame centered decision cells,100.0,200.0,candidate diagnostics only,10.000000000000009,1,1,ok
1,enhanced_cells_100,cells,studio_M1,45.0,enhanced,nearest-frame centered decision cells,100.0,200.0,candidate diagnostics only,24.999999999999915,1,1,ok
1,enhanced_cells_100,cells,phone_M1,46.0,enhanced,nearest-frame centered decision cells,100.0,200.0,candidate diagnostics only,12.500000000000039,1,1,ok
1,enhanced_cells_100,cells,studio_F1,46.0,enhanced,nearest-frame centered decision cells,100.0,200.0,candidate diagnostics only,10.000000000000009,1,1,ok
1,enhanced_cells_100,cells,studio_M1,46.0,enhanced,nearest-frame centered decision cells,100.0,200.0,candidate diagnostics only,24.999999999999915,1,1,ok
1,enhanced_cells_100,cells,phone_M1,47.0,enhanced,nearest-frame centered decision cells,100.0,200.0,candidate diagnostics only,12.500000000000039,1,1,ok
1,enhanced_cells_100,cells,studio_F1,47.0,enhanced,nearest-frame centered decision cells,100.0,200.0,candidate diagnostics only,10.000000000000009,1,1,ok
1,enhanced_cells_100,cells,studio_M1,47.0,enhanced,nearest-frame centered decision cells,100.0,200.0,candidate diagnostics only,24.999999999999915,1,1,ok
1,enhanced_cells_100,cells,phone_M1,48.0,enhanced,nearest-frame centered decision cells,100.0,200.0,candidate diagnostics only,12.500000000000039,1,1,ok
1,enhanced_cells_100,cells,studio_F1,48.0,enhanced,nearest-frame centered decision cells,100.0,200.0,candidate diagnostics only,10.000000000000009,1,1,ok
1,enhanced_cells_100,cells,studio_M1,48.0,enhanced,nearest-frame centered decision cells,100.0,200.0,candidate diagnostics only,24.999999999999915,1,1,ok
1,enhanced_cells_100,cells,phone_M1,49.0,enhanced,nearest-frame centered decision cells,100.0,200.0,candidate diagnostics only,12.500000000000039,1,1,ok
1,enhanced_cells_100,cells,studio_F1,49.0,enhanced,nearest-frame centered decision cells,100.0,200.0,candidate diagnostics only,10.000000000000009,1,1,ok
1,enhanced_cells_100,cells,studio_M1,49.0,enhanced,nearest-frame centered decision cells,100.0,200.0,candidate diagnostics only,24.999999999999915,1,1,ok
1,enhanced_cells_100,cells,phone_M1,50.0,enhanced,nearest-frame centered decision cells,100.0,200.0,candidate diagnostics only,12.500000000000039,1,1,ok
1,enhanced_cells_100,cells,studio_F1,50.0,enhanced,nearest-frame centered decision cells,100.0,200.0,candidate diagnostics only,10.000000000000009,1,1,ok
1,enhanced_cells_100,cells,studio_M1,50.0,enhanced,nearest-frame centered decision cells,100.0,200.0,candidate diagnostics only,24.999999999999915,1,1,ok
1,enhanced_support_0,support,phone_M1,1.0,enhanced,union of active frame supports,0.0,200.0,candidate diagnostics only,12.499999999999956,1,1,ok
1,enhanced_support_0,support,studio_F1,1.0,enhanced,union of active frame supports,0.0,200.0,candidate diagnostics only,17.494331065759596,1,1,ok
1,enhanced_support_0,support,studio_M1,1.0,enhanced,union of active frame supports,0.0,200.0,candidate diagnostics only,22.49433106575971,1,1,ok
1,enhanced_support_0,support,phone_M1,2.0,enhanced,union of active frame supports,0.0,200.0,candidate diagnostics only,12.499999999999956,1,1,ok
1,enhanced_support_0,support,studio_F1,2.0,enhanced,union of active frame supports,0.0,200.0,candidate diagnostics only,17.494331065759596,1,1,ok
1,enhanced_support_0,support,studio_M1,2.0,enhanced,union of active frame supports,0.0,200.0,candidate diagnostics only,22.49433106575971,1,1,ok
1,enhanced_support_0,support,phone_M1,3.0,enhanced,union of active frame supports,0.0,200.0,candidate diagnostics only,12.499999999999956,1,1,ok
1,enhanced_support_0,support,studio_F1,3.0,enhanced,union of active frame supports,0.0,200.0,candidate diagnostics only,17.494331065759596,1,1,ok
1,enhanced_support_0,support,studio_M1,3.0,enhanced,union of active frame supports,0.0,200.0,candidate diagnostics only,22.49433106575971,1,1,ok
1,enhanced_support_0,support,phone_M1,4.0,enhanced,union of active frame supports,0.0,200.0,candidate diagnostics only,12.499999999999956,1,1,ok
1,enhanced_support_0,support,studio_F1,4.0,enhanced,union of active frame supports,0.0,200.0,candidate diagnostics only,17.494331065759596,1,1,ok
1,enhanced_support_0,support,studio_M1,4.0,enhanced,union of active frame supports,0.0,200.0,candidate diagnostics only,22.49433106575971,1,1,ok
1,enhanced_support_0,support,phone_M1,5.0,enhanced,union of active frame supports,0.0,200.0,candidate diagnostics only,12.499999999999956,1,1,ok
1,enhanced_support_0,support,studio_F1,5.0,enhanced,union of active frame supports,0.0,200.0,candidate diagnostics only,17.494331065759596,1,1,ok
1,enhanced_support_0,support,studio_M1,5.0,enhanced,union of active frame supports,0.0,200.0,candidate diagnostics only,22.49433106575971,1,1,ok
1,enhanced_support_0,support,phone_M1,6.0,enhanced,union of active frame supports,0.0,200.0,candidate diagnostics only,12.499999999999956,1,1,ok
1,enhanced_support_0,support,studio_F1,6.0,enhanced,union of active frame supports,0.0,200.0,candidate diagnostics only,17.494331065759596,1,1,ok
1,enhanced_support_0,support,studio_M1,6.0,enhanced,union of active frame supports,0.0,200.0,candidate diagnostics only,22.49433106575971,1,1,ok
1,enhanced_support_0,support,phone_M1,7.0,enhanced,union of active frame supports,0.0,200.0,candidate diagnostics only,12.499999999999956,1,1,ok
1,enhanced_support_0,support,studio_F1,7.0,enhanced,union of active frame supports,0.0,200.0,candidate diagnostics only,17.494331065759596,1,1,ok
1,enhanced_support_0,support,studio_M1,7.0,enhanced,union of active frame supports,0.0,200.0,candidate diagnostics only,22.49433106575971,1,1,ok
1,enhanced_support_0,support,phone_M1,8.0,enhanced,union of active frame supports,0.0,200.0,candidate diagnostics only,12.499999999999956,1,1,ok
1,enhanced_support_0,support,studio_F1,8.0,enhanced,union of active frame supports,0.0,200.0,candidate diagnostics only,17.494331065759596,1,1,ok
1,enhanced_support_0,support,studio_M1,8.0,enhanced,union of active frame supports,0.0,200.0,candidate diagnostics only,22.49433106575971,1,1,ok
1,enhanced_support_0,support,phone_M1,9.0,enhanced,union of active frame supports,0.0,200.0,candidate diagnostics only,12.499999999999956,1,1,ok
1,enhanced_support_0,support,studio_F1,9.0,enhanced,union of active frame supports,0.0,200.0,candidate diagnostics only,17.494331065759596,1,1,ok
1,enhanced_support_0,support,studio_M1,9.0,enhanced,union of active frame supports,0.0,200.0,candidate diagnostics only,22.49433106575971,1,1,ok
1,enhanced_support_0,support,phone_M1,10.0,enhanced,union of active frame supports,0.0,200.0,candidate diagnostics only,12.499999999999956,1,1,ok
1,enhanced_support_0,support,studio_F1,10.0,enhanced,union of active frame supports,0.0,200.0,candidate diagnostics only,17.494331065759596,1,1,ok
1,enhanced_support_0,support,studio_M1,10.0,enhanced,union of active frame supports,0.0,200.0,candidate diagnostics only,22.49433106575971,1,1,ok
1,enhanced_support_0,support,phone_M1,11.0,enhanced,union of active frame supports,0.0,200.0,candidate diagnostics only,12.499999999999956,1,1,ok
1,enhanced_support_0,support,studio_F1,11.0,enhanced,union of active frame supports,0.0,200.0,candidate diagnostics only,17.494331065759596,1,1,ok
1,enhanced_support_0,support,studio_M1,11.0,enhanced,union of active frame supports,0.0,200.0,candidate diagnostics only,22.49433106575971,1,1,ok
1,enhanced_support_0,support,phone_M1,12.0,enhanced,union of active frame supports,0.0,200.0,candidate diagnostics only,12.499999999999956,1,1,ok
1,enhanced_support_0,support,studio_F1,12.0,enhanced,union of active frame supports,0.0,200.0,candidate diagnostics only,17.494331065759596,1,1,ok
1,enhanced_support_0,support,studio_M1,12.0,enhanced,union of active frame supports,0.0,200.0,candidate diagnostics only,22.49433106575971,1,1,ok
1,enhanced_support_0,support,phone_M1,13.0,enhanced,union of active frame supports,0.0,200.0,candidate diagnostics only,12.499999999999956,1,1,ok
1,enhanced_support_0,support,studio_F1,13.0,enhanced,union of active frame supports,0.0,200.0,candidate diagnostics only,17.494331065759596,1,1,ok
1,enhanced_support_0,support,studio_M1,13.0,enhanced,union of active frame supports,0.0,200.0,candidate diagnostics only,22.49433106575971,1,1,ok
1,enhanced_support_0,support,phone_M1,14.0,enhanced,union of active frame supports,0.0,200.0,candidate diagnostics only,12.499999999999956,1,1,ok
1,enhanced_support_0,support,studio_F1,14.0,enhanced,union of active frame supports,0.0,200.0,candidate diagnostics only,17.494331065759596,1,1,ok
1,enhanced_support_0,support,studio_M1,14.0,enhanced,union of active frame supports,0.0,200.0,candidate diagnostics only,22.49433106575971,1,1,ok
1,enhanced_support_0,support,phone_M1,15.0,enhanced,union of active frame supports,0.0,200.0,candidate diagnostics only,12.499999999999956,1,1,ok
1,enhanced_support_0,support,studio_F1,15.0,enhanced,union of active frame supports,0.0,200.0,candidate diagnostics only,17.494331065759596,1,1,ok
1,enhanced_support_0,support,studio_M1,15.0,enhanced,union of active frame supports,0.0,200.0,candidate diagnostics only,22.49433106575971,1,1,ok
1,enhanced_support_0,support,phone_M1,16.0,enhanced,union of active frame supports,0.0,200.0,candidate diagnostics only,12.499999999999956,1,1,ok
1,enhanced_support_0,support,studio_F1,16.0,enhanced,union of active frame supports,0.0,200.0,candidate diagnostics only,17.494331065759596,1,1,ok
1,enhanced_support_0,support,studio_M1,16.0,enhanced,union of active frame supports,0.0,200.0,candidate diagnostics only,22.49433106575971,1,1,ok
1,enhanced_support_0,support,phone_M1,17.0,enhanced,union of active frame supports,0.0,200.0,candidate diagnostics only,12.499999999999956,1,1,ok
1,enhanced_support_0,support,studio_F1,17.0,enhanced,union of active frame supports,0.0,200.0,candidate diagnostics only,17.494331065759596,1,1,ok
1,enhanced_support_0,support,studio_M1,17.0,enhanced,union of active frame supports,0.0,200.0,candidate diagnostics only,22.49433106575971,1,1,ok
1,enhanced_support_0,support,phone_M1,18.0,enhanced,union of active frame supports,0.0,200.0,candidate diagnostics only,12.499999999999956,1,1,ok
1,enhanced_support_0,support,studio_F1,18.0,enhanced,union of active frame supports,0.0,200.0,candidate diagnostics only,17.494331065759596,1,1,ok
1,enhanced_support_0,support,studio_M1,18.0,enhanced,union of active frame supports,0.0,200.0,candidate diagnostics only,22.49433106575971,1,1,ok
1,enhanced_support_0,support,phone_M1,19.0,enhanced,union of active frame supports,0.0,200.0,candidate diagnostics only,12.499999999999956,1,1,ok
1,enhanced_support_0,support,studio_F1,19.0,enhanced,union of active frame supports,0.0,200.0,candidate diagnostics only,17.494331065759596,1,1,ok
1,enhanced_support_0,support,studio_M1,19.0,enhanced,union of active frame supports,0.0,200.0,candidate diagnostics only,22.49433106575971,1,1,ok
1,enhanced_support_0,support,phone_M1,20.0,enhanced,union of active frame supports,0.0,200.0,candidate diagnostics only,12.499999999999956,1,1,ok
1,enhanced_support_0,support,studio_F1,20.0,enhanced,union of active frame supports,0.0,200.0,candidate diagnostics only,17.494331065759596,1,1,ok
1,enhanced_support_0,support,studio_M1,20.0,enhanced,union of active frame supports,0.0,200.0,candidate diagnostics only,22.49433106575971,1,1,ok
1,enhanced_support_0,support,phone_M1,21.0,enhanced,union of active frame supports,0.0,200.0,candidate diagnostics only,12.499999999999956,1,1,ok
1,enhanced_support_0,support,studio_F1,21.0,enhanced,union of active frame supports,0.0,200.0,candidate diagnostics only,17.494331065759596,1,1,ok
1,enhanced_support_0,support,studio_M1,21.0,enhanced,union of active frame supports,0.0,200.0,candidate diagnostics only,22.49433106575971,1,1,ok
1,enhanced_support_0,support,phone_M1,22.0,enhanced,union of active frame supports,0.0,200.0,candidate diagnostics only,12.499999999999956,1,1,ok
1,enhanced_support_0,support,studio_F1,22.0,enhanced,union of active frame supports,0.0,200.0,candidate diagnostics only,17.494331065759596,1,1,ok
1,enhanced_support_0,support,studio_M1,22.0,enhanced,union of active frame supports,0.0,200.0,candidate diagnostics only,22.49433106575971,1,1,ok
1,enhanced_support_0,support,phone_M1,23.0,enhanced,union of active frame supports,0.0,200.0,candidate diagnostics only,12.499999999999956,1,1,ok
1,enhanced_support_0,support,studio_F1,23.0,enhanced,union of active frame supports,0.0,200.0,candidate diagnostics only,17.494331065759596,1,1,ok
1,enhanced_support_0,support,studio_M1,23.0,enhanced,union of active frame supports,0.0,200.0,candidate diagnostics only,22.49433106575971,1,1,ok
1,enhanced_support_0,support,phone_M1,24.0,enhanced,union of active frame supports,0.0,200.0,candidate diagnostics only,12.499999999999956,1,1,ok
1,enhanced_support_0,support,studio_F1,24.0,enhanced,union of active frame supports,0.0,200.0,candidate diagnostics only,17.494331065759596,1,1,ok
1,enhanced_support_0,support,studio_M1,24.0,enhanced,union of active frame supports,0.0,200.0,candidate diagnostics only,22.49433106575971,1,1,ok
1,enhanced_support_0,support,phone_M1,25.0,enhanced,union of active frame supports,0.0,200.0,candidate diagnostics only,12.499999999999956,1,1,ok
1,enhanced_support_0,support,studio_F1,25.0,enhanced,union of active frame supports,0.0,200.0,candidate diagnostics only,17.494331065759596,1,1,ok
1,enhanced_support_0,support,studio_M1,25.0,enhanced,union of active frame supports,0.0,200.0,candidate diagnostics only,22.49433106575971,1,1,ok
1,enhanced_support_0,support,phone_M1,26.0,enhanced,union of active frame supports,0.0,200.0,candidate diagnostics only,12.499999999999956,1,1,ok
1,enhanced_support_0,support,studio_F1,26.0,enhanced,union of active frame supports,0.0,200.0,candidate diagnostics only,17.494331065759596,1,1,ok
1,enhanced_support_0,support,studio_M1,26.0,enhanced,union of active frame supports,0.0,200.0,candidate diagnostics only,22.49433106575971,1,1,ok
1,enhanced_support_0,support,phone_M1,27.0,enhanced,union of active frame supports,0.0,200.0,candidate diagnostics only,12.499999999999956,1,1,ok
1,enhanced_support_0,support,studio_F1,27.0,enhanced,union of active frame supports,0.0,200.0,candidate diagnostics only,17.494331065759596,1,1,ok
1,enhanced_support_0,support,studio_M1,27.0,enhanced,union of active frame supports,0.0,200.0,candidate diagnostics only,22.49433106575971,1,1,ok
1,enhanced_support_0,support,phone_M1,28.0,enhanced,union of active frame supports,0.0,200.0,candidate diagnostics only,12.499999999999956,1,1,ok
1,enhanced_support_0,support,studio_F1,28.0,enhanced,union of active frame supports,0.0,200.0,candidate diagnostics only,17.494331065759596,1,1,ok
1,enhanced_support_0,support,studio_M1,28.0,enhanced,union of active frame supports,0.0,200.0,candidate diagnostics only,22.49433106575971,1,1,ok
1,enhanced_support_0,support,phone_M1,29.0,enhanced,union of active frame supports,0.0,200.0,candidate diagnostics only,12.499999999999956,1,1,ok
1,enhanced_support_0,support,studio_F1,29.0,enhanced,union of active frame supports,0.0,200.0,candidate diagnostics only,17.494331065759596,1,1,ok
1,enhanced_support_0,support,studio_M1,29.0,enhanced,union of active frame supports,0.0,200.0,candidate diagnostics only,22.49433106575971,1,1,ok
1,enhanced_support_0,support,phone_M1,30.0,enhanced,union of active frame supports,0.0,200.0,candidate diagnostics only,12.499999999999956,1,1,ok
1,enhanced_support_0,support,studio_F1,30.0,enhanced,union of active frame supports,0.0,200.0,candidate diagnostics only,17.494331065759596,1,1,ok
1,enhanced_support_0,support,studio_M1,30.0,enhanced,union of active frame supports,0.0,200.0,candidate diagnostics only,22.49433106575971,1,1,ok
1,enhanced_support_0,support,phone_M1,31.0,enhanced,union of active frame supports,0.0,200.0,candidate diagnostics only,12.499999999999956,1,1,ok
1,enhanced_support_0,support,studio_F1,31.0,enhanced,union of active frame supports,0.0,200.0,candidate diagnostics only,17.494331065759596,1,1,ok
1,enhanced_support_0,support,studio_M1,31.0,enhanced,union of active frame supports,0.0,200.0,candidate diagnostics only,22.49433106575971,1,1,ok
1,enhanced_support_0,support,phone_M1,32.0,enhanced,union of active frame supports,0.0,200.0,candidate diagnostics only,12.499999999999956,1,1,ok
1,enhanced_support_0,support,studio_F1,32.0,enhanced,union of active frame supports,0.0,200.0,candidate diagnostics only,17.494331065759596,1,1,ok
1,enhanced_support_0,support,studio_M1,32.0,enhanced,union of active frame supports,0.0,200.0,candidate diagnostics only,22.49433106575971,1,1,ok
1,enhanced_support_0,support,phone_M1,33.0,enhanced,union of active frame supports,0.0,200.0,candidate diagnostics only,12.499999999999956,1,1,ok
1,enhanced_support_0,support,studio_F1,33.0,enhanced,union of active frame supports,0.0,200.0,candidate diagnostics only,17.494331065759596,1,1,ok
1,enhanced_support_0,support,studio_M1,33.0,enhanced,union of active frame supports,0.0,200.0,candidate diagnostics only,22.49433106575971,1,1,ok
1,enhanced_support_0,support,phone_M1,34.0,enhanced,union of active frame supports,0.0,200.0,candidate diagnostics only,12.499999999999956,1,1,ok
1,enhanced_support_0,support,studio_F1,34.0,enhanced,union of active frame supports,0.0,200.0,candidate diagnostics only,17.494331065759596,1,1,ok
1,enhanced_support_0,support,studio_M1,34.0,enhanced,union of active frame supports,0.0,200.0,candidate diagnostics only,22.49433106575971,1,1,ok
1,enhanced_support_0,support,phone_M1,35.0,enhanced,union of active frame supports,0.0,200.0,candidate diagnostics only,12.499999999999956,1,1,ok
1,enhanced_support_0,support,studio_F1,35.0,enhanced,union of active frame supports,0.0,200.0,candidate diagnostics only,17.494331065759596,1,1,ok
1,enhanced_support_0,support,studio_M1,35.0,enhanced,union of active frame supports,0.0,200.0,candidate diagnostics only,22.49433106575971,1,1,ok
1,enhanced_support_0,support,phone_M1,36.0,enhanced,union of active frame supports,0.0,200.0,candidate diagnostics only,12.499999999999956,1,1,ok
1,enhanced_support_0,support,studio_F1,36.0,enhanced,union of active frame supports,0.0,200.0,candidate diagnostics only,17.494331065759596,1,1,ok
1,enhanced_support_0,support,studio_M1,36.0,enhanced,union of active frame supports,0.0,200.0,candidate diagnostics only,22.49433106575971,1,1,ok
1,enhanced_support_0,support,phone_M1,37.0,enhanced,union of active frame supports,0.0,200.0,candidate diagnostics only,12.499999999999956,1,1,ok
1,enhanced_support_0,support,studio_F1,37.0,enhanced,union of active frame supports,0.0,200.0,candidate diagnostics only,17.494331065759596,1,1,ok
1,enhanced_support_0,support,studio_M1,37.0,enhanced,union of active frame supports,0.0,200.0,candidate diagnostics only,22.49433106575971,1,1,ok
1,enhanced_support_0,support,phone_M1,38.0,enhanced,union of active frame supports,0.0,200.0,candidate diagnostics only,12.499999999999956,1,1,ok
1,enhanced_support_0,support,studio_F1,38.0,enhanced,union of active frame supports,0.0,200.0,candidate diagnostics only,17.494331065759596,1,1,ok
1,enhanced_support_0,support,studio_M1,38.0,enhanced,union of active frame supports,0.0,200.0,candidate diagnostics only,22.49433106575971,1,1,ok
1,enhanced_support_0,support,phone_M1,39.0,enhanced,union of active frame supports,0.0,200.0,candidate diagnostics only,12.499999999999956,1,1,ok
1,enhanced_support_0,support,studio_F1,39.0,enhanced,union of active frame supports,0.0,200.0,candidate diagnostics only,17.494331065759596,1,1,ok
1,enhanced_support_0,support,studio_M1,39.0,enhanced,union of active frame supports,0.0,200.0,candidate diagnostics only,22.49433106575971,1,1,ok
1,enhanced_support_0,support,phone_M1,40.0,enhanced,union of active frame supports,0.0,200.0,candidate diagnostics only,12.499999999999956,1,1,ok
1,enhanced_support_0,support,studio_F1,40.0,enhanced,union of active frame supports,0.0,200.0,candidate diagnostics only,17.494331065759596,1,1,ok
1,enhanced_support_0,support,studio_M1,40.0,enhanced,union of active frame supports,0.0,200.0,candidate diagnostics only,22.49433106575971,1,1,ok
1,enhanced_support_0,support,phone_M1,41.0,enhanced,union of active frame supports,0.0,200.0,candidate diagnostics only,12.499999999999956,1,1,ok
1,enhanced_support_0,support,studio_F1,41.0,enhanced,union of active frame supports,0.0,200.0,candidate diagnostics only,17.494331065759596,1,1,ok
1,enhanced_support_0,support,studio_M1,41.0,enhanced,union of active frame supports,0.0,200.0,candidate diagnostics only,22.49433106575971,1,1,ok
1,enhanced_support_0,support,phone_M1,42.0,enhanced,union of active frame supports,0.0,200.0,candidate diagnostics only,12.499999999999956,1,1,ok
1,enhanced_support_0,support,studio_F1,42.0,enhanced,union of active frame supports,0.0,200.0,candidate diagnostics only,17.494331065759596,1,1,ok
1,enhanced_support_0,support,studio_M1,42.0,enhanced,union of active frame supports,0.0,200.0,candidate diagnostics only,22.49433106575971,1,1,ok
1,enhanced_support_0,support,phone_M1,43.0,enhanced,union of active frame supports,0.0,200.0,candidate diagnostics only,12.499999999999956,1,1,ok
1,enhanced_support_0,support,studio_F1,43.0,enhanced,union of active frame supports,0.0,200.0,candidate diagnostics only,17.494331065759596,1,1,ok
1,enhanced_support_0,support,studio_M1,43.0,enhanced,union of active frame supports,0.0,200.0,candidate diagnostics only,22.49433106575971,1,1,ok
1,enhanced_support_0,support,phone_M1,44.0,enhanced,union of active frame supports,0.0,200.0,candidate diagnostics only,12.499999999999956,1,1,ok
1,enhanced_support_0,support,studio_F1,44.0,enhanced,union of active frame supports,0.0,200.0,candidate diagnostics only,17.494331065759596,1,1,ok
1,enhanced_support_0,support,studio_M1,44.0,enhanced,union of active frame supports,0.0,200.0,candidate diagnostics only,22.49433106575971,1,1,ok
1,enhanced_support_0,support,phone_M1,45.0,enhanced,union of active frame supports,0.0,200.0,candidate diagnostics only,12.499999999999956,1,1,ok
1,enhanced_support_0,support,studio_F1,45.0,enhanced,union of active frame supports,0.0,200.0,candidate diagnostics only,17.494331065759596,1,1,ok
1,enhanced_support_0,support,studio_M1,45.0,enhanced,union of active frame supports,0.0,200.0,candidate diagnostics only,22.49433106575971,1,1,ok
1,enhanced_support_0,support,phone_M1,46.0,enhanced,union of active frame supports,0.0,200.0,candidate diagnostics only,12.499999999999956,1,1,ok
1,enhanced_support_0,support,studio_F1,46.0,enhanced,union of active frame supports,0.0,200.0,candidate diagnostics only,17.494331065759596,1,1,ok
1,enhanced_support_0,support,studio_M1,46.0,enhanced,union of active frame supports,0.0,200.0,candidate diagnostics only,22.49433106575971,1,1,ok
1,enhanced_support_0,support,phone_M1,47.0,enhanced,union of active frame supports,0.0,200.0,candidate diagnostics only,12.499999999999956,1,1,ok
1,enhanced_support_0,support,studio_F1,47.0,enhanced,union of active frame supports,0.0,200.0,candidate diagnostics only,17.494331065759596,1,1,ok
1,enhanced_support_0,support,studio_M1,47.0,enhanced,union of active frame supports,0.0,200.0,candidate diagnostics only,22.49433106575971,1,1,ok
1,enhanced_support_0,support,phone_M1,48.0,enhanced,union of active frame supports,0.0,200.0,candidate diagnostics only,12.499999999999956,1,1,ok
1,enhanced_support_0,support,studio_F1,48.0,enhanced,union of active frame supports,0.0,200.0,candidate diagnostics only,17.494331065759596,1,1,ok
1,enhanced_support_0,support,studio_M1,48.0,enhanced,union of active frame supports,0.0,200.0,candidate diagnostics only,22.49433106575971,1,1,ok
1,enhanced_support_0,support,phone_M1,49.0,enhanced,union of active frame supports,0.0,200.0,candidate diagnostics only,12.499999999999956,1,1,ok
1,enhanced_support_0,support,studio_F1,49.0,enhanced,union of active frame supports,0.0,200.0,candidate diagnostics only,17.494331065759596,1,1,ok
1,enhanced_support_0,support,studio_M1,49.0,enhanced,union of active frame supports,0.0,200.0,candidate diagnostics only,22.49433106575971,1,1,ok
1,enhanced_support_0,support,phone_M1,50.0,enhanced,union of active frame supports,0.0,200.0,candidate diagnostics only,12.499999999999956,1,1,ok
1,enhanced_support_0,support,studio_F1,50.0,enhanced,union of active frame supports,0.0,200.0,candidate diagnostics only,17.494331065759596,1,1,ok
1,enhanced_support_0,support,studio_M1,50.0,enhanced,union of active frame supports,0.0,200.0,candidate diagnostics only,22.49433106575971,1,1,ok
2,core_support_0,support,phone_F1,1.0,core,union of active frame supports,0.0,200.0,excluded from core FINAL,null,1,3,region_count_or_matching_mismatch
2,core_support_0,support,studio_F1,1.0,core,union of active frame supports,0.0,200.0,excluded from core FINAL,17.505668934240216,1,1,ok
2,core_support_0,support,studio_M1,1.0,core,union of active frame supports,0.0,200.0,excluded from core FINAL,42.50566893424046,1,1,ok
2,core_support_0,support,phone_F1,2.0,core,union of active frame supports,0.0,200.0,excluded from core FINAL,null,1,2,region_count_or_matching_mismatch
2,core_support_0,support,studio_F1,2.0,core,union of active frame supports,0.0,200.0,excluded from core FINAL,12.505668934240322,1,1,ok
2,core_support_0,support,studio_M1,2.0,core,union of active frame supports,0.0,200.0,excluded from core FINAL,37.50566893424035,1,1,ok
2,core_support_0,support,phone_F1,3.0,core,union of active frame supports,0.0,200.0,excluded from core FINAL,null,1,2,region_count_or_matching_mismatch
2,core_support_0,support,studio_F1,3.0,core,union of active frame supports,0.0,200.0,excluded from core FINAL,12.505668934240322,1,1,ok
2,core_support_0,support,studio_M1,3.0,core,union of active frame supports,0.0,200.0,excluded from core FINAL,37.50566893424035,1,1,ok
2,core_support_0,support,phone_F1,4.0,core,union of active frame supports,0.0,200.0,excluded from core FINAL,null,1,2,region_count_or_matching_mismatch
2,core_support_0,support,studio_F1,4.0,core,union of active frame supports,0.0,200.0,excluded from core FINAL,12.505668934240322,1,1,ok
2,core_support_0,support,studio_M1,4.0,core,union of active frame supports,0.0,200.0,excluded from core FINAL,32.50566893424045,1,1,ok
2,core_support_0,support,phone_F1,5.0,core,union of active frame supports,0.0,200.0,excluded from core FINAL,null,1,2,region_count_or_matching_mismatch
2,core_support_0,support,studio_F1,5.0,core,union of active frame supports,0.0,200.0,excluded from core FINAL,12.505668934240322,1,1,ok
2,core_support_0,support,studio_M1,5.0,core,union of active frame supports,0.0,200.0,excluded from core FINAL,32.50566893424045,1,1,ok
2,core_support_0,support,phone_F1,6.0,core,union of active frame supports,0.0,200.0,excluded from core FINAL,null,1,2,region_count_or_matching_mismatch
2,core_support_0,support,studio_F1,6.0,core,union of active frame supports,0.0,200.0,excluded from core FINAL,12.505668934240322,1,1,ok
2,core_support_0,support,studio_M1,6.0,core,union of active frame supports,0.0,200.0,excluded from core FINAL,32.50566893424045,1,1,ok
2,core_support_0,support,phone_F1,7.0,core,union of active frame supports,0.0,200.0,excluded from core FINAL,null,1,2,region_count_or_matching_mismatch
2,core_support_0,support,studio_F1,7.0,core,union of active frame supports,0.0,200.0,excluded from core FINAL,7.505668934240428,1,1,ok
2,core_support_0,support,studio_M1,7.0,core,union of active frame supports,0.0,200.0,excluded from core FINAL,32.50566893424045,1,1,ok
2,core_support_0,support,phone_F1,8.0,core,union of active frame supports,0.0,200.0,excluded from core FINAL,null,1,2,region_count_or_matching_mismatch
2,core_support_0,support,studio_F1,8.0,core,union of active frame supports,0.0,200.0,excluded from core FINAL,7.505668934240428,1,1,ok
2,core_support_0,support,studio_M1,8.0,core,union of active frame supports,0.0,200.0,excluded from core FINAL,32.50566893424045,1,1,ok
2,core_support_0,support,phone_F1,9.0,core,union of active frame supports,0.0,200.0,excluded from core FINAL,null,1,2,region_count_or_matching_mismatch
2,core_support_0,support,studio_F1,9.0,core,union of active frame supports,0.0,200.0,excluded from core FINAL,7.505668934240428,1,1,ok
2,core_support_0,support,studio_M1,9.0,core,union of active frame supports,0.0,200.0,excluded from core FINAL,32.50566893424045,1,1,ok
2,core_support_0,support,phone_F1,10.0,core,union of active frame supports,0.0,200.0,excluded from core FINAL,null,1,2,region_count_or_matching_mismatch
2,core_support_0,support,studio_F1,10.0,core,union of active frame supports,0.0,200.0,excluded from core FINAL,7.505668934240428,1,1,ok
2,core_support_0,support,studio_M1,10.0,core,union of active frame supports,0.0,200.0,excluded from core FINAL,27.505668934240333,1,1,ok
2,core_support_0,support,phone_F1,11.0,core,union of active frame supports,0.0,200.0,excluded from core FINAL,null,1,2,region_count_or_matching_mismatch
2,core_support_0,support,studio_F1,11.0,core,union of active frame supports,0.0,200.0,excluded from core FINAL,7.505668934240428,1,1,ok
2,core_support_0,support,studio_M1,11.0,core,union of active frame supports,0.0,200.0,excluded from core FINAL,27.505668934240333,1,1,ok
2,core_support_0,support,phone_F1,12.0,core,union of active frame supports,0.0,200.0,excluded from core FINAL,null,1,2,region_count_or_matching_mismatch
2,core_support_0,support,studio_F1,12.0,core,union of active frame supports,0.0,200.0,excluded from core FINAL,7.505668934240428,1,1,ok
2,core_support_0,support,studio_M1,12.0,core,union of active frame supports,0.0,200.0,excluded from core FINAL,27.505668934240333,1,1,ok
2,core_support_0,support,phone_F1,13.0,core,union of active frame supports,0.0,200.0,excluded from core FINAL,null,1,2,region_count_or_matching_mismatch
2,core_support_0,support,studio_F1,13.0,core,union of active frame supports,0.0,200.0,excluded from core FINAL,7.505668934240428,1,1,ok
2,core_support_0,support,studio_M1,13.0,core,union of active frame supports,0.0,200.0,excluded from core FINAL,27.505668934240333,1,1,ok
2,core_support_0,support,phone_F1,14.0,core,union of active frame supports,0.0,200.0,excluded from core FINAL,null,1,2,region_count_or_matching_mismatch
2,core_support_0,support,studio_F1,14.0,core,union of active frame supports,0.0,200.0,excluded from core FINAL,7.505668934240428,1,1,ok
2,core_support_0,support,studio_M1,14.0,core,union of active frame supports,0.0,200.0,excluded from core FINAL,27.505668934240333,1,1,ok
2,core_support_0,support,phone_F1,15.0,core,union of active frame supports,0.0,200.0,excluded from core FINAL,null,1,2,region_count_or_matching_mismatch
2,core_support_0,support,studio_F1,15.0,core,union of active frame supports,0.0,200.0,excluded from core FINAL,7.505668934240428,1,1,ok
2,core_support_0,support,studio_M1,15.0,core,union of active frame supports,0.0,200.0,excluded from core FINAL,27.505668934240333,1,1,ok
2,core_support_0,support,phone_F1,16.0,core,union of active frame supports,0.0,200.0,excluded from core FINAL,null,1,2,region_count_or_matching_mismatch
2,core_support_0,support,studio_F1,16.0,core,union of active frame supports,0.0,200.0,excluded from core FINAL,7.505668934240428,1,1,ok
2,core_support_0,support,studio_M1,16.0,core,union of active frame supports,0.0,200.0,excluded from core FINAL,27.505668934240333,1,1,ok
2,core_support_0,support,phone_F1,17.0,core,union of active frame supports,0.0,200.0,excluded from core FINAL,null,1,2,region_count_or_matching_mismatch
2,core_support_0,support,studio_F1,17.0,core,union of active frame supports,0.0,200.0,excluded from core FINAL,7.505668934240428,1,1,ok
2,core_support_0,support,studio_M1,17.0,core,union of active frame supports,0.0,200.0,excluded from core FINAL,27.505668934240333,1,1,ok
2,core_support_0,support,phone_F1,18.0,core,union of active frame supports,0.0,200.0,excluded from core FINAL,null,1,2,region_count_or_matching_mismatch
2,core_support_0,support,studio_F1,18.0,core,union of active frame supports,0.0,200.0,excluded from core FINAL,7.505668934240428,1,1,ok
2,core_support_0,support,studio_M1,18.0,core,union of active frame supports,0.0,200.0,excluded from core FINAL,27.505668934240333,1,1,ok
2,core_support_0,support,phone_F1,19.0,core,union of active frame supports,0.0,200.0,excluded from core FINAL,null,1,2,region_count_or_matching_mismatch
2,core_support_0,support,studio_F1,19.0,core,union of active frame supports,0.0,200.0,excluded from core FINAL,7.505668934240428,1,1,ok
2,core_support_0,support,studio_M1,19.0,core,union of active frame supports,0.0,200.0,excluded from core FINAL,27.505668934240333,1,1,ok
2,core_support_0,support,phone_F1,20.0,core,union of active frame supports,0.0,200.0,excluded from core FINAL,null,1,2,region_count_or_matching_mismatch
2,core_support_0,support,studio_F1,20.0,core,union of active frame supports,0.0,200.0,excluded from core FINAL,7.505668934240428,1,1,ok
2,core_support_0,support,studio_M1,20.0,core,union of active frame supports,0.0,200.0,excluded from core FINAL,27.505668934240333,1,1,ok
2,core_support_0,support,phone_F1,21.0,core,union of active frame supports,0.0,200.0,excluded from core FINAL,null,1,2,region_count_or_matching_mismatch
2,core_support_0,support,studio_F1,21.0,core,union of active frame supports,0.0,200.0,excluded from core FINAL,7.505668934240428,1,1,ok
2,core_support_0,support,studio_M1,21.0,core,union of active frame supports,0.0,200.0,excluded from core FINAL,27.505668934240333,1,1,ok
2,core_support_0,support,phone_F1,22.0,core,union of active frame supports,0.0,200.0,excluded from core FINAL,null,1,2,region_count_or_matching_mismatch
2,core_support_0,support,studio_F1,22.0,core,union of active frame supports,0.0,200.0,excluded from core FINAL,7.505668934240428,1,1,ok
2,core_support_0,support,studio_M1,22.0,core,union of active frame supports,0.0,200.0,excluded from core FINAL,27.505668934240333,1,1,ok
2,core_support_0,support,phone_F1,23.0,core,union of active frame supports,0.0,200.0,excluded from core FINAL,null,1,2,region_count_or_matching_mismatch
2,core_support_0,support,studio_F1,23.0,core,union of active frame supports,0.0,200.0,excluded from core FINAL,7.505668934240428,1,1,ok
2,core_support_0,support,studio_M1,23.0,core,union of active frame supports,0.0,200.0,excluded from core FINAL,27.505668934240333,1,1,ok
2,core_support_0,support,phone_F1,24.0,core,union of active frame supports,0.0,200.0,excluded from core FINAL,null,1,2,region_count_or_matching_mismatch
2,core_support_0,support,studio_F1,24.0,core,union of active frame supports,0.0,200.0,excluded from core FINAL,7.505668934240428,1,1,ok
2,core_support_0,support,studio_M1,24.0,core,union of active frame supports,0.0,200.0,excluded from core FINAL,27.505668934240333,1,1,ok
2,core_support_0,support,phone_F1,25.0,core,union of active frame supports,0.0,200.0,excluded from core FINAL,null,1,2,region_count_or_matching_mismatch
2,core_support_0,support,studio_F1,25.0,core,union of active frame supports,0.0,200.0,excluded from core FINAL,7.505668934240428,1,1,ok
2,core_support_0,support,studio_M1,25.0,core,union of active frame supports,0.0,200.0,excluded from core FINAL,27.505668934240333,1,1,ok
2,core_support_0,support,phone_F1,26.0,core,union of active frame supports,0.0,200.0,excluded from core FINAL,null,1,2,region_count_or_matching_mismatch
2,core_support_0,support,studio_F1,26.0,core,union of active frame supports,0.0,200.0,excluded from core FINAL,7.505668934240428,1,1,ok
2,core_support_0,support,studio_M1,26.0,core,union of active frame supports,0.0,200.0,excluded from core FINAL,27.505668934240333,1,1,ok
2,core_support_0,support,phone_F1,27.0,core,union of active frame supports,0.0,200.0,excluded from core FINAL,null,1,2,region_count_or_matching_mismatch
2,core_support_0,support,studio_F1,27.0,core,union of active frame supports,0.0,200.0,excluded from core FINAL,7.505668934240428,1,1,ok
2,core_support_0,support,studio_M1,27.0,core,union of active frame supports,0.0,200.0,excluded from core FINAL,27.505668934240333,1,1,ok
2,core_support_0,support,phone_F1,28.0,core,union of active frame supports,0.0,200.0,excluded from core FINAL,null,1,2,region_count_or_matching_mismatch
2,core_support_0,support,studio_F1,28.0,core,union of active frame supports,0.0,200.0,excluded from core FINAL,7.505668934240428,1,1,ok
2,core_support_0,support,studio_M1,28.0,core,union of active frame supports,0.0,200.0,excluded from core FINAL,27.505668934240333,1,1,ok
2,core_support_0,support,phone_F1,29.0,core,union of active frame supports,0.0,200.0,excluded from core FINAL,null,1,2,region_count_or_matching_mismatch
2,core_support_0,support,studio_F1,29.0,core,union of active frame supports,0.0,200.0,excluded from core FINAL,7.505668934240428,1,1,ok
2,core_support_0,support,studio_M1,29.0,core,union of active frame supports,0.0,200.0,excluded from core FINAL,27.505668934240333,1,1,ok
2,core_support_0,support,phone_F1,30.0,core,union of active frame supports,0.0,200.0,excluded from core FINAL,null,1,2,region_count_or_matching_mismatch
2,core_support_0,support,studio_F1,30.0,core,union of active frame supports,0.0,200.0,excluded from core FINAL,7.505668934240428,1,1,ok
2,core_support_0,support,studio_M1,30.0,core,union of active frame supports,0.0,200.0,excluded from core FINAL,27.505668934240333,1,1,ok
2,core_support_0,support,phone_F1,31.0,core,union of active frame supports,0.0,200.0,excluded from core FINAL,null,1,2,region_count_or_matching_mismatch
2,core_support_0,support,studio_F1,31.0,core,union of active frame supports,0.0,200.0,excluded from core FINAL,7.505668934240428,1,1,ok
2,core_support_0,support,studio_M1,31.0,core,union of active frame supports,0.0,200.0,excluded from core FINAL,27.505668934240333,1,1,ok
2,core_support_0,support,phone_F1,32.0,core,union of active frame supports,0.0,200.0,excluded from core FINAL,null,1,2,region_count_or_matching_mismatch
2,core_support_0,support,studio_F1,32.0,core,union of active frame supports,0.0,200.0,excluded from core FINAL,7.505668934240428,1,1,ok
2,core_support_0,support,studio_M1,32.0,core,union of active frame supports,0.0,200.0,excluded from core FINAL,27.505668934240333,1,1,ok
2,core_support_0,support,phone_F1,33.0,core,union of active frame supports,0.0,200.0,excluded from core FINAL,null,1,2,region_count_or_matching_mismatch
2,core_support_0,support,studio_F1,33.0,core,union of active frame supports,0.0,200.0,excluded from core FINAL,7.505668934240428,1,1,ok
2,core_support_0,support,studio_M1,33.0,core,union of active frame supports,0.0,200.0,excluded from core FINAL,27.505668934240333,1,1,ok
2,core_support_0,support,phone_F1,34.0,core,union of active frame supports,0.0,200.0,excluded from core FINAL,null,1,2,region_count_or_matching_mismatch
2,core_support_0,support,studio_F1,34.0,core,union of active frame supports,0.0,200.0,excluded from core FINAL,7.505668934240428,1,1,ok
2,core_support_0,support,studio_M1,34.0,core,union of active frame supports,0.0,200.0,excluded from core FINAL,27.505668934240333,1,1,ok
2,core_support_0,support,phone_F1,35.0,core,union of active frame supports,0.0,200.0,excluded from core FINAL,null,1,2,region_count_or_matching_mismatch
2,core_support_0,support,studio_F1,35.0,core,union of active frame supports,0.0,200.0,excluded from core FINAL,7.505668934240428,1,1,ok
2,core_support_0,support,studio_M1,35.0,core,union of active frame supports,0.0,200.0,excluded from core FINAL,27.505668934240333,1,1,ok
2,core_support_0,support,phone_F1,36.0,core,union of active frame supports,0.0,200.0,excluded from core FINAL,null,1,2,region_count_or_matching_mismatch
2,core_support_0,support,studio_F1,36.0,core,union of active frame supports,0.0,200.0,excluded from core FINAL,7.505668934240428,1,1,ok
2,core_support_0,support,studio_M1,36.0,core,union of active frame supports,0.0,200.0,excluded from core FINAL,27.505668934240333,1,1,ok
2,core_support_0,support,phone_F1,37.0,core,union of active frame supports,0.0,200.0,excluded from core FINAL,null,1,2,region_count_or_matching_mismatch
2,core_support_0,support,studio_F1,37.0,core,union of active frame supports,0.0,200.0,excluded from core FINAL,7.494331065759696,1,1,ok
2,core_support_0,support,studio_M1,37.0,core,union of active frame supports,0.0,200.0,excluded from core FINAL,27.505668934240333,1,1,ok
2,core_support_0,support,phone_F1,38.0,core,union of active frame supports,0.0,200.0,excluded from core FINAL,null,1,2,region_count_or_matching_mismatch
2,core_support_0,support,studio_F1,38.0,core,union of active frame supports,0.0,200.0,excluded from core FINAL,7.494331065759696,1,1,ok
2,core_support_0,support,studio_M1,38.0,core,union of active frame supports,0.0,200.0,excluded from core FINAL,27.505668934240333,1,1,ok
2,core_support_0,support,phone_F1,39.0,core,union of active frame supports,0.0,200.0,excluded from core FINAL,null,1,2,region_count_or_matching_mismatch
2,core_support_0,support,studio_F1,39.0,core,union of active frame supports,0.0,200.0,excluded from core FINAL,7.494331065759696,1,1,ok
2,core_support_0,support,studio_M1,39.0,core,union of active frame supports,0.0,200.0,excluded from core FINAL,27.505668934240333,1,1,ok
2,core_support_0,support,phone_F1,40.0,core,union of active frame supports,0.0,200.0,excluded from core FINAL,null,1,2,region_count_or_matching_mismatch
2,core_support_0,support,studio_F1,40.0,core,union of active frame supports,0.0,200.0,excluded from core FINAL,7.494331065759696,1,1,ok
2,core_support_0,support,studio_M1,40.0,core,union of active frame supports,0.0,200.0,excluded from core FINAL,27.505668934240333,1,1,ok
2,core_support_0,support,phone_F1,41.0,core,union of active frame supports,0.0,200.0,excluded from core FINAL,null,1,2,region_count_or_matching_mismatch
2,core_support_0,support,studio_F1,41.0,core,union of active frame supports,0.0,200.0,excluded from core FINAL,7.494331065759696,1,1,ok
2,core_support_0,support,studio_M1,41.0,core,union of active frame supports,0.0,200.0,excluded from core FINAL,27.505668934240333,1,1,ok
2,core_support_0,support,phone_F1,42.0,core,union of active frame supports,0.0,200.0,excluded from core FINAL,null,1,2,region_count_or_matching_mismatch
2,core_support_0,support,studio_F1,42.0,core,union of active frame supports,0.0,200.0,excluded from core FINAL,7.494331065759696,1,1,ok
2,core_support_0,support,studio_M1,42.0,core,union of active frame supports,0.0,200.0,excluded from core FINAL,27.505668934240333,1,1,ok
2,core_support_0,support,phone_F1,43.0,core,union of active frame supports,0.0,200.0,excluded from core FINAL,null,1,2,region_count_or_matching_mismatch
2,core_support_0,support,studio_F1,43.0,core,union of active frame supports,0.0,200.0,excluded from core FINAL,7.494331065759696,1,1,ok
2,core_support_0,support,studio_M1,43.0,core,union of active frame supports,0.0,200.0,excluded from core FINAL,27.505668934240333,1,1,ok
2,core_support_0,support,phone_F1,44.0,core,union of active frame supports,0.0,200.0,excluded from core FINAL,null,1,2,region_count_or_matching_mismatch
2,core_support_0,support,studio_F1,44.0,core,union of active frame supports,0.0,200.0,excluded from core FINAL,7.494331065759696,1,1,ok
2,core_support_0,support,studio_M1,44.0,core,union of active frame supports,0.0,200.0,excluded from core FINAL,27.505668934240333,1,1,ok
2,core_support_0,support,phone_F1,45.0,core,union of active frame supports,0.0,200.0,excluded from core FINAL,null,1,2,region_count_or_matching_mismatch
2,core_support_0,support,studio_F1,45.0,core,union of active frame supports,0.0,200.0,excluded from core FINAL,7.494331065759696,1,1,ok
2,core_support_0,support,studio_M1,45.0,core,union of active frame supports,0.0,200.0,excluded from core FINAL,27.505668934240333,1,1,ok
2,core_support_0,support,phone_F1,46.0,core,union of active frame supports,0.0,200.0,excluded from core FINAL,null,1,2,region_count_or_matching_mismatch
2,core_support_0,support,studio_F1,46.0,core,union of active frame supports,0.0,200.0,excluded from core FINAL,7.494331065759696,1,1,ok
2,core_support_0,support,studio_M1,46.0,core,union of active frame supports,0.0,200.0,excluded from core FINAL,27.505668934240333,1,1,ok
2,core_support_0,support,phone_F1,47.0,core,union of active frame supports,0.0,200.0,excluded from core FINAL,null,1,2,region_count_or_matching_mismatch
2,core_support_0,support,studio_F1,47.0,core,union of active frame supports,0.0,200.0,excluded from core FINAL,7.494331065759696,1,1,ok
2,core_support_0,support,studio_M1,47.0,core,union of active frame supports,0.0,200.0,excluded from core FINAL,27.505668934240333,1,1,ok
2,core_support_0,support,phone_F1,48.0,core,union of active frame supports,0.0,200.0,excluded from core FINAL,null,1,2,region_count_or_matching_mismatch
2,core_support_0,support,studio_F1,48.0,core,union of active frame supports,0.0,200.0,excluded from core FINAL,7.494331065759696,1,1,ok
2,core_support_0,support,studio_M1,48.0,core,union of active frame supports,0.0,200.0,excluded from core FINAL,27.505668934240333,1,1,ok
2,core_support_0,support,phone_F1,49.0,core,union of active frame supports,0.0,200.0,excluded from core FINAL,null,1,2,region_count_or_matching_mismatch
2,core_support_0,support,studio_F1,49.0,core,union of active frame supports,0.0,200.0,excluded from core FINAL,7.494331065759696,1,1,ok
2,core_support_0,support,studio_M1,49.0,core,union of active frame supports,0.0,200.0,excluded from core FINAL,27.505668934240333,1,1,ok
2,core_support_0,support,phone_F1,50.0,core,union of active frame supports,0.0,200.0,excluded from core FINAL,null,1,2,region_count_or_matching_mismatch
2,core_support_0,support,studio_F1,50.0,core,union of active frame supports,0.0,200.0,excluded from core FINAL,7.494331065759696,1,1,ok
2,core_support_0,support,studio_M1,50.0,core,union of active frame supports,0.0,200.0,excluded from core FINAL,27.505668934240333,1,1,ok
2,core_cells_0,cells,phone_F1,1.0,core,nearest-frame centered decision cells,0.0,200.0,excluded from core FINAL,null,1,3,region_count_or_matching_mismatch
2,core_cells_0,cells,studio_F1,1.0,core,nearest-frame centered decision cells,0.0,200.0,excluded from core FINAL,17.505668934240436,1,1,ok
2,core_cells_0,cells,studio_M1,1.0,core,nearest-frame centered decision cells,0.0,200.0,excluded from core FINAL,50.00000000000004,1,1,ok
2,core_cells_0,cells,phone_F1,2.0,core,nearest-frame centered decision cells,0.0,200.0,excluded from core FINAL,null,1,2,region_count_or_matching_mismatch
2,core_cells_0,cells,studio_F1,2.0,core,nearest-frame centered decision cells,0.0,200.0,excluded from core FINAL,12.505668934240322,1,1,ok
2,core_cells_0,cells,studio_M1,2.0,core,nearest-frame centered decision cells,0.0,200.0,excluded from core FINAL,44.99999999999993,1,1,ok
2,core_cells_0,cells,phone_F1,3.0,core,nearest-frame centered decision cells,0.0,200.0,excluded from core FINAL,null,1,2,region_count_or_matching_mismatch
2,core_cells_0,cells,studio_F1,3.0,core,nearest-frame centered decision cells,0.0,200.0,excluded from core FINAL,12.505668934240322,1,1,ok
2,core_cells_0,cells,studio_M1,3.0,core,nearest-frame centered decision cells,0.0,200.0,excluded from core FINAL,44.99999999999993,1,1,ok
2,core_cells_0,cells,phone_F1,4.0,core,nearest-frame centered decision cells,0.0,200.0,excluded from core FINAL,null,1,2,region_count_or_matching_mismatch
2,core_cells_0,cells,studio_F1,4.0,core,nearest-frame centered decision cells,0.0,200.0,excluded from core FINAL,12.505668934240322,1,1,ok
2,core_cells_0,cells,studio_M1,4.0,core,nearest-frame centered decision cells,0.0,200.0,excluded from core FINAL,40.000000000000036,1,1,ok
2,core_cells_0,cells,phone_F1,5.0,core,nearest-frame centered decision cells,0.0,200.0,excluded from core FINAL,null,1,2,region_count_or_matching_mismatch
2,core_cells_0,cells,studio_F1,5.0,core,nearest-frame centered decision cells,0.0,200.0,excluded from core FINAL,12.505668934240322,1,1,ok
2,core_cells_0,cells,studio_M1,5.0,core,nearest-frame centered decision cells,0.0,200.0,excluded from core FINAL,40.000000000000036,1,1,ok
2,core_cells_0,cells,phone_F1,6.0,core,nearest-frame centered decision cells,0.0,200.0,excluded from core FINAL,null,1,2,region_count_or_matching_mismatch
2,core_cells_0,cells,studio_F1,6.0,core,nearest-frame centered decision cells,0.0,200.0,excluded from core FINAL,12.505668934240322,1,1,ok
2,core_cells_0,cells,studio_M1,6.0,core,nearest-frame centered decision cells,0.0,200.0,excluded from core FINAL,40.000000000000036,1,1,ok
2,core_cells_0,cells,phone_F1,7.0,core,nearest-frame centered decision cells,0.0,200.0,excluded from core FINAL,null,1,2,region_count_or_matching_mismatch
2,core_cells_0,cells,studio_F1,7.0,core,nearest-frame centered decision cells,0.0,200.0,excluded from core FINAL,7.505668934240206,1,1,ok
2,core_cells_0,cells,studio_M1,7.0,core,nearest-frame centered decision cells,0.0,200.0,excluded from core FINAL,40.000000000000036,1,1,ok
2,core_cells_0,cells,phone_F1,8.0,core,nearest-frame centered decision cells,0.0,200.0,excluded from core FINAL,null,1,2,region_count_or_matching_mismatch
2,core_cells_0,cells,studio_F1,8.0,core,nearest-frame centered decision cells,0.0,200.0,excluded from core FINAL,7.505668934240206,1,1,ok
2,core_cells_0,cells,studio_M1,8.0,core,nearest-frame centered decision cells,0.0,200.0,excluded from core FINAL,40.000000000000036,1,1,ok
2,core_cells_0,cells,phone_F1,9.0,core,nearest-frame centered decision cells,0.0,200.0,excluded from core FINAL,null,1,2,region_count_or_matching_mismatch
2,core_cells_0,cells,studio_F1,9.0,core,nearest-frame centered decision cells,0.0,200.0,excluded from core FINAL,7.505668934240206,1,1,ok
2,core_cells_0,cells,studio_M1,9.0,core,nearest-frame centered decision cells,0.0,200.0,excluded from core FINAL,40.000000000000036,1,1,ok
2,core_cells_0,cells,phone_F1,10.0,core,nearest-frame centered decision cells,0.0,200.0,excluded from core FINAL,null,1,2,region_count_or_matching_mismatch
2,core_cells_0,cells,studio_F1,10.0,core,nearest-frame centered decision cells,0.0,200.0,excluded from core FINAL,7.505668934240206,1,1,ok
2,core_cells_0,cells,studio_M1,10.0,core,nearest-frame centered decision cells,0.0,200.0,excluded from core FINAL,35.00000000000014,1,1,ok
2,core_cells_0,cells,phone_F1,11.0,core,nearest-frame centered decision cells,0.0,200.0,excluded from core FINAL,null,1,2,region_count_or_matching_mismatch
2,core_cells_0,cells,studio_F1,11.0,core,nearest-frame centered decision cells,0.0,200.0,excluded from core FINAL,7.505668934240206,1,1,ok
2,core_cells_0,cells,studio_M1,11.0,core,nearest-frame centered decision cells,0.0,200.0,excluded from core FINAL,35.00000000000014,1,1,ok
2,core_cells_0,cells,phone_F1,12.0,core,nearest-frame centered decision cells,0.0,200.0,excluded from core FINAL,null,1,2,region_count_or_matching_mismatch
2,core_cells_0,cells,studio_F1,12.0,core,nearest-frame centered decision cells,0.0,200.0,excluded from core FINAL,7.505668934240206,1,1,ok
2,core_cells_0,cells,studio_M1,12.0,core,nearest-frame centered decision cells,0.0,200.0,excluded from core FINAL,35.00000000000014,1,1,ok
2,core_cells_0,cells,phone_F1,13.0,core,nearest-frame centered decision cells,0.0,200.0,excluded from core FINAL,null,1,2,region_count_or_matching_mismatch
2,core_cells_0,cells,studio_F1,13.0,core,nearest-frame centered decision cells,0.0,200.0,excluded from core FINAL,7.505668934240206,1,1,ok
2,core_cells_0,cells,studio_M1,13.0,core,nearest-frame centered decision cells,0.0,200.0,excluded from core FINAL,35.00000000000014,1,1,ok
2,core_cells_0,cells,phone_F1,14.0,core,nearest-frame centered decision cells,0.0,200.0,excluded from core FINAL,null,1,2,region_count_or_matching_mismatch
2,core_cells_0,cells,studio_F1,14.0,core,nearest-frame centered decision cells,0.0,200.0,excluded from core FINAL,7.505668934240206,1,1,ok
2,core_cells_0,cells,studio_M1,14.0,core,nearest-frame centered decision cells,0.0,200.0,excluded from core FINAL,35.00000000000014,1,1,ok
2,core_cells_0,cells,phone_F1,15.0,core,nearest-frame centered decision cells,0.0,200.0,excluded from core FINAL,null,1,2,region_count_or_matching_mismatch
2,core_cells_0,cells,studio_F1,15.0,core,nearest-frame centered decision cells,0.0,200.0,excluded from core FINAL,7.505668934240206,1,1,ok
2,core_cells_0,cells,studio_M1,15.0,core,nearest-frame centered decision cells,0.0,200.0,excluded from core FINAL,35.00000000000014,1,1,ok
2,core_cells_0,cells,phone_F1,16.0,core,nearest-frame centered decision cells,0.0,200.0,excluded from core FINAL,null,1,2,region_count_or_matching_mismatch
2,core_cells_0,cells,studio_F1,16.0,core,nearest-frame centered decision cells,0.0,200.0,excluded from core FINAL,7.505668934240206,1,1,ok
2,core_cells_0,cells,studio_M1,16.0,core,nearest-frame centered decision cells,0.0,200.0,excluded from core FINAL,35.00000000000014,1,1,ok
2,core_cells_0,cells,phone_F1,17.0,core,nearest-frame centered decision cells,0.0,200.0,excluded from core FINAL,null,1,2,region_count_or_matching_mismatch
2,core_cells_0,cells,studio_F1,17.0,core,nearest-frame centered decision cells,0.0,200.0,excluded from core FINAL,7.505668934240206,1,1,ok
2,core_cells_0,cells,studio_M1,17.0,core,nearest-frame centered decision cells,0.0,200.0,excluded from core FINAL,35.00000000000014,1,1,ok
2,core_cells_0,cells,phone_F1,18.0,core,nearest-frame centered decision cells,0.0,200.0,excluded from core FINAL,null,1,2,region_count_or_matching_mismatch
2,core_cells_0,cells,studio_F1,18.0,core,nearest-frame centered decision cells,0.0,200.0,excluded from core FINAL,7.505668934240206,1,1,ok
2,core_cells_0,cells,studio_M1,18.0,core,nearest-frame centered decision cells,0.0,200.0,excluded from core FINAL,35.00000000000014,1,1,ok
2,core_cells_0,cells,phone_F1,19.0,core,nearest-frame centered decision cells,0.0,200.0,excluded from core FINAL,null,1,2,region_count_or_matching_mismatch
2,core_cells_0,cells,studio_F1,19.0,core,nearest-frame centered decision cells,0.0,200.0,excluded from core FINAL,7.505668934240206,1,1,ok
2,core_cells_0,cells,studio_M1,19.0,core,nearest-frame centered decision cells,0.0,200.0,excluded from core FINAL,35.00000000000014,1,1,ok
2,core_cells_0,cells,phone_F1,20.0,core,nearest-frame centered decision cells,0.0,200.0,excluded from core FINAL,null,1,2,region_count_or_matching_mismatch
2,core_cells_0,cells,studio_F1,20.0,core,nearest-frame centered decision cells,0.0,200.0,excluded from core FINAL,7.505668934240206,1,1,ok
2,core_cells_0,cells,studio_M1,20.0,core,nearest-frame centered decision cells,0.0,200.0,excluded from core FINAL,35.00000000000014,1,1,ok
2,core_cells_0,cells,phone_F1,21.0,core,nearest-frame centered decision cells,0.0,200.0,excluded from core FINAL,null,1,2,region_count_or_matching_mismatch
2,core_cells_0,cells,studio_F1,21.0,core,nearest-frame centered decision cells,0.0,200.0,excluded from core FINAL,7.505668934240206,1,1,ok
2,core_cells_0,cells,studio_M1,21.0,core,nearest-frame centered decision cells,0.0,200.0,excluded from core FINAL,35.00000000000014,1,1,ok
2,core_cells_0,cells,phone_F1,22.0,core,nearest-frame centered decision cells,0.0,200.0,excluded from core FINAL,null,1,2,region_count_or_matching_mismatch
2,core_cells_0,cells,studio_F1,22.0,core,nearest-frame centered decision cells,0.0,200.0,excluded from core FINAL,7.505668934240206,1,1,ok
2,core_cells_0,cells,studio_M1,22.0,core,nearest-frame centered decision cells,0.0,200.0,excluded from core FINAL,35.00000000000014,1,1,ok
2,core_cells_0,cells,phone_F1,23.0,core,nearest-frame centered decision cells,0.0,200.0,excluded from core FINAL,null,1,2,region_count_or_matching_mismatch
2,core_cells_0,cells,studio_F1,23.0,core,nearest-frame centered decision cells,0.0,200.0,excluded from core FINAL,7.505668934240206,1,1,ok
2,core_cells_0,cells,studio_M1,23.0,core,nearest-frame centered decision cells,0.0,200.0,excluded from core FINAL,35.00000000000014,1,1,ok
2,core_cells_0,cells,phone_F1,24.0,core,nearest-frame centered decision cells,0.0,200.0,excluded from core FINAL,null,1,2,region_count_or_matching_mismatch
2,core_cells_0,cells,studio_F1,24.0,core,nearest-frame centered decision cells,0.0,200.0,excluded from core FINAL,7.505668934240206,1,1,ok
2,core_cells_0,cells,studio_M1,24.0,core,nearest-frame centered decision cells,0.0,200.0,excluded from core FINAL,35.00000000000014,1,1,ok
2,core_cells_0,cells,phone_F1,25.0,core,nearest-frame centered decision cells,0.0,200.0,excluded from core FINAL,null,1,2,region_count_or_matching_mismatch
2,core_cells_0,cells,studio_F1,25.0,core,nearest-frame centered decision cells,0.0,200.0,excluded from core FINAL,7.505668934240206,1,1,ok
2,core_cells_0,cells,studio_M1,25.0,core,nearest-frame centered decision cells,0.0,200.0,excluded from core FINAL,35.00000000000014,1,1,ok
2,core_cells_0,cells,phone_F1,26.0,core,nearest-frame centered decision cells,0.0,200.0,excluded from core FINAL,null,1,2,region_count_or_matching_mismatch
2,core_cells_0,cells,studio_F1,26.0,core,nearest-frame centered decision cells,0.0,200.0,excluded from core FINAL,7.505668934240206,1,1,ok
2,core_cells_0,cells,studio_M1,26.0,core,nearest-frame centered decision cells,0.0,200.0,excluded from core FINAL,35.00000000000014,1,1,ok
2,core_cells_0,cells,phone_F1,27.0,core,nearest-frame centered decision cells,0.0,200.0,excluded from core FINAL,null,1,2,region_count_or_matching_mismatch
2,core_cells_0,cells,studio_F1,27.0,core,nearest-frame centered decision cells,0.0,200.0,excluded from core FINAL,7.505668934240206,1,1,ok
2,core_cells_0,cells,studio_M1,27.0,core,nearest-frame centered decision cells,0.0,200.0,excluded from core FINAL,35.00000000000014,1,1,ok
2,core_cells_0,cells,phone_F1,28.0,core,nearest-frame centered decision cells,0.0,200.0,excluded from core FINAL,null,1,2,region_count_or_matching_mismatch
2,core_cells_0,cells,studio_F1,28.0,core,nearest-frame centered decision cells,0.0,200.0,excluded from core FINAL,7.505668934240206,1,1,ok
2,core_cells_0,cells,studio_M1,28.0,core,nearest-frame centered decision cells,0.0,200.0,excluded from core FINAL,35.00000000000014,1,1,ok
2,core_cells_0,cells,phone_F1,29.0,core,nearest-frame centered decision cells,0.0,200.0,excluded from core FINAL,null,1,2,region_count_or_matching_mismatch
2,core_cells_0,cells,studio_F1,29.0,core,nearest-frame centered decision cells,0.0,200.0,excluded from core FINAL,7.505668934240206,1,1,ok
2,core_cells_0,cells,studio_M1,29.0,core,nearest-frame centered decision cells,0.0,200.0,excluded from core FINAL,35.00000000000014,1,1,ok
2,core_cells_0,cells,phone_F1,30.0,core,nearest-frame centered decision cells,0.0,200.0,excluded from core FINAL,null,1,2,region_count_or_matching_mismatch
2,core_cells_0,cells,studio_F1,30.0,core,nearest-frame centered decision cells,0.0,200.0,excluded from core FINAL,7.505668934240206,1,1,ok
2,core_cells_0,cells,studio_M1,30.0,core,nearest-frame centered decision cells,0.0,200.0,excluded from core FINAL,35.00000000000014,1,1,ok
2,core_cells_0,cells,phone_F1,31.0,core,nearest-frame centered decision cells,0.0,200.0,excluded from core FINAL,null,1,2,region_count_or_matching_mismatch
2,core_cells_0,cells,studio_F1,31.0,core,nearest-frame centered decision cells,0.0,200.0,excluded from core FINAL,7.505668934240206,1,1,ok
2,core_cells_0,cells,studio_M1,31.0,core,nearest-frame centered decision cells,0.0,200.0,excluded from core FINAL,35.00000000000014,1,1,ok
2,core_cells_0,cells,phone_F1,32.0,core,nearest-frame centered decision cells,0.0,200.0,excluded from core FINAL,null,1,2,region_count_or_matching_mismatch
2,core_cells_0,cells,studio_F1,32.0,core,nearest-frame centered decision cells,0.0,200.0,excluded from core FINAL,7.505668934240206,1,1,ok
2,core_cells_0,cells,studio_M1,32.0,core,nearest-frame centered decision cells,0.0,200.0,excluded from core FINAL,35.00000000000014,1,1,ok
2,core_cells_0,cells,phone_F1,33.0,core,nearest-frame centered decision cells,0.0,200.0,excluded from core FINAL,null,1,2,region_count_or_matching_mismatch
2,core_cells_0,cells,studio_F1,33.0,core,nearest-frame centered decision cells,0.0,200.0,excluded from core FINAL,7.505668934240206,1,1,ok
2,core_cells_0,cells,studio_M1,33.0,core,nearest-frame centered decision cells,0.0,200.0,excluded from core FINAL,35.00000000000014,1,1,ok
2,core_cells_0,cells,phone_F1,34.0,core,nearest-frame centered decision cells,0.0,200.0,excluded from core FINAL,null,1,2,region_count_or_matching_mismatch
2,core_cells_0,cells,studio_F1,34.0,core,nearest-frame centered decision cells,0.0,200.0,excluded from core FINAL,7.505668934240206,1,1,ok
2,core_cells_0,cells,studio_M1,34.0,core,nearest-frame centered decision cells,0.0,200.0,excluded from core FINAL,35.00000000000014,1,1,ok
2,core_cells_0,cells,phone_F1,35.0,core,nearest-frame centered decision cells,0.0,200.0,excluded from core FINAL,null,1,2,region_count_or_matching_mismatch
2,core_cells_0,cells,studio_F1,35.0,core,nearest-frame centered decision cells,0.0,200.0,excluded from core FINAL,7.505668934240206,1,1,ok
2,core_cells_0,cells,studio_M1,35.0,core,nearest-frame centered decision cells,0.0,200.0,excluded from core FINAL,35.00000000000014,1,1,ok
2,core_cells_0,cells,phone_F1,36.0,core,nearest-frame centered decision cells,0.0,200.0,excluded from core FINAL,null,1,2,region_count_or_matching_mismatch
2,core_cells_0,cells,studio_F1,36.0,core,nearest-frame centered decision cells,0.0,200.0,excluded from core FINAL,7.505668934240206,1,1,ok
2,core_cells_0,cells,studio_M1,36.0,core,nearest-frame centered decision cells,0.0,200.0,excluded from core FINAL,35.00000000000014,1,1,ok
2,core_cells_0,cells,phone_F1,37.0,core,nearest-frame centered decision cells,0.0,200.0,excluded from core FINAL,null,1,2,region_count_or_matching_mismatch
2,core_cells_0,cells,studio_F1,37.0,core,nearest-frame centered decision cells,0.0,200.0,excluded from core FINAL,2.5056689342403127,1,1,ok
2,core_cells_0,cells,studio_M1,37.0,core,nearest-frame centered decision cells,0.0,200.0,excluded from core FINAL,35.00000000000014,1,1,ok
2,core_cells_0,cells,phone_F1,38.0,core,nearest-frame centered decision cells,0.0,200.0,excluded from core FINAL,null,1,2,region_count_or_matching_mismatch
2,core_cells_0,cells,studio_F1,38.0,core,nearest-frame centered decision cells,0.0,200.0,excluded from core FINAL,2.5056689342403127,1,1,ok
2,core_cells_0,cells,studio_M1,38.0,core,nearest-frame centered decision cells,0.0,200.0,excluded from core FINAL,35.00000000000014,1,1,ok
2,core_cells_0,cells,phone_F1,39.0,core,nearest-frame centered decision cells,0.0,200.0,excluded from core FINAL,null,1,2,region_count_or_matching_mismatch
2,core_cells_0,cells,studio_F1,39.0,core,nearest-frame centered decision cells,0.0,200.0,excluded from core FINAL,2.5056689342403127,1,1,ok
2,core_cells_0,cells,studio_M1,39.0,core,nearest-frame centered decision cells,0.0,200.0,excluded from core FINAL,35.00000000000014,1,1,ok
2,core_cells_0,cells,phone_F1,40.0,core,nearest-frame centered decision cells,0.0,200.0,excluded from core FINAL,null,1,2,region_count_or_matching_mismatch
2,core_cells_0,cells,studio_F1,40.0,core,nearest-frame centered decision cells,0.0,200.0,excluded from core FINAL,2.5056689342403127,1,1,ok
2,core_cells_0,cells,studio_M1,40.0,core,nearest-frame centered decision cells,0.0,200.0,excluded from core FINAL,35.00000000000014,1,1,ok
2,core_cells_0,cells,phone_F1,41.0,core,nearest-frame centered decision cells,0.0,200.0,excluded from core FINAL,null,1,2,region_count_or_matching_mismatch
2,core_cells_0,cells,studio_F1,41.0,core,nearest-frame centered decision cells,0.0,200.0,excluded from core FINAL,2.5056689342403127,1,1,ok
2,core_cells_0,cells,studio_M1,41.0,core,nearest-frame centered decision cells,0.0,200.0,excluded from core FINAL,35.00000000000014,1,1,ok
2,core_cells_0,cells,phone_F1,42.0,core,nearest-frame centered decision cells,0.0,200.0,excluded from core FINAL,null,1,2,region_count_or_matching_mismatch
2,core_cells_0,cells,studio_F1,42.0,core,nearest-frame centered decision cells,0.0,200.0,excluded from core FINAL,2.5056689342403127,1,1,ok
2,core_cells_0,cells,studio_M1,42.0,core,nearest-frame centered decision cells,0.0,200.0,excluded from core FINAL,35.00000000000014,1,1,ok
2,core_cells_0,cells,phone_F1,43.0,core,nearest-frame centered decision cells,0.0,200.0,excluded from core FINAL,null,1,2,region_count_or_matching_mismatch
2,core_cells_0,cells,studio_F1,43.0,core,nearest-frame centered decision cells,0.0,200.0,excluded from core FINAL,2.5056689342403127,1,1,ok
2,core_cells_0,cells,studio_M1,43.0,core,nearest-frame centered decision cells,0.0,200.0,excluded from core FINAL,35.00000000000014,1,1,ok
2,core_cells_0,cells,phone_F1,44.0,core,nearest-frame centered decision cells,0.0,200.0,excluded from core FINAL,null,1,2,region_count_or_matching_mismatch
2,core_cells_0,cells,studio_F1,44.0,core,nearest-frame centered decision cells,0.0,200.0,excluded from core FINAL,2.5056689342403127,1,1,ok
2,core_cells_0,cells,studio_M1,44.0,core,nearest-frame centered decision cells,0.0,200.0,excluded from core FINAL,35.00000000000014,1,1,ok
2,core_cells_0,cells,phone_F1,45.0,core,nearest-frame centered decision cells,0.0,200.0,excluded from core FINAL,null,1,2,region_count_or_matching_mismatch
2,core_cells_0,cells,studio_F1,45.0,core,nearest-frame centered decision cells,0.0,200.0,excluded from core FINAL,2.5056689342403127,1,1,ok
2,core_cells_0,cells,studio_M1,45.0,core,nearest-frame centered decision cells,0.0,200.0,excluded from core FINAL,35.00000000000014,1,1,ok
2,core_cells_0,cells,phone_F1,46.0,core,nearest-frame centered decision cells,0.0,200.0,excluded from core FINAL,null,1,2,region_count_or_matching_mismatch
2,core_cells_0,cells,studio_F1,46.0,core,nearest-frame centered decision cells,0.0,200.0,excluded from core FINAL,2.5056689342403127,1,1,ok
2,core_cells_0,cells,studio_M1,46.0,core,nearest-frame centered decision cells,0.0,200.0,excluded from core FINAL,35.00000000000014,1,1,ok
2,core_cells_0,cells,phone_F1,47.0,core,nearest-frame centered decision cells,0.0,200.0,excluded from core FINAL,null,1,2,region_count_or_matching_mismatch
2,core_cells_0,cells,studio_F1,47.0,core,nearest-frame centered decision cells,0.0,200.0,excluded from core FINAL,2.5056689342403127,1,1,ok
2,core_cells_0,cells,studio_M1,47.0,core,nearest-frame centered decision cells,0.0,200.0,excluded from core FINAL,35.00000000000014,1,1,ok
2,core_cells_0,cells,phone_F1,48.0,core,nearest-frame centered decision cells,0.0,200.0,excluded from core FINAL,null,1,2,region_count_or_matching_mismatch
2,core_cells_0,cells,studio_F1,48.0,core,nearest-frame centered decision cells,0.0,200.0,excluded from core FINAL,2.5056689342403127,1,1,ok
2,core_cells_0,cells,studio_M1,48.0,core,nearest-frame centered decision cells,0.0,200.0,excluded from core FINAL,35.00000000000014,1,1,ok
2,core_cells_0,cells,phone_F1,49.0,core,nearest-frame centered decision cells,0.0,200.0,excluded from core FINAL,null,1,2,region_count_or_matching_mismatch
2,core_cells_0,cells,studio_F1,49.0,core,nearest-frame centered decision cells,0.0,200.0,excluded from core FINAL,2.5056689342403127,1,1,ok
2,core_cells_0,cells,studio_M1,49.0,core,nearest-frame centered decision cells,0.0,200.0,excluded from core FINAL,35.00000000000014,1,1,ok
2,core_cells_0,cells,phone_F1,50.0,core,nearest-frame centered decision cells,0.0,200.0,excluded from core FINAL,null,1,2,region_count_or_matching_mismatch
2,core_cells_0,cells,studio_F1,50.0,core,nearest-frame centered decision cells,0.0,200.0,excluded from core FINAL,2.5056689342403127,1,1,ok
2,core_cells_0,cells,studio_M1,50.0,core,nearest-frame centered decision cells,0.0,200.0,excluded from core FINAL,35.00000000000014,1,1,ok
2,core_support_100,support,phone_F1,1.0,core,union of active frame supports,100.0,200.0,excluded from core FINAL,null,1,2,region_count_or_matching_mismatch
2,core_support_100,support,studio_F1,1.0,core,union of active frame supports,100.0,200.0,excluded from core FINAL,17.505668934240216,1,1,ok
2,core_support_100,support,studio_M1,1.0,core,union of active frame supports,100.0,200.0,excluded from core FINAL,42.50566893424046,1,1,ok
2,core_support_100,support,phone_F1,2.0,core,union of active frame supports,100.0,200.0,excluded from core FINAL,null,1,2,region_count_or_matching_mismatch
2,core_support_100,support,studio_F1,2.0,core,union of active frame supports,100.0,200.0,excluded from core FINAL,12.505668934240322,1,1,ok
2,core_support_100,support,studio_M1,2.0,core,union of active frame supports,100.0,200.0,excluded from core FINAL,37.50566893424035,1,1,ok
2,core_support_100,support,phone_F1,3.0,core,union of active frame supports,100.0,200.0,excluded from core FINAL,null,1,2,region_count_or_matching_mismatch
2,core_support_100,support,studio_F1,3.0,core,union of active frame supports,100.0,200.0,excluded from core FINAL,12.505668934240322,1,1,ok
2,core_support_100,support,studio_M1,3.0,core,union of active frame supports,100.0,200.0,excluded from core FINAL,37.50566893424035,1,1,ok
2,core_support_100,support,phone_F1,4.0,core,union of active frame supports,100.0,200.0,excluded from core FINAL,null,1,2,region_count_or_matching_mismatch
2,core_support_100,support,studio_F1,4.0,core,union of active frame supports,100.0,200.0,excluded from core FINAL,12.505668934240322,1,1,ok
2,core_support_100,support,studio_M1,4.0,core,union of active frame supports,100.0,200.0,excluded from core FINAL,32.50566893424045,1,1,ok
2,core_support_100,support,phone_F1,5.0,core,union of active frame supports,100.0,200.0,excluded from core FINAL,null,1,2,region_count_or_matching_mismatch
2,core_support_100,support,studio_F1,5.0,core,union of active frame supports,100.0,200.0,excluded from core FINAL,12.505668934240322,1,1,ok
2,core_support_100,support,studio_M1,5.0,core,union of active frame supports,100.0,200.0,excluded from core FINAL,32.50566893424045,1,1,ok
2,core_support_100,support,phone_F1,6.0,core,union of active frame supports,100.0,200.0,excluded from core FINAL,null,1,2,region_count_or_matching_mismatch
2,core_support_100,support,studio_F1,6.0,core,union of active frame supports,100.0,200.0,excluded from core FINAL,12.505668934240322,1,1,ok
2,core_support_100,support,studio_M1,6.0,core,union of active frame supports,100.0,200.0,excluded from core FINAL,32.50566893424045,1,1,ok
2,core_support_100,support,phone_F1,7.0,core,union of active frame supports,100.0,200.0,excluded from core FINAL,null,1,2,region_count_or_matching_mismatch
2,core_support_100,support,studio_F1,7.0,core,union of active frame supports,100.0,200.0,excluded from core FINAL,7.505668934240428,1,1,ok
2,core_support_100,support,studio_M1,7.0,core,union of active frame supports,100.0,200.0,excluded from core FINAL,32.50566893424045,1,1,ok
2,core_support_100,support,phone_F1,8.0,core,union of active frame supports,100.0,200.0,excluded from core FINAL,null,1,2,region_count_or_matching_mismatch
2,core_support_100,support,studio_F1,8.0,core,union of active frame supports,100.0,200.0,excluded from core FINAL,7.505668934240428,1,1,ok
2,core_support_100,support,studio_M1,8.0,core,union of active frame supports,100.0,200.0,excluded from core FINAL,32.50566893424045,1,1,ok
2,core_support_100,support,phone_F1,9.0,core,union of active frame supports,100.0,200.0,excluded from core FINAL,null,1,2,region_count_or_matching_mismatch
2,core_support_100,support,studio_F1,9.0,core,union of active frame supports,100.0,200.0,excluded from core FINAL,7.505668934240428,1,1,ok
2,core_support_100,support,studio_M1,9.0,core,union of active frame supports,100.0,200.0,excluded from core FINAL,32.50566893424045,1,1,ok
2,core_support_100,support,phone_F1,10.0,core,union of active frame supports,100.0,200.0,excluded from core FINAL,null,1,2,region_count_or_matching_mismatch
2,core_support_100,support,studio_F1,10.0,core,union of active frame supports,100.0,200.0,excluded from core FINAL,7.505668934240428,1,1,ok
2,core_support_100,support,studio_M1,10.0,core,union of active frame supports,100.0,200.0,excluded from core FINAL,27.505668934240333,1,1,ok
2,core_support_100,support,phone_F1,11.0,core,union of active frame supports,100.0,200.0,excluded from core FINAL,null,1,2,region_count_or_matching_mismatch
2,core_support_100,support,studio_F1,11.0,core,union of active frame supports,100.0,200.0,excluded from core FINAL,7.505668934240428,1,1,ok
2,core_support_100,support,studio_M1,11.0,core,union of active frame supports,100.0,200.0,excluded from core FINAL,27.505668934240333,1,1,ok
2,core_support_100,support,phone_F1,12.0,core,union of active frame supports,100.0,200.0,excluded from core FINAL,null,1,2,region_count_or_matching_mismatch
2,core_support_100,support,studio_F1,12.0,core,union of active frame supports,100.0,200.0,excluded from core FINAL,7.505668934240428,1,1,ok
2,core_support_100,support,studio_M1,12.0,core,union of active frame supports,100.0,200.0,excluded from core FINAL,27.505668934240333,1,1,ok
2,core_support_100,support,phone_F1,13.0,core,union of active frame supports,100.0,200.0,excluded from core FINAL,null,1,2,region_count_or_matching_mismatch
2,core_support_100,support,studio_F1,13.0,core,union of active frame supports,100.0,200.0,excluded from core FINAL,7.505668934240428,1,1,ok
2,core_support_100,support,studio_M1,13.0,core,union of active frame supports,100.0,200.0,excluded from core FINAL,27.505668934240333,1,1,ok
2,core_support_100,support,phone_F1,14.0,core,union of active frame supports,100.0,200.0,excluded from core FINAL,null,1,2,region_count_or_matching_mismatch
2,core_support_100,support,studio_F1,14.0,core,union of active frame supports,100.0,200.0,excluded from core FINAL,7.505668934240428,1,1,ok
2,core_support_100,support,studio_M1,14.0,core,union of active frame supports,100.0,200.0,excluded from core FINAL,27.505668934240333,1,1,ok
2,core_support_100,support,phone_F1,15.0,core,union of active frame supports,100.0,200.0,excluded from core FINAL,null,1,2,region_count_or_matching_mismatch
2,core_support_100,support,studio_F1,15.0,core,union of active frame supports,100.0,200.0,excluded from core FINAL,7.505668934240428,1,1,ok
2,core_support_100,support,studio_M1,15.0,core,union of active frame supports,100.0,200.0,excluded from core FINAL,27.505668934240333,1,1,ok
2,core_support_100,support,phone_F1,16.0,core,union of active frame supports,100.0,200.0,excluded from core FINAL,null,1,2,region_count_or_matching_mismatch
2,core_support_100,support,studio_F1,16.0,core,union of active frame supports,100.0,200.0,excluded from core FINAL,7.505668934240428,1,1,ok
2,core_support_100,support,studio_M1,16.0,core,union of active frame supports,100.0,200.0,excluded from core FINAL,27.505668934240333,1,1,ok
2,core_support_100,support,phone_F1,17.0,core,union of active frame supports,100.0,200.0,excluded from core FINAL,null,1,2,region_count_or_matching_mismatch
2,core_support_100,support,studio_F1,17.0,core,union of active frame supports,100.0,200.0,excluded from core FINAL,7.505668934240428,1,1,ok
2,core_support_100,support,studio_M1,17.0,core,union of active frame supports,100.0,200.0,excluded from core FINAL,27.505668934240333,1,1,ok
2,core_support_100,support,phone_F1,18.0,core,union of active frame supports,100.0,200.0,excluded from core FINAL,null,1,2,region_count_or_matching_mismatch
2,core_support_100,support,studio_F1,18.0,core,union of active frame supports,100.0,200.0,excluded from core FINAL,7.505668934240428,1,1,ok
2,core_support_100,support,studio_M1,18.0,core,union of active frame supports,100.0,200.0,excluded from core FINAL,27.505668934240333,1,1,ok
2,core_support_100,support,phone_F1,19.0,core,union of active frame supports,100.0,200.0,excluded from core FINAL,null,1,2,region_count_or_matching_mismatch
2,core_support_100,support,studio_F1,19.0,core,union of active frame supports,100.0,200.0,excluded from core FINAL,7.505668934240428,1,1,ok
2,core_support_100,support,studio_M1,19.0,core,union of active frame supports,100.0,200.0,excluded from core FINAL,27.505668934240333,1,1,ok
2,core_support_100,support,phone_F1,20.0,core,union of active frame supports,100.0,200.0,excluded from core FINAL,null,1,2,region_count_or_matching_mismatch
2,core_support_100,support,studio_F1,20.0,core,union of active frame supports,100.0,200.0,excluded from core FINAL,7.505668934240428,1,1,ok
2,core_support_100,support,studio_M1,20.0,core,union of active frame supports,100.0,200.0,excluded from core FINAL,27.505668934240333,1,1,ok
2,core_support_100,support,phone_F1,21.0,core,union of active frame supports,100.0,200.0,excluded from core FINAL,null,1,2,region_count_or_matching_mismatch
2,core_support_100,support,studio_F1,21.0,core,union of active frame supports,100.0,200.0,excluded from core FINAL,7.505668934240428,1,1,ok
2,core_support_100,support,studio_M1,21.0,core,union of active frame supports,100.0,200.0,excluded from core FINAL,27.505668934240333,1,1,ok
2,core_support_100,support,phone_F1,22.0,core,union of active frame supports,100.0,200.0,excluded from core FINAL,null,1,2,region_count_or_matching_mismatch
2,core_support_100,support,studio_F1,22.0,core,union of active frame supports,100.0,200.0,excluded from core FINAL,7.505668934240428,1,1,ok
2,core_support_100,support,studio_M1,22.0,core,union of active frame supports,100.0,200.0,excluded from core FINAL,27.505668934240333,1,1,ok
2,core_support_100,support,phone_F1,23.0,core,union of active frame supports,100.0,200.0,excluded from core FINAL,null,1,2,region_count_or_matching_mismatch
2,core_support_100,support,studio_F1,23.0,core,union of active frame supports,100.0,200.0,excluded from core FINAL,7.505668934240428,1,1,ok
2,core_support_100,support,studio_M1,23.0,core,union of active frame supports,100.0,200.0,excluded from core FINAL,27.505668934240333,1,1,ok
2,core_support_100,support,phone_F1,24.0,core,union of active frame supports,100.0,200.0,excluded from core FINAL,null,1,2,region_count_or_matching_mismatch
2,core_support_100,support,studio_F1,24.0,core,union of active frame supports,100.0,200.0,excluded from core FINAL,7.505668934240428,1,1,ok
2,core_support_100,support,studio_M1,24.0,core,union of active frame supports,100.0,200.0,excluded from core FINAL,27.505668934240333,1,1,ok
2,core_support_100,support,phone_F1,25.0,core,union of active frame supports,100.0,200.0,excluded from core FINAL,null,1,2,region_count_or_matching_mismatch
2,core_support_100,support,studio_F1,25.0,core,union of active frame supports,100.0,200.0,excluded from core FINAL,7.505668934240428,1,1,ok
2,core_support_100,support,studio_M1,25.0,core,union of active frame supports,100.0,200.0,excluded from core FINAL,27.505668934240333,1,1,ok
2,core_support_100,support,phone_F1,26.0,core,union of active frame supports,100.0,200.0,excluded from core FINAL,null,1,2,region_count_or_matching_mismatch
2,core_support_100,support,studio_F1,26.0,core,union of active frame supports,100.0,200.0,excluded from core FINAL,7.505668934240428,1,1,ok
2,core_support_100,support,studio_M1,26.0,core,union of active frame supports,100.0,200.0,excluded from core FINAL,27.505668934240333,1,1,ok
2,core_support_100,support,phone_F1,27.0,core,union of active frame supports,100.0,200.0,excluded from core FINAL,null,1,2,region_count_or_matching_mismatch
2,core_support_100,support,studio_F1,27.0,core,union of active frame supports,100.0,200.0,excluded from core FINAL,7.505668934240428,1,1,ok
2,core_support_100,support,studio_M1,27.0,core,union of active frame supports,100.0,200.0,excluded from core FINAL,27.505668934240333,1,1,ok
2,core_support_100,support,phone_F1,28.0,core,union of active frame supports,100.0,200.0,excluded from core FINAL,null,1,2,region_count_or_matching_mismatch
2,core_support_100,support,studio_F1,28.0,core,union of active frame supports,100.0,200.0,excluded from core FINAL,7.505668934240428,1,1,ok
2,core_support_100,support,studio_M1,28.0,core,union of active frame supports,100.0,200.0,excluded from core FINAL,27.505668934240333,1,1,ok
2,core_support_100,support,phone_F1,29.0,core,union of active frame supports,100.0,200.0,excluded from core FINAL,null,1,2,region_count_or_matching_mismatch
2,core_support_100,support,studio_F1,29.0,core,union of active frame supports,100.0,200.0,excluded from core FINAL,7.505668934240428,1,1,ok
2,core_support_100,support,studio_M1,29.0,core,union of active frame supports,100.0,200.0,excluded from core FINAL,27.505668934240333,1,1,ok
2,core_support_100,support,phone_F1,30.0,core,union of active frame supports,100.0,200.0,excluded from core FINAL,null,1,2,region_count_or_matching_mismatch
2,core_support_100,support,studio_F1,30.0,core,union of active frame supports,100.0,200.0,excluded from core FINAL,7.505668934240428,1,1,ok
2,core_support_100,support,studio_M1,30.0,core,union of active frame supports,100.0,200.0,excluded from core FINAL,27.505668934240333,1,1,ok
2,core_support_100,support,phone_F1,31.0,core,union of active frame supports,100.0,200.0,excluded from core FINAL,null,1,2,region_count_or_matching_mismatch
2,core_support_100,support,studio_F1,31.0,core,union of active frame supports,100.0,200.0,excluded from core FINAL,7.505668934240428,1,1,ok
2,core_support_100,support,studio_M1,31.0,core,union of active frame supports,100.0,200.0,excluded from core FINAL,27.505668934240333,1,1,ok
2,core_support_100,support,phone_F1,32.0,core,union of active frame supports,100.0,200.0,excluded from core FINAL,null,1,2,region_count_or_matching_mismatch
2,core_support_100,support,studio_F1,32.0,core,union of active frame supports,100.0,200.0,excluded from core FINAL,7.505668934240428,1,1,ok
2,core_support_100,support,studio_M1,32.0,core,union of active frame supports,100.0,200.0,excluded from core FINAL,27.505668934240333,1,1,ok
2,core_support_100,support,phone_F1,33.0,core,union of active frame supports,100.0,200.0,excluded from core FINAL,null,1,2,region_count_or_matching_mismatch
2,core_support_100,support,studio_F1,33.0,core,union of active frame supports,100.0,200.0,excluded from core FINAL,7.505668934240428,1,1,ok
2,core_support_100,support,studio_M1,33.0,core,union of active frame supports,100.0,200.0,excluded from core FINAL,27.505668934240333,1,1,ok
2,core_support_100,support,phone_F1,34.0,core,union of active frame supports,100.0,200.0,excluded from core FINAL,null,1,2,region_count_or_matching_mismatch
2,core_support_100,support,studio_F1,34.0,core,union of active frame supports,100.0,200.0,excluded from core FINAL,7.505668934240428,1,1,ok
2,core_support_100,support,studio_M1,34.0,core,union of active frame supports,100.0,200.0,excluded from core FINAL,27.505668934240333,1,1,ok
2,core_support_100,support,phone_F1,35.0,core,union of active frame supports,100.0,200.0,excluded from core FINAL,null,1,2,region_count_or_matching_mismatch
2,core_support_100,support,studio_F1,35.0,core,union of active frame supports,100.0,200.0,excluded from core FINAL,7.505668934240428,1,1,ok
2,core_support_100,support,studio_M1,35.0,core,union of active frame supports,100.0,200.0,excluded from core FINAL,27.505668934240333,1,1,ok
2,core_support_100,support,phone_F1,36.0,core,union of active frame supports,100.0,200.0,excluded from core FINAL,null,1,2,region_count_or_matching_mismatch
2,core_support_100,support,studio_F1,36.0,core,union of active frame supports,100.0,200.0,excluded from core FINAL,7.505668934240428,1,1,ok
2,core_support_100,support,studio_M1,36.0,core,union of active frame supports,100.0,200.0,excluded from core FINAL,27.505668934240333,1,1,ok
2,core_support_100,support,phone_F1,37.0,core,union of active frame supports,100.0,200.0,excluded from core FINAL,null,1,2,region_count_or_matching_mismatch
2,core_support_100,support,studio_F1,37.0,core,union of active frame supports,100.0,200.0,excluded from core FINAL,7.494331065759696,1,1,ok
2,core_support_100,support,studio_M1,37.0,core,union of active frame supports,100.0,200.0,excluded from core FINAL,27.505668934240333,1,1,ok
2,core_support_100,support,phone_F1,38.0,core,union of active frame supports,100.0,200.0,excluded from core FINAL,null,1,2,region_count_or_matching_mismatch
2,core_support_100,support,studio_F1,38.0,core,union of active frame supports,100.0,200.0,excluded from core FINAL,7.494331065759696,1,1,ok
2,core_support_100,support,studio_M1,38.0,core,union of active frame supports,100.0,200.0,excluded from core FINAL,27.505668934240333,1,1,ok
2,core_support_100,support,phone_F1,39.0,core,union of active frame supports,100.0,200.0,excluded from core FINAL,null,1,2,region_count_or_matching_mismatch
2,core_support_100,support,studio_F1,39.0,core,union of active frame supports,100.0,200.0,excluded from core FINAL,7.494331065759696,1,1,ok
2,core_support_100,support,studio_M1,39.0,core,union of active frame supports,100.0,200.0,excluded from core FINAL,27.505668934240333,1,1,ok
2,core_support_100,support,phone_F1,40.0,core,union of active frame supports,100.0,200.0,excluded from core FINAL,null,1,2,region_count_or_matching_mismatch
2,core_support_100,support,studio_F1,40.0,core,union of active frame supports,100.0,200.0,excluded from core FINAL,7.494331065759696,1,1,ok
2,core_support_100,support,studio_M1,40.0,core,union of active frame supports,100.0,200.0,excluded from core FINAL,27.505668934240333,1,1,ok
2,core_support_100,support,phone_F1,41.0,core,union of active frame supports,100.0,200.0,excluded from core FINAL,null,1,2,region_count_or_matching_mismatch
2,core_support_100,support,studio_F1,41.0,core,union of active frame supports,100.0,200.0,excluded from core FINAL,7.494331065759696,1,1,ok
2,core_support_100,support,studio_M1,41.0,core,union of active frame supports,100.0,200.0,excluded from core FINAL,27.505668934240333,1,1,ok
2,core_support_100,support,phone_F1,42.0,core,union of active frame supports,100.0,200.0,excluded from core FINAL,null,1,2,region_count_or_matching_mismatch
2,core_support_100,support,studio_F1,42.0,core,union of active frame supports,100.0,200.0,excluded from core FINAL,7.494331065759696,1,1,ok
2,core_support_100,support,studio_M1,42.0,core,union of active frame supports,100.0,200.0,excluded from core FINAL,27.505668934240333,1,1,ok
2,core_support_100,support,phone_F1,43.0,core,union of active frame supports,100.0,200.0,excluded from core FINAL,null,1,2,region_count_or_matching_mismatch
2,core_support_100,support,studio_F1,43.0,core,union of active frame supports,100.0,200.0,excluded from core FINAL,7.494331065759696,1,1,ok
2,core_support_100,support,studio_M1,43.0,core,union of active frame supports,100.0,200.0,excluded from core FINAL,27.505668934240333,1,1,ok
2,core_support_100,support,phone_F1,44.0,core,union of active frame supports,100.0,200.0,excluded from core FINAL,null,1,2,region_count_or_matching_mismatch
2,core_support_100,support,studio_F1,44.0,core,union of active frame supports,100.0,200.0,excluded from core FINAL,7.494331065759696,1,1,ok
2,core_support_100,support,studio_M1,44.0,core,union of active frame supports,100.0,200.0,excluded from core FINAL,27.505668934240333,1,1,ok
2,core_support_100,support,phone_F1,45.0,core,union of active frame supports,100.0,200.0,excluded from core FINAL,null,1,2,region_count_or_matching_mismatch
2,core_support_100,support,studio_F1,45.0,core,union of active frame supports,100.0,200.0,excluded from core FINAL,7.494331065759696,1,1,ok
2,core_support_100,support,studio_M1,45.0,core,union of active frame supports,100.0,200.0,excluded from core FINAL,27.505668934240333,1,1,ok
2,core_support_100,support,phone_F1,46.0,core,union of active frame supports,100.0,200.0,excluded from core FINAL,null,1,2,region_count_or_matching_mismatch
2,core_support_100,support,studio_F1,46.0,core,union of active frame supports,100.0,200.0,excluded from core FINAL,7.494331065759696,1,1,ok
2,core_support_100,support,studio_M1,46.0,core,union of active frame supports,100.0,200.0,excluded from core FINAL,27.505668934240333,1,1,ok
2,core_support_100,support,phone_F1,47.0,core,union of active frame supports,100.0,200.0,excluded from core FINAL,null,1,2,region_count_or_matching_mismatch
2,core_support_100,support,studio_F1,47.0,core,union of active frame supports,100.0,200.0,excluded from core FINAL,7.494331065759696,1,1,ok
2,core_support_100,support,studio_M1,47.0,core,union of active frame supports,100.0,200.0,excluded from core FINAL,27.505668934240333,1,1,ok
2,core_support_100,support,phone_F1,48.0,core,union of active frame supports,100.0,200.0,excluded from core FINAL,null,1,2,region_count_or_matching_mismatch
2,core_support_100,support,studio_F1,48.0,core,union of active frame supports,100.0,200.0,excluded from core FINAL,7.494331065759696,1,1,ok
2,core_support_100,support,studio_M1,48.0,core,union of active frame supports,100.0,200.0,excluded from core FINAL,27.505668934240333,1,1,ok
2,core_support_100,support,phone_F1,49.0,core,union of active frame supports,100.0,200.0,excluded from core FINAL,null,1,2,region_count_or_matching_mismatch
2,core_support_100,support,studio_F1,49.0,core,union of active frame supports,100.0,200.0,excluded from core FINAL,7.494331065759696,1,1,ok
2,core_support_100,support,studio_M1,49.0,core,union of active frame supports,100.0,200.0,excluded from core FINAL,27.505668934240333,1,1,ok
2,core_support_100,support,phone_F1,50.0,core,union of active frame supports,100.0,200.0,excluded from core FINAL,null,1,2,region_count_or_matching_mismatch
2,core_support_100,support,studio_F1,50.0,core,union of active frame supports,100.0,200.0,excluded from core FINAL,7.494331065759696,1,1,ok
2,core_support_100,support,studio_M1,50.0,core,union of active frame supports,100.0,200.0,excluded from core FINAL,27.505668934240333,1,1,ok
2,enhanced_support_100,support,phone_F1,1.0,enhanced,union of active frame supports,100.0,200.0,candidate diagnostics only,2.4999999999999467,1,1,ok
2,enhanced_support_100,support,studio_F1,1.0,enhanced,union of active frame supports,100.0,200.0,candidate diagnostics only,17.494331065759596,1,1,ok
2,enhanced_support_100,support,studio_M1,1.0,enhanced,union of active frame supports,100.0,200.0,candidate diagnostics only,22.49433106575971,1,1,ok
2,enhanced_support_100,support,phone_F1,2.0,enhanced,union of active frame supports,100.0,200.0,candidate diagnostics only,2.4999999999999467,1,1,ok
2,enhanced_support_100,support,studio_F1,2.0,enhanced,union of active frame supports,100.0,200.0,candidate diagnostics only,17.494331065759596,1,1,ok
2,enhanced_support_100,support,studio_M1,2.0,enhanced,union of active frame supports,100.0,200.0,candidate diagnostics only,22.49433106575971,1,1,ok
2,enhanced_support_100,support,phone_F1,3.0,enhanced,union of active frame supports,100.0,200.0,candidate diagnostics only,2.4999999999999467,1,1,ok
2,enhanced_support_100,support,studio_F1,3.0,enhanced,union of active frame supports,100.0,200.0,candidate diagnostics only,17.494331065759596,1,1,ok
2,enhanced_support_100,support,studio_M1,3.0,enhanced,union of active frame supports,100.0,200.0,candidate diagnostics only,22.49433106575971,1,1,ok
2,enhanced_support_100,support,phone_F1,4.0,enhanced,union of active frame supports,100.0,200.0,candidate diagnostics only,2.4999999999999467,1,1,ok
2,enhanced_support_100,support,studio_F1,4.0,enhanced,union of active frame supports,100.0,200.0,candidate diagnostics only,17.494331065759596,1,1,ok
2,enhanced_support_100,support,studio_M1,4.0,enhanced,union of active frame supports,100.0,200.0,candidate diagnostics only,22.49433106575971,1,1,ok
2,enhanced_support_100,support,phone_F1,5.0,enhanced,union of active frame supports,100.0,200.0,candidate diagnostics only,2.4999999999999467,1,1,ok
2,enhanced_support_100,support,studio_F1,5.0,enhanced,union of active frame supports,100.0,200.0,candidate diagnostics only,17.494331065759596,1,1,ok
2,enhanced_support_100,support,studio_M1,5.0,enhanced,union of active frame supports,100.0,200.0,candidate diagnostics only,22.49433106575971,1,1,ok
2,enhanced_support_100,support,phone_F1,6.0,enhanced,union of active frame supports,100.0,200.0,candidate diagnostics only,2.4999999999999467,1,1,ok
2,enhanced_support_100,support,studio_F1,6.0,enhanced,union of active frame supports,100.0,200.0,candidate diagnostics only,17.494331065759596,1,1,ok
2,enhanced_support_100,support,studio_M1,6.0,enhanced,union of active frame supports,100.0,200.0,candidate diagnostics only,22.49433106575971,1,1,ok
2,enhanced_support_100,support,phone_F1,7.0,enhanced,union of active frame supports,100.0,200.0,candidate diagnostics only,2.4999999999999467,1,1,ok
2,enhanced_support_100,support,studio_F1,7.0,enhanced,union of active frame supports,100.0,200.0,candidate diagnostics only,17.494331065759596,1,1,ok
2,enhanced_support_100,support,studio_M1,7.0,enhanced,union of active frame supports,100.0,200.0,candidate diagnostics only,22.49433106575971,1,1,ok
2,enhanced_support_100,support,phone_F1,8.0,enhanced,union of active frame supports,100.0,200.0,candidate diagnostics only,2.4999999999999467,1,1,ok
2,enhanced_support_100,support,studio_F1,8.0,enhanced,union of active frame supports,100.0,200.0,candidate diagnostics only,17.494331065759596,1,1,ok
2,enhanced_support_100,support,studio_M1,8.0,enhanced,union of active frame supports,100.0,200.0,candidate diagnostics only,22.49433106575971,1,1,ok
2,enhanced_support_100,support,phone_F1,9.0,enhanced,union of active frame supports,100.0,200.0,candidate diagnostics only,2.4999999999999467,1,1,ok
2,enhanced_support_100,support,studio_F1,9.0,enhanced,union of active frame supports,100.0,200.0,candidate diagnostics only,17.494331065759596,1,1,ok
2,enhanced_support_100,support,studio_M1,9.0,enhanced,union of active frame supports,100.0,200.0,candidate diagnostics only,22.49433106575971,1,1,ok
2,enhanced_support_100,support,phone_F1,10.0,enhanced,union of active frame supports,100.0,200.0,candidate diagnostics only,2.4999999999999467,1,1,ok
2,enhanced_support_100,support,studio_F1,10.0,enhanced,union of active frame supports,100.0,200.0,candidate diagnostics only,17.494331065759596,1,1,ok
2,enhanced_support_100,support,studio_M1,10.0,enhanced,union of active frame supports,100.0,200.0,candidate diagnostics only,22.49433106575971,1,1,ok
2,enhanced_support_100,support,phone_F1,11.0,enhanced,union of active frame supports,100.0,200.0,candidate diagnostics only,2.4999999999999467,1,1,ok
2,enhanced_support_100,support,studio_F1,11.0,enhanced,union of active frame supports,100.0,200.0,candidate diagnostics only,17.494331065759596,1,1,ok
2,enhanced_support_100,support,studio_M1,11.0,enhanced,union of active frame supports,100.0,200.0,candidate diagnostics only,22.49433106575971,1,1,ok
2,enhanced_support_100,support,phone_F1,12.0,enhanced,union of active frame supports,100.0,200.0,candidate diagnostics only,2.4999999999999467,1,1,ok
2,enhanced_support_100,support,studio_F1,12.0,enhanced,union of active frame supports,100.0,200.0,candidate diagnostics only,17.494331065759596,1,1,ok
2,enhanced_support_100,support,studio_M1,12.0,enhanced,union of active frame supports,100.0,200.0,candidate diagnostics only,22.49433106575971,1,1,ok
2,enhanced_support_100,support,phone_F1,13.0,enhanced,union of active frame supports,100.0,200.0,candidate diagnostics only,2.4999999999999467,1,1,ok
2,enhanced_support_100,support,studio_F1,13.0,enhanced,union of active frame supports,100.0,200.0,candidate diagnostics only,17.494331065759596,1,1,ok
2,enhanced_support_100,support,studio_M1,13.0,enhanced,union of active frame supports,100.0,200.0,candidate diagnostics only,22.49433106575971,1,1,ok
2,enhanced_support_100,support,phone_F1,14.0,enhanced,union of active frame supports,100.0,200.0,candidate diagnostics only,2.4999999999999467,1,1,ok
2,enhanced_support_100,support,studio_F1,14.0,enhanced,union of active frame supports,100.0,200.0,candidate diagnostics only,17.494331065759596,1,1,ok
2,enhanced_support_100,support,studio_M1,14.0,enhanced,union of active frame supports,100.0,200.0,candidate diagnostics only,22.49433106575971,1,1,ok
2,enhanced_support_100,support,phone_F1,15.0,enhanced,union of active frame supports,100.0,200.0,candidate diagnostics only,2.4999999999999467,1,1,ok
2,enhanced_support_100,support,studio_F1,15.0,enhanced,union of active frame supports,100.0,200.0,candidate diagnostics only,17.494331065759596,1,1,ok
2,enhanced_support_100,support,studio_M1,15.0,enhanced,union of active frame supports,100.0,200.0,candidate diagnostics only,22.49433106575971,1,1,ok
2,enhanced_support_100,support,phone_F1,16.0,enhanced,union of active frame supports,100.0,200.0,candidate diagnostics only,2.4999999999999467,1,1,ok
2,enhanced_support_100,support,studio_F1,16.0,enhanced,union of active frame supports,100.0,200.0,candidate diagnostics only,17.494331065759596,1,1,ok
2,enhanced_support_100,support,studio_M1,16.0,enhanced,union of active frame supports,100.0,200.0,candidate diagnostics only,22.49433106575971,1,1,ok
2,enhanced_support_100,support,phone_F1,17.0,enhanced,union of active frame supports,100.0,200.0,candidate diagnostics only,2.4999999999999467,1,1,ok
2,enhanced_support_100,support,studio_F1,17.0,enhanced,union of active frame supports,100.0,200.0,candidate diagnostics only,17.494331065759596,1,1,ok
2,enhanced_support_100,support,studio_M1,17.0,enhanced,union of active frame supports,100.0,200.0,candidate diagnostics only,22.49433106575971,1,1,ok
2,enhanced_support_100,support,phone_F1,18.0,enhanced,union of active frame supports,100.0,200.0,candidate diagnostics only,2.4999999999999467,1,1,ok
2,enhanced_support_100,support,studio_F1,18.0,enhanced,union of active frame supports,100.0,200.0,candidate diagnostics only,17.494331065759596,1,1,ok
2,enhanced_support_100,support,studio_M1,18.0,enhanced,union of active frame supports,100.0,200.0,candidate diagnostics only,22.49433106575971,1,1,ok
2,enhanced_support_100,support,phone_F1,19.0,enhanced,union of active frame supports,100.0,200.0,candidate diagnostics only,2.4999999999999467,1,1,ok
2,enhanced_support_100,support,studio_F1,19.0,enhanced,union of active frame supports,100.0,200.0,candidate diagnostics only,17.494331065759596,1,1,ok
2,enhanced_support_100,support,studio_M1,19.0,enhanced,union of active frame supports,100.0,200.0,candidate diagnostics only,22.49433106575971,1,1,ok
2,enhanced_support_100,support,phone_F1,20.0,enhanced,union of active frame supports,100.0,200.0,candidate diagnostics only,2.4999999999999467,1,1,ok
2,enhanced_support_100,support,studio_F1,20.0,enhanced,union of active frame supports,100.0,200.0,candidate diagnostics only,17.494331065759596,1,1,ok
2,enhanced_support_100,support,studio_M1,20.0,enhanced,union of active frame supports,100.0,200.0,candidate diagnostics only,22.49433106575971,1,1,ok
2,enhanced_support_100,support,phone_F1,21.0,enhanced,union of active frame supports,100.0,200.0,candidate diagnostics only,2.4999999999999467,1,1,ok
2,enhanced_support_100,support,studio_F1,21.0,enhanced,union of active frame supports,100.0,200.0,candidate diagnostics only,17.494331065759596,1,1,ok
2,enhanced_support_100,support,studio_M1,21.0,enhanced,union of active frame supports,100.0,200.0,candidate diagnostics only,22.49433106575971,1,1,ok
2,enhanced_support_100,support,phone_F1,22.0,enhanced,union of active frame supports,100.0,200.0,candidate diagnostics only,2.4999999999999467,1,1,ok
2,enhanced_support_100,support,studio_F1,22.0,enhanced,union of active frame supports,100.0,200.0,candidate diagnostics only,17.494331065759596,1,1,ok
2,enhanced_support_100,support,studio_M1,22.0,enhanced,union of active frame supports,100.0,200.0,candidate diagnostics only,22.49433106575971,1,1,ok
2,enhanced_support_100,support,phone_F1,23.0,enhanced,union of active frame supports,100.0,200.0,candidate diagnostics only,2.4999999999999467,1,1,ok
2,enhanced_support_100,support,studio_F1,23.0,enhanced,union of active frame supports,100.0,200.0,candidate diagnostics only,17.494331065759596,1,1,ok
2,enhanced_support_100,support,studio_M1,23.0,enhanced,union of active frame supports,100.0,200.0,candidate diagnostics only,22.49433106575971,1,1,ok
2,enhanced_support_100,support,phone_F1,24.0,enhanced,union of active frame supports,100.0,200.0,candidate diagnostics only,2.4999999999999467,1,1,ok
2,enhanced_support_100,support,studio_F1,24.0,enhanced,union of active frame supports,100.0,200.0,candidate diagnostics only,17.494331065759596,1,1,ok
2,enhanced_support_100,support,studio_M1,24.0,enhanced,union of active frame supports,100.0,200.0,candidate diagnostics only,22.49433106575971,1,1,ok
2,enhanced_support_100,support,phone_F1,25.0,enhanced,union of active frame supports,100.0,200.0,candidate diagnostics only,2.4999999999999467,1,1,ok
2,enhanced_support_100,support,studio_F1,25.0,enhanced,union of active frame supports,100.0,200.0,candidate diagnostics only,17.494331065759596,1,1,ok
2,enhanced_support_100,support,studio_M1,25.0,enhanced,union of active frame supports,100.0,200.0,candidate diagnostics only,22.49433106575971,1,1,ok
2,enhanced_support_100,support,phone_F1,26.0,enhanced,union of active frame supports,100.0,200.0,candidate diagnostics only,2.4999999999999467,1,1,ok
2,enhanced_support_100,support,studio_F1,26.0,enhanced,union of active frame supports,100.0,200.0,candidate diagnostics only,17.494331065759596,1,1,ok
2,enhanced_support_100,support,studio_M1,26.0,enhanced,union of active frame supports,100.0,200.0,candidate diagnostics only,22.49433106575971,1,1,ok
2,enhanced_support_100,support,phone_F1,27.0,enhanced,union of active frame supports,100.0,200.0,candidate diagnostics only,2.4999999999999467,1,1,ok
2,enhanced_support_100,support,studio_F1,27.0,enhanced,union of active frame supports,100.0,200.0,candidate diagnostics only,17.494331065759596,1,1,ok
2,enhanced_support_100,support,studio_M1,27.0,enhanced,union of active frame supports,100.0,200.0,candidate diagnostics only,22.49433106575971,1,1,ok
2,enhanced_support_100,support,phone_F1,28.0,enhanced,union of active frame supports,100.0,200.0,candidate diagnostics only,2.4999999999999467,1,1,ok
2,enhanced_support_100,support,studio_F1,28.0,enhanced,union of active frame supports,100.0,200.0,candidate diagnostics only,17.494331065759596,1,1,ok
2,enhanced_support_100,support,studio_M1,28.0,enhanced,union of active frame supports,100.0,200.0,candidate diagnostics only,22.49433106575971,1,1,ok
2,enhanced_support_100,support,phone_F1,29.0,enhanced,union of active frame supports,100.0,200.0,candidate diagnostics only,2.4999999999999467,1,1,ok
2,enhanced_support_100,support,studio_F1,29.0,enhanced,union of active frame supports,100.0,200.0,candidate diagnostics only,17.494331065759596,1,1,ok
2,enhanced_support_100,support,studio_M1,29.0,enhanced,union of active frame supports,100.0,200.0,candidate diagnostics only,22.49433106575971,1,1,ok
2,enhanced_support_100,support,phone_F1,30.0,enhanced,union of active frame supports,100.0,200.0,candidate diagnostics only,2.4999999999999467,1,1,ok
2,enhanced_support_100,support,studio_F1,30.0,enhanced,union of active frame supports,100.0,200.0,candidate diagnostics only,17.494331065759596,1,1,ok
2,enhanced_support_100,support,studio_M1,30.0,enhanced,union of active frame supports,100.0,200.0,candidate diagnostics only,22.49433106575971,1,1,ok
2,enhanced_support_100,support,phone_F1,31.0,enhanced,union of active frame supports,100.0,200.0,candidate diagnostics only,2.4999999999999467,1,1,ok
2,enhanced_support_100,support,studio_F1,31.0,enhanced,union of active frame supports,100.0,200.0,candidate diagnostics only,17.494331065759596,1,1,ok
2,enhanced_support_100,support,studio_M1,31.0,enhanced,union of active frame supports,100.0,200.0,candidate diagnostics only,22.49433106575971,1,1,ok
2,enhanced_support_100,support,phone_F1,32.0,enhanced,union of active frame supports,100.0,200.0,candidate diagnostics only,2.4999999999999467,1,1,ok
2,enhanced_support_100,support,studio_F1,32.0,enhanced,union of active frame supports,100.0,200.0,candidate diagnostics only,17.494331065759596,1,1,ok
2,enhanced_support_100,support,studio_M1,32.0,enhanced,union of active frame supports,100.0,200.0,candidate diagnostics only,22.49433106575971,1,1,ok
2,enhanced_support_100,support,phone_F1,33.0,enhanced,union of active frame supports,100.0,200.0,candidate diagnostics only,2.4999999999999467,1,1,ok
2,enhanced_support_100,support,studio_F1,33.0,enhanced,union of active frame supports,100.0,200.0,candidate diagnostics only,17.494331065759596,1,1,ok
2,enhanced_support_100,support,studio_M1,33.0,enhanced,union of active frame supports,100.0,200.0,candidate diagnostics only,22.49433106575971,1,1,ok
2,enhanced_support_100,support,phone_F1,34.0,enhanced,union of active frame supports,100.0,200.0,candidate diagnostics only,2.4999999999999467,1,1,ok
2,enhanced_support_100,support,studio_F1,34.0,enhanced,union of active frame supports,100.0,200.0,candidate diagnostics only,17.494331065759596,1,1,ok
2,enhanced_support_100,support,studio_M1,34.0,enhanced,union of active frame supports,100.0,200.0,candidate diagnostics only,22.49433106575971,1,1,ok
2,enhanced_support_100,support,phone_F1,35.0,enhanced,union of active frame supports,100.0,200.0,candidate diagnostics only,2.4999999999999467,1,1,ok
2,enhanced_support_100,support,studio_F1,35.0,enhanced,union of active frame supports,100.0,200.0,candidate diagnostics only,17.494331065759596,1,1,ok
2,enhanced_support_100,support,studio_M1,35.0,enhanced,union of active frame supports,100.0,200.0,candidate diagnostics only,22.49433106575971,1,1,ok
2,enhanced_support_100,support,phone_F1,36.0,enhanced,union of active frame supports,100.0,200.0,candidate diagnostics only,2.4999999999999467,1,1,ok
2,enhanced_support_100,support,studio_F1,36.0,enhanced,union of active frame supports,100.0,200.0,candidate diagnostics only,17.494331065759596,1,1,ok
2,enhanced_support_100,support,studio_M1,36.0,enhanced,union of active frame supports,100.0,200.0,candidate diagnostics only,22.49433106575971,1,1,ok
2,enhanced_support_100,support,phone_F1,37.0,enhanced,union of active frame supports,100.0,200.0,candidate diagnostics only,2.4999999999999467,1,1,ok
2,enhanced_support_100,support,studio_F1,37.0,enhanced,union of active frame supports,100.0,200.0,candidate diagnostics only,17.494331065759596,1,1,ok
2,enhanced_support_100,support,studio_M1,37.0,enhanced,union of active frame supports,100.0,200.0,candidate diagnostics only,22.49433106575971,1,1,ok
2,enhanced_support_100,support,phone_F1,38.0,enhanced,union of active frame supports,100.0,200.0,candidate diagnostics only,2.4999999999999467,1,1,ok
2,enhanced_support_100,support,studio_F1,38.0,enhanced,union of active frame supports,100.0,200.0,candidate diagnostics only,17.494331065759596,1,1,ok
2,enhanced_support_100,support,studio_M1,38.0,enhanced,union of active frame supports,100.0,200.0,candidate diagnostics only,22.49433106575971,1,1,ok
2,enhanced_support_100,support,phone_F1,39.0,enhanced,union of active frame supports,100.0,200.0,candidate diagnostics only,2.4999999999999467,1,1,ok
2,enhanced_support_100,support,studio_F1,39.0,enhanced,union of active frame supports,100.0,200.0,candidate diagnostics only,17.494331065759596,1,1,ok
2,enhanced_support_100,support,studio_M1,39.0,enhanced,union of active frame supports,100.0,200.0,candidate diagnostics only,22.49433106575971,1,1,ok
2,enhanced_support_100,support,phone_F1,40.0,enhanced,union of active frame supports,100.0,200.0,candidate diagnostics only,2.4999999999999467,1,1,ok
2,enhanced_support_100,support,studio_F1,40.0,enhanced,union of active frame supports,100.0,200.0,candidate diagnostics only,17.494331065759596,1,1,ok
2,enhanced_support_100,support,studio_M1,40.0,enhanced,union of active frame supports,100.0,200.0,candidate diagnostics only,22.49433106575971,1,1,ok
2,enhanced_support_100,support,phone_F1,41.0,enhanced,union of active frame supports,100.0,200.0,candidate diagnostics only,2.4999999999999467,1,1,ok
2,enhanced_support_100,support,studio_F1,41.0,enhanced,union of active frame supports,100.0,200.0,candidate diagnostics only,17.494331065759596,1,1,ok
2,enhanced_support_100,support,studio_M1,41.0,enhanced,union of active frame supports,100.0,200.0,candidate diagnostics only,22.49433106575971,1,1,ok
2,enhanced_support_100,support,phone_F1,42.0,enhanced,union of active frame supports,100.0,200.0,candidate diagnostics only,2.4999999999999467,1,1,ok
2,enhanced_support_100,support,studio_F1,42.0,enhanced,union of active frame supports,100.0,200.0,candidate diagnostics only,17.494331065759596,1,1,ok
2,enhanced_support_100,support,studio_M1,42.0,enhanced,union of active frame supports,100.0,200.0,candidate diagnostics only,22.49433106575971,1,1,ok
2,enhanced_support_100,support,phone_F1,43.0,enhanced,union of active frame supports,100.0,200.0,candidate diagnostics only,2.4999999999999467,1,1,ok
2,enhanced_support_100,support,studio_F1,43.0,enhanced,union of active frame supports,100.0,200.0,candidate diagnostics only,17.494331065759596,1,1,ok
2,enhanced_support_100,support,studio_M1,43.0,enhanced,union of active frame supports,100.0,200.0,candidate diagnostics only,22.49433106575971,1,1,ok
2,enhanced_support_100,support,phone_F1,44.0,enhanced,union of active frame supports,100.0,200.0,candidate diagnostics only,2.4999999999999467,1,1,ok
2,enhanced_support_100,support,studio_F1,44.0,enhanced,union of active frame supports,100.0,200.0,candidate diagnostics only,17.494331065759596,1,1,ok
2,enhanced_support_100,support,studio_M1,44.0,enhanced,union of active frame supports,100.0,200.0,candidate diagnostics only,22.49433106575971,1,1,ok
2,enhanced_support_100,support,phone_F1,45.0,enhanced,union of active frame supports,100.0,200.0,candidate diagnostics only,2.4999999999999467,1,1,ok
2,enhanced_support_100,support,studio_F1,45.0,enhanced,union of active frame supports,100.0,200.0,candidate diagnostics only,17.494331065759596,1,1,ok
2,enhanced_support_100,support,studio_M1,45.0,enhanced,union of active frame supports,100.0,200.0,candidate diagnostics only,22.49433106575971,1,1,ok
2,enhanced_support_100,support,phone_F1,46.0,enhanced,union of active frame supports,100.0,200.0,candidate diagnostics only,2.4999999999999467,1,1,ok
2,enhanced_support_100,support,studio_F1,46.0,enhanced,union of active frame supports,100.0,200.0,candidate diagnostics only,17.494331065759596,1,1,ok
2,enhanced_support_100,support,studio_M1,46.0,enhanced,union of active frame supports,100.0,200.0,candidate diagnostics only,22.49433106575971,1,1,ok
2,enhanced_support_100,support,phone_F1,47.0,enhanced,union of active frame supports,100.0,200.0,candidate diagnostics only,2.4999999999999467,1,1,ok
2,enhanced_support_100,support,studio_F1,47.0,enhanced,union of active frame supports,100.0,200.0,candidate diagnostics only,17.494331065759596,1,1,ok
2,enhanced_support_100,support,studio_M1,47.0,enhanced,union of active frame supports,100.0,200.0,candidate diagnostics only,22.49433106575971,1,1,ok
2,enhanced_support_100,support,phone_F1,48.0,enhanced,union of active frame supports,100.0,200.0,candidate diagnostics only,2.4999999999999467,1,1,ok
2,enhanced_support_100,support,studio_F1,48.0,enhanced,union of active frame supports,100.0,200.0,candidate diagnostics only,17.494331065759596,1,1,ok
2,enhanced_support_100,support,studio_M1,48.0,enhanced,union of active frame supports,100.0,200.0,candidate diagnostics only,22.49433106575971,1,1,ok
2,enhanced_support_100,support,phone_F1,49.0,enhanced,union of active frame supports,100.0,200.0,candidate diagnostics only,2.4999999999999467,1,1,ok
2,enhanced_support_100,support,studio_F1,49.0,enhanced,union of active frame supports,100.0,200.0,candidate diagnostics only,17.494331065759596,1,1,ok
2,enhanced_support_100,support,studio_M1,49.0,enhanced,union of active frame supports,100.0,200.0,candidate diagnostics only,22.49433106575971,1,1,ok
2,enhanced_support_100,support,phone_F1,50.0,enhanced,union of active frame supports,100.0,200.0,candidate diagnostics only,2.4999999999999467,1,1,ok
2,enhanced_support_100,support,studio_F1,50.0,enhanced,union of active frame supports,100.0,200.0,candidate diagnostics only,17.494331065759596,1,1,ok
2,enhanced_support_100,support,studio_M1,50.0,enhanced,union of active frame supports,100.0,200.0,candidate diagnostics only,22.49433106575971,1,1,ok
2,enhanced_cells_100,cells,phone_F1,1.0,enhanced,nearest-frame centered decision cells,100.0,200.0,candidate diagnostics only,4.9999999999999485,1,1,ok
2,enhanced_cells_100,cells,studio_F1,1.0,enhanced,nearest-frame centered decision cells,100.0,200.0,candidate diagnostics only,10.000000000000009,1,1,ok
2,enhanced_cells_100,cells,studio_M1,1.0,enhanced,nearest-frame centered decision cells,100.0,200.0,candidate diagnostics only,24.999999999999915,1,1,ok
2,enhanced_cells_100,cells,phone_F1,2.0,enhanced,nearest-frame centered decision cells,100.0,200.0,candidate diagnostics only,4.9999999999999485,1,1,ok
2,enhanced_cells_100,cells,studio_F1,2.0,enhanced,nearest-frame centered decision cells,100.0,200.0,candidate diagnostics only,10.000000000000009,1,1,ok
2,enhanced_cells_100,cells,studio_M1,2.0,enhanced,nearest-frame centered decision cells,100.0,200.0,candidate diagnostics only,24.999999999999915,1,1,ok
2,enhanced_cells_100,cells,phone_F1,3.0,enhanced,nearest-frame centered decision cells,100.0,200.0,candidate diagnostics only,4.9999999999999485,1,1,ok
2,enhanced_cells_100,cells,studio_F1,3.0,enhanced,nearest-frame centered decision cells,100.0,200.0,candidate diagnostics only,10.000000000000009,1,1,ok
2,enhanced_cells_100,cells,studio_M1,3.0,enhanced,nearest-frame centered decision cells,100.0,200.0,candidate diagnostics only,24.999999999999915,1,1,ok
2,enhanced_cells_100,cells,phone_F1,4.0,enhanced,nearest-frame centered decision cells,100.0,200.0,candidate diagnostics only,4.9999999999999485,1,1,ok
2,enhanced_cells_100,cells,studio_F1,4.0,enhanced,nearest-frame centered decision cells,100.0,200.0,candidate diagnostics only,10.000000000000009,1,1,ok
2,enhanced_cells_100,cells,studio_M1,4.0,enhanced,nearest-frame centered decision cells,100.0,200.0,candidate diagnostics only,24.999999999999915,1,1,ok
2,enhanced_cells_100,cells,phone_F1,5.0,enhanced,nearest-frame centered decision cells,100.0,200.0,candidate diagnostics only,4.9999999999999485,1,1,ok
2,enhanced_cells_100,cells,studio_F1,5.0,enhanced,nearest-frame centered decision cells,100.0,200.0,candidate diagnostics only,10.000000000000009,1,1,ok
2,enhanced_cells_100,cells,studio_M1,5.0,enhanced,nearest-frame centered decision cells,100.0,200.0,candidate diagnostics only,24.999999999999915,1,1,ok
2,enhanced_cells_100,cells,phone_F1,6.0,enhanced,nearest-frame centered decision cells,100.0,200.0,candidate diagnostics only,4.9999999999999485,1,1,ok
2,enhanced_cells_100,cells,studio_F1,6.0,enhanced,nearest-frame centered decision cells,100.0,200.0,candidate diagnostics only,10.000000000000009,1,1,ok
2,enhanced_cells_100,cells,studio_M1,6.0,enhanced,nearest-frame centered decision cells,100.0,200.0,candidate diagnostics only,24.999999999999915,1,1,ok
2,enhanced_cells_100,cells,phone_F1,7.0,enhanced,nearest-frame centered decision cells,100.0,200.0,candidate diagnostics only,4.9999999999999485,1,1,ok
2,enhanced_cells_100,cells,studio_F1,7.0,enhanced,nearest-frame centered decision cells,100.0,200.0,candidate diagnostics only,10.000000000000009,1,1,ok
2,enhanced_cells_100,cells,studio_M1,7.0,enhanced,nearest-frame centered decision cells,100.0,200.0,candidate diagnostics only,24.999999999999915,1,1,ok
2,enhanced_cells_100,cells,phone_F1,8.0,enhanced,nearest-frame centered decision cells,100.0,200.0,candidate diagnostics only,4.9999999999999485,1,1,ok
2,enhanced_cells_100,cells,studio_F1,8.0,enhanced,nearest-frame centered decision cells,100.0,200.0,candidate diagnostics only,10.000000000000009,1,1,ok
2,enhanced_cells_100,cells,studio_M1,8.0,enhanced,nearest-frame centered decision cells,100.0,200.0,candidate diagnostics only,24.999999999999915,1,1,ok
2,enhanced_cells_100,cells,phone_F1,9.0,enhanced,nearest-frame centered decision cells,100.0,200.0,candidate diagnostics only,4.9999999999999485,1,1,ok
2,enhanced_cells_100,cells,studio_F1,9.0,enhanced,nearest-frame centered decision cells,100.0,200.0,candidate diagnostics only,10.000000000000009,1,1,ok
2,enhanced_cells_100,cells,studio_M1,9.0,enhanced,nearest-frame centered decision cells,100.0,200.0,candidate diagnostics only,24.999999999999915,1,1,ok
2,enhanced_cells_100,cells,phone_F1,10.0,enhanced,nearest-frame centered decision cells,100.0,200.0,candidate diagnostics only,4.9999999999999485,1,1,ok
2,enhanced_cells_100,cells,studio_F1,10.0,enhanced,nearest-frame centered decision cells,100.0,200.0,candidate diagnostics only,10.000000000000009,1,1,ok
2,enhanced_cells_100,cells,studio_M1,10.0,enhanced,nearest-frame centered decision cells,100.0,200.0,candidate diagnostics only,24.999999999999915,1,1,ok
2,enhanced_cells_100,cells,phone_F1,11.0,enhanced,nearest-frame centered decision cells,100.0,200.0,candidate diagnostics only,4.9999999999999485,1,1,ok
2,enhanced_cells_100,cells,studio_F1,11.0,enhanced,nearest-frame centered decision cells,100.0,200.0,candidate diagnostics only,10.000000000000009,1,1,ok
2,enhanced_cells_100,cells,studio_M1,11.0,enhanced,nearest-frame centered decision cells,100.0,200.0,candidate diagnostics only,24.999999999999915,1,1,ok
2,enhanced_cells_100,cells,phone_F1,12.0,enhanced,nearest-frame centered decision cells,100.0,200.0,candidate diagnostics only,4.9999999999999485,1,1,ok
2,enhanced_cells_100,cells,studio_F1,12.0,enhanced,nearest-frame centered decision cells,100.0,200.0,candidate diagnostics only,10.000000000000009,1,1,ok
2,enhanced_cells_100,cells,studio_M1,12.0,enhanced,nearest-frame centered decision cells,100.0,200.0,candidate diagnostics only,24.999999999999915,1,1,ok
2,enhanced_cells_100,cells,phone_F1,13.0,enhanced,nearest-frame centered decision cells,100.0,200.0,candidate diagnostics only,4.9999999999999485,1,1,ok
2,enhanced_cells_100,cells,studio_F1,13.0,enhanced,nearest-frame centered decision cells,100.0,200.0,candidate diagnostics only,10.000000000000009,1,1,ok
2,enhanced_cells_100,cells,studio_M1,13.0,enhanced,nearest-frame centered decision cells,100.0,200.0,candidate diagnostics only,24.999999999999915,1,1,ok
2,enhanced_cells_100,cells,phone_F1,14.0,enhanced,nearest-frame centered decision cells,100.0,200.0,candidate diagnostics only,4.9999999999999485,1,1,ok
2,enhanced_cells_100,cells,studio_F1,14.0,enhanced,nearest-frame centered decision cells,100.0,200.0,candidate diagnostics only,10.000000000000009,1,1,ok
2,enhanced_cells_100,cells,studio_M1,14.0,enhanced,nearest-frame centered decision cells,100.0,200.0,candidate diagnostics only,24.999999999999915,1,1,ok
2,enhanced_cells_100,cells,phone_F1,15.0,enhanced,nearest-frame centered decision cells,100.0,200.0,candidate diagnostics only,4.9999999999999485,1,1,ok
2,enhanced_cells_100,cells,studio_F1,15.0,enhanced,nearest-frame centered decision cells,100.0,200.0,candidate diagnostics only,10.000000000000009,1,1,ok
2,enhanced_cells_100,cells,studio_M1,15.0,enhanced,nearest-frame centered decision cells,100.0,200.0,candidate diagnostics only,24.999999999999915,1,1,ok
2,enhanced_cells_100,cells,phone_F1,16.0,enhanced,nearest-frame centered decision cells,100.0,200.0,candidate diagnostics only,4.9999999999999485,1,1,ok
2,enhanced_cells_100,cells,studio_F1,16.0,enhanced,nearest-frame centered decision cells,100.0,200.0,candidate diagnostics only,10.000000000000009,1,1,ok
2,enhanced_cells_100,cells,studio_M1,16.0,enhanced,nearest-frame centered decision cells,100.0,200.0,candidate diagnostics only,24.999999999999915,1,1,ok
2,enhanced_cells_100,cells,phone_F1,17.0,enhanced,nearest-frame centered decision cells,100.0,200.0,candidate diagnostics only,4.9999999999999485,1,1,ok
2,enhanced_cells_100,cells,studio_F1,17.0,enhanced,nearest-frame centered decision cells,100.0,200.0,candidate diagnostics only,10.000000000000009,1,1,ok
2,enhanced_cells_100,cells,studio_M1,17.0,enhanced,nearest-frame centered decision cells,100.0,200.0,candidate diagnostics only,24.999999999999915,1,1,ok
2,enhanced_cells_100,cells,phone_F1,18.0,enhanced,nearest-frame centered decision cells,100.0,200.0,candidate diagnostics only,4.9999999999999485,1,1,ok
2,enhanced_cells_100,cells,studio_F1,18.0,enhanced,nearest-frame centered decision cells,100.0,200.0,candidate diagnostics only,10.000000000000009,1,1,ok
2,enhanced_cells_100,cells,studio_M1,18.0,enhanced,nearest-frame centered decision cells,100.0,200.0,candidate diagnostics only,24.999999999999915,1,1,ok
2,enhanced_cells_100,cells,phone_F1,19.0,enhanced,nearest-frame centered decision cells,100.0,200.0,candidate diagnostics only,4.9999999999999485,1,1,ok
2,enhanced_cells_100,cells,studio_F1,19.0,enhanced,nearest-frame centered decision cells,100.0,200.0,candidate diagnostics only,10.000000000000009,1,1,ok
2,enhanced_cells_100,cells,studio_M1,19.0,enhanced,nearest-frame centered decision cells,100.0,200.0,candidate diagnostics only,24.999999999999915,1,1,ok
2,enhanced_cells_100,cells,phone_F1,20.0,enhanced,nearest-frame centered decision cells,100.0,200.0,candidate diagnostics only,4.9999999999999485,1,1,ok
2,enhanced_cells_100,cells,studio_F1,20.0,enhanced,nearest-frame centered decision cells,100.0,200.0,candidate diagnostics only,10.000000000000009,1,1,ok
2,enhanced_cells_100,cells,studio_M1,20.0,enhanced,nearest-frame centered decision cells,100.0,200.0,candidate diagnostics only,24.999999999999915,1,1,ok
2,enhanced_cells_100,cells,phone_F1,21.0,enhanced,nearest-frame centered decision cells,100.0,200.0,candidate diagnostics only,4.9999999999999485,1,1,ok
2,enhanced_cells_100,cells,studio_F1,21.0,enhanced,nearest-frame centered decision cells,100.0,200.0,candidate diagnostics only,10.000000000000009,1,1,ok
2,enhanced_cells_100,cells,studio_M1,21.0,enhanced,nearest-frame centered decision cells,100.0,200.0,candidate diagnostics only,24.999999999999915,1,1,ok
2,enhanced_cells_100,cells,phone_F1,22.0,enhanced,nearest-frame centered decision cells,100.0,200.0,candidate diagnostics only,4.9999999999999485,1,1,ok
2,enhanced_cells_100,cells,studio_F1,22.0,enhanced,nearest-frame centered decision cells,100.0,200.0,candidate diagnostics only,10.000000000000009,1,1,ok
2,enhanced_cells_100,cells,studio_M1,22.0,enhanced,nearest-frame centered decision cells,100.0,200.0,candidate diagnostics only,24.999999999999915,1,1,ok
2,enhanced_cells_100,cells,phone_F1,23.0,enhanced,nearest-frame centered decision cells,100.0,200.0,candidate diagnostics only,4.9999999999999485,1,1,ok
2,enhanced_cells_100,cells,studio_F1,23.0,enhanced,nearest-frame centered decision cells,100.0,200.0,candidate diagnostics only,10.000000000000009,1,1,ok
2,enhanced_cells_100,cells,studio_M1,23.0,enhanced,nearest-frame centered decision cells,100.0,200.0,candidate diagnostics only,24.999999999999915,1,1,ok
2,enhanced_cells_100,cells,phone_F1,24.0,enhanced,nearest-frame centered decision cells,100.0,200.0,candidate diagnostics only,4.9999999999999485,1,1,ok
2,enhanced_cells_100,cells,studio_F1,24.0,enhanced,nearest-frame centered decision cells,100.0,200.0,candidate diagnostics only,10.000000000000009,1,1,ok
2,enhanced_cells_100,cells,studio_M1,24.0,enhanced,nearest-frame centered decision cells,100.0,200.0,candidate diagnostics only,24.999999999999915,1,1,ok
2,enhanced_cells_100,cells,phone_F1,25.0,enhanced,nearest-frame centered decision cells,100.0,200.0,candidate diagnostics only,4.9999999999999485,1,1,ok
2,enhanced_cells_100,cells,studio_F1,25.0,enhanced,nearest-frame centered decision cells,100.0,200.0,candidate diagnostics only,10.000000000000009,1,1,ok
2,enhanced_cells_100,cells,studio_M1,25.0,enhanced,nearest-frame centered decision cells,100.0,200.0,candidate diagnostics only,24.999999999999915,1,1,ok
2,enhanced_cells_100,cells,phone_F1,26.0,enhanced,nearest-frame centered decision cells,100.0,200.0,candidate diagnostics only,4.9999999999999485,1,1,ok
2,enhanced_cells_100,cells,studio_F1,26.0,enhanced,nearest-frame centered decision cells,100.0,200.0,candidate diagnostics only,10.000000000000009,1,1,ok
2,enhanced_cells_100,cells,studio_M1,26.0,enhanced,nearest-frame centered decision cells,100.0,200.0,candidate diagnostics only,24.999999999999915,1,1,ok
2,enhanced_cells_100,cells,phone_F1,27.0,enhanced,nearest-frame centered decision cells,100.0,200.0,candidate diagnostics only,4.9999999999999485,1,1,ok
2,enhanced_cells_100,cells,studio_F1,27.0,enhanced,nearest-frame centered decision cells,100.0,200.0,candidate diagnostics only,10.000000000000009,1,1,ok
2,enhanced_cells_100,cells,studio_M1,27.0,enhanced,nearest-frame centered decision cells,100.0,200.0,candidate diagnostics only,24.999999999999915,1,1,ok
2,enhanced_cells_100,cells,phone_F1,28.0,enhanced,nearest-frame centered decision cells,100.0,200.0,candidate diagnostics only,4.9999999999999485,1,1,ok
2,enhanced_cells_100,cells,studio_F1,28.0,enhanced,nearest-frame centered decision cells,100.0,200.0,candidate diagnostics only,10.000000000000009,1,1,ok
2,enhanced_cells_100,cells,studio_M1,28.0,enhanced,nearest-frame centered decision cells,100.0,200.0,candidate diagnostics only,24.999999999999915,1,1,ok
2,enhanced_cells_100,cells,phone_F1,29.0,enhanced,nearest-frame centered decision cells,100.0,200.0,candidate diagnostics only,4.9999999999999485,1,1,ok
2,enhanced_cells_100,cells,studio_F1,29.0,enhanced,nearest-frame centered decision cells,100.0,200.0,candidate diagnostics only,10.000000000000009,1,1,ok
2,enhanced_cells_100,cells,studio_M1,29.0,enhanced,nearest-frame centered decision cells,100.0,200.0,candidate diagnostics only,24.999999999999915,1,1,ok
2,enhanced_cells_100,cells,phone_F1,30.0,enhanced,nearest-frame centered decision cells,100.0,200.0,candidate diagnostics only,4.9999999999999485,1,1,ok
2,enhanced_cells_100,cells,studio_F1,30.0,enhanced,nearest-frame centered decision cells,100.0,200.0,candidate diagnostics only,10.000000000000009,1,1,ok
2,enhanced_cells_100,cells,studio_M1,30.0,enhanced,nearest-frame centered decision cells,100.0,200.0,candidate diagnostics only,24.999999999999915,1,1,ok
2,enhanced_cells_100,cells,phone_F1,31.0,enhanced,nearest-frame centered decision cells,100.0,200.0,candidate diagnostics only,4.9999999999999485,1,1,ok
2,enhanced_cells_100,cells,studio_F1,31.0,enhanced,nearest-frame centered decision cells,100.0,200.0,candidate diagnostics only,10.000000000000009,1,1,ok
2,enhanced_cells_100,cells,studio_M1,31.0,enhanced,nearest-frame centered decision cells,100.0,200.0,candidate diagnostics only,24.999999999999915,1,1,ok
2,enhanced_cells_100,cells,phone_F1,32.0,enhanced,nearest-frame centered decision cells,100.0,200.0,candidate diagnostics only,4.9999999999999485,1,1,ok
2,enhanced_cells_100,cells,studio_F1,32.0,enhanced,nearest-frame centered decision cells,100.0,200.0,candidate diagnostics only,10.000000000000009,1,1,ok
2,enhanced_cells_100,cells,studio_M1,32.0,enhanced,nearest-frame centered decision cells,100.0,200.0,candidate diagnostics only,24.999999999999915,1,1,ok
2,enhanced_cells_100,cells,phone_F1,33.0,enhanced,nearest-frame centered decision cells,100.0,200.0,candidate diagnostics only,4.9999999999999485,1,1,ok
2,enhanced_cells_100,cells,studio_F1,33.0,enhanced,nearest-frame centered decision cells,100.0,200.0,candidate diagnostics only,10.000000000000009,1,1,ok
2,enhanced_cells_100,cells,studio_M1,33.0,enhanced,nearest-frame centered decision cells,100.0,200.0,candidate diagnostics only,24.999999999999915,1,1,ok
2,enhanced_cells_100,cells,phone_F1,34.0,enhanced,nearest-frame centered decision cells,100.0,200.0,candidate diagnostics only,4.9999999999999485,1,1,ok
2,enhanced_cells_100,cells,studio_F1,34.0,enhanced,nearest-frame centered decision cells,100.0,200.0,candidate diagnostics only,10.000000000000009,1,1,ok
2,enhanced_cells_100,cells,studio_M1,34.0,enhanced,nearest-frame centered decision cells,100.0,200.0,candidate diagnostics only,24.999999999999915,1,1,ok
2,enhanced_cells_100,cells,phone_F1,35.0,enhanced,nearest-frame centered decision cells,100.0,200.0,candidate diagnostics only,4.9999999999999485,1,1,ok
2,enhanced_cells_100,cells,studio_F1,35.0,enhanced,nearest-frame centered decision cells,100.0,200.0,candidate diagnostics only,10.000000000000009,1,1,ok
2,enhanced_cells_100,cells,studio_M1,35.0,enhanced,nearest-frame centered decision cells,100.0,200.0,candidate diagnostics only,24.999999999999915,1,1,ok
2,enhanced_cells_100,cells,phone_F1,36.0,enhanced,nearest-frame centered decision cells,100.0,200.0,candidate diagnostics only,4.9999999999999485,1,1,ok
2,enhanced_cells_100,cells,studio_F1,36.0,enhanced,nearest-frame centered decision cells,100.0,200.0,candidate diagnostics only,10.000000000000009,1,1,ok
2,enhanced_cells_100,cells,studio_M1,36.0,enhanced,nearest-frame centered decision cells,100.0,200.0,candidate diagnostics only,24.999999999999915,1,1,ok
2,enhanced_cells_100,cells,phone_F1,37.0,enhanced,nearest-frame centered decision cells,100.0,200.0,candidate diagnostics only,4.9999999999999485,1,1,ok
2,enhanced_cells_100,cells,studio_F1,37.0,enhanced,nearest-frame centered decision cells,100.0,200.0,candidate diagnostics only,10.000000000000009,1,1,ok
2,enhanced_cells_100,cells,studio_M1,37.0,enhanced,nearest-frame centered decision cells,100.0,200.0,candidate diagnostics only,24.999999999999915,1,1,ok
2,enhanced_cells_100,cells,phone_F1,38.0,enhanced,nearest-frame centered decision cells,100.0,200.0,candidate diagnostics only,4.9999999999999485,1,1,ok
2,enhanced_cells_100,cells,studio_F1,38.0,enhanced,nearest-frame centered decision cells,100.0,200.0,candidate diagnostics only,10.000000000000009,1,1,ok
2,enhanced_cells_100,cells,studio_M1,38.0,enhanced,nearest-frame centered decision cells,100.0,200.0,candidate diagnostics only,24.999999999999915,1,1,ok
2,enhanced_cells_100,cells,phone_F1,39.0,enhanced,nearest-frame centered decision cells,100.0,200.0,candidate diagnostics only,4.9999999999999485,1,1,ok
2,enhanced_cells_100,cells,studio_F1,39.0,enhanced,nearest-frame centered decision cells,100.0,200.0,candidate diagnostics only,10.000000000000009,1,1,ok
2,enhanced_cells_100,cells,studio_M1,39.0,enhanced,nearest-frame centered decision cells,100.0,200.0,candidate diagnostics only,24.999999999999915,1,1,ok
2,enhanced_cells_100,cells,phone_F1,40.0,enhanced,nearest-frame centered decision cells,100.0,200.0,candidate diagnostics only,4.9999999999999485,1,1,ok
2,enhanced_cells_100,cells,studio_F1,40.0,enhanced,nearest-frame centered decision cells,100.0,200.0,candidate diagnostics only,10.000000000000009,1,1,ok
2,enhanced_cells_100,cells,studio_M1,40.0,enhanced,nearest-frame centered decision cells,100.0,200.0,candidate diagnostics only,24.999999999999915,1,1,ok
2,enhanced_cells_100,cells,phone_F1,41.0,enhanced,nearest-frame centered decision cells,100.0,200.0,candidate diagnostics only,4.9999999999999485,1,1,ok
2,enhanced_cells_100,cells,studio_F1,41.0,enhanced,nearest-frame centered decision cells,100.0,200.0,candidate diagnostics only,10.000000000000009,1,1,ok
2,enhanced_cells_100,cells,studio_M1,41.0,enhanced,nearest-frame centered decision cells,100.0,200.0,candidate diagnostics only,24.999999999999915,1,1,ok
2,enhanced_cells_100,cells,phone_F1,42.0,enhanced,nearest-frame centered decision cells,100.0,200.0,candidate diagnostics only,4.9999999999999485,1,1,ok
2,enhanced_cells_100,cells,studio_F1,42.0,enhanced,nearest-frame centered decision cells,100.0,200.0,candidate diagnostics only,10.000000000000009,1,1,ok
2,enhanced_cells_100,cells,studio_M1,42.0,enhanced,nearest-frame centered decision cells,100.0,200.0,candidate diagnostics only,24.999999999999915,1,1,ok
2,enhanced_cells_100,cells,phone_F1,43.0,enhanced,nearest-frame centered decision cells,100.0,200.0,candidate diagnostics only,4.9999999999999485,1,1,ok
2,enhanced_cells_100,cells,studio_F1,43.0,enhanced,nearest-frame centered decision cells,100.0,200.0,candidate diagnostics only,10.000000000000009,1,1,ok
2,enhanced_cells_100,cells,studio_M1,43.0,enhanced,nearest-frame centered decision cells,100.0,200.0,candidate diagnostics only,24.999999999999915,1,1,ok
2,enhanced_cells_100,cells,phone_F1,44.0,enhanced,nearest-frame centered decision cells,100.0,200.0,candidate diagnostics only,4.9999999999999485,1,1,ok
2,enhanced_cells_100,cells,studio_F1,44.0,enhanced,nearest-frame centered decision cells,100.0,200.0,candidate diagnostics only,10.000000000000009,1,1,ok
2,enhanced_cells_100,cells,studio_M1,44.0,enhanced,nearest-frame centered decision cells,100.0,200.0,candidate diagnostics only,24.999999999999915,1,1,ok
2,enhanced_cells_100,cells,phone_F1,45.0,enhanced,nearest-frame centered decision cells,100.0,200.0,candidate diagnostics only,4.9999999999999485,1,1,ok
2,enhanced_cells_100,cells,studio_F1,45.0,enhanced,nearest-frame centered decision cells,100.0,200.0,candidate diagnostics only,10.000000000000009,1,1,ok
2,enhanced_cells_100,cells,studio_M1,45.0,enhanced,nearest-frame centered decision cells,100.0,200.0,candidate diagnostics only,24.999999999999915,1,1,ok
2,enhanced_cells_100,cells,phone_F1,46.0,enhanced,nearest-frame centered decision cells,100.0,200.0,candidate diagnostics only,4.9999999999999485,1,1,ok
2,enhanced_cells_100,cells,studio_F1,46.0,enhanced,nearest-frame centered decision cells,100.0,200.0,candidate diagnostics only,10.000000000000009,1,1,ok
2,enhanced_cells_100,cells,studio_M1,46.0,enhanced,nearest-frame centered decision cells,100.0,200.0,candidate diagnostics only,24.999999999999915,1,1,ok
2,enhanced_cells_100,cells,phone_F1,47.0,enhanced,nearest-frame centered decision cells,100.0,200.0,candidate diagnostics only,4.9999999999999485,1,1,ok
2,enhanced_cells_100,cells,studio_F1,47.0,enhanced,nearest-frame centered decision cells,100.0,200.0,candidate diagnostics only,10.000000000000009,1,1,ok
2,enhanced_cells_100,cells,studio_M1,47.0,enhanced,nearest-frame centered decision cells,100.0,200.0,candidate diagnostics only,24.999999999999915,1,1,ok
2,enhanced_cells_100,cells,phone_F1,48.0,enhanced,nearest-frame centered decision cells,100.0,200.0,candidate diagnostics only,4.9999999999999485,1,1,ok
2,enhanced_cells_100,cells,studio_F1,48.0,enhanced,nearest-frame centered decision cells,100.0,200.0,candidate diagnostics only,10.000000000000009,1,1,ok
2,enhanced_cells_100,cells,studio_M1,48.0,enhanced,nearest-frame centered decision cells,100.0,200.0,candidate diagnostics only,24.999999999999915,1,1,ok
2,enhanced_cells_100,cells,phone_F1,49.0,enhanced,nearest-frame centered decision cells,100.0,200.0,candidate diagnostics only,4.9999999999999485,1,1,ok
2,enhanced_cells_100,cells,studio_F1,49.0,enhanced,nearest-frame centered decision cells,100.0,200.0,candidate diagnostics only,10.000000000000009,1,1,ok
2,enhanced_cells_100,cells,studio_M1,49.0,enhanced,nearest-frame centered decision cells,100.0,200.0,candidate diagnostics only,24.999999999999915,1,1,ok
2,enhanced_cells_100,cells,phone_F1,50.0,enhanced,nearest-frame centered decision cells,100.0,200.0,candidate diagnostics only,4.9999999999999485,1,1,ok
2,enhanced_cells_100,cells,studio_F1,50.0,enhanced,nearest-frame centered decision cells,100.0,200.0,candidate diagnostics only,10.000000000000009,1,1,ok
2,enhanced_cells_100,cells,studio_M1,50.0,enhanced,nearest-frame centered decision cells,100.0,200.0,candidate diagnostics only,24.999999999999915,1,1,ok
2,enhanced_support_0,support,phone_F1,1.0,enhanced,union of active frame supports,0.0,200.0,candidate diagnostics only,2.4999999999999467,1,1,ok
2,enhanced_support_0,support,studio_F1,1.0,enhanced,union of active frame supports,0.0,200.0,candidate diagnostics only,17.494331065759596,1,1,ok
2,enhanced_support_0,support,studio_M1,1.0,enhanced,union of active frame supports,0.0,200.0,candidate diagnostics only,22.49433106575971,1,1,ok
2,enhanced_support_0,support,phone_F1,2.0,enhanced,union of active frame supports,0.0,200.0,candidate diagnostics only,2.4999999999999467,1,1,ok
2,enhanced_support_0,support,studio_F1,2.0,enhanced,union of active frame supports,0.0,200.0,candidate diagnostics only,17.494331065759596,1,1,ok
2,enhanced_support_0,support,studio_M1,2.0,enhanced,union of active frame supports,0.0,200.0,candidate diagnostics only,22.49433106575971,1,1,ok
2,enhanced_support_0,support,phone_F1,3.0,enhanced,union of active frame supports,0.0,200.0,candidate diagnostics only,2.4999999999999467,1,1,ok
2,enhanced_support_0,support,studio_F1,3.0,enhanced,union of active frame supports,0.0,200.0,candidate diagnostics only,17.494331065759596,1,1,ok
2,enhanced_support_0,support,studio_M1,3.0,enhanced,union of active frame supports,0.0,200.0,candidate diagnostics only,22.49433106575971,1,1,ok
2,enhanced_support_0,support,phone_F1,4.0,enhanced,union of active frame supports,0.0,200.0,candidate diagnostics only,2.4999999999999467,1,1,ok
2,enhanced_support_0,support,studio_F1,4.0,enhanced,union of active frame supports,0.0,200.0,candidate diagnostics only,17.494331065759596,1,1,ok
2,enhanced_support_0,support,studio_M1,4.0,enhanced,union of active frame supports,0.0,200.0,candidate diagnostics only,22.49433106575971,1,1,ok
2,enhanced_support_0,support,phone_F1,5.0,enhanced,union of active frame supports,0.0,200.0,candidate diagnostics only,2.4999999999999467,1,1,ok
2,enhanced_support_0,support,studio_F1,5.0,enhanced,union of active frame supports,0.0,200.0,candidate diagnostics only,17.494331065759596,1,1,ok
2,enhanced_support_0,support,studio_M1,5.0,enhanced,union of active frame supports,0.0,200.0,candidate diagnostics only,22.49433106575971,1,1,ok
2,enhanced_support_0,support,phone_F1,6.0,enhanced,union of active frame supports,0.0,200.0,candidate diagnostics only,2.4999999999999467,1,1,ok
2,enhanced_support_0,support,studio_F1,6.0,enhanced,union of active frame supports,0.0,200.0,candidate diagnostics only,17.494331065759596,1,1,ok
2,enhanced_support_0,support,studio_M1,6.0,enhanced,union of active frame supports,0.0,200.0,candidate diagnostics only,22.49433106575971,1,1,ok
2,enhanced_support_0,support,phone_F1,7.0,enhanced,union of active frame supports,0.0,200.0,candidate diagnostics only,2.4999999999999467,1,1,ok
2,enhanced_support_0,support,studio_F1,7.0,enhanced,union of active frame supports,0.0,200.0,candidate diagnostics only,17.494331065759596,1,1,ok
2,enhanced_support_0,support,studio_M1,7.0,enhanced,union of active frame supports,0.0,200.0,candidate diagnostics only,22.49433106575971,1,1,ok
2,enhanced_support_0,support,phone_F1,8.0,enhanced,union of active frame supports,0.0,200.0,candidate diagnostics only,2.4999999999999467,1,1,ok
2,enhanced_support_0,support,studio_F1,8.0,enhanced,union of active frame supports,0.0,200.0,candidate diagnostics only,17.494331065759596,1,1,ok
2,enhanced_support_0,support,studio_M1,8.0,enhanced,union of active frame supports,0.0,200.0,candidate diagnostics only,22.49433106575971,1,1,ok
2,enhanced_support_0,support,phone_F1,9.0,enhanced,union of active frame supports,0.0,200.0,candidate diagnostics only,2.4999999999999467,1,1,ok
2,enhanced_support_0,support,studio_F1,9.0,enhanced,union of active frame supports,0.0,200.0,candidate diagnostics only,17.494331065759596,1,1,ok
2,enhanced_support_0,support,studio_M1,9.0,enhanced,union of active frame supports,0.0,200.0,candidate diagnostics only,22.49433106575971,1,1,ok
2,enhanced_support_0,support,phone_F1,10.0,enhanced,union of active frame supports,0.0,200.0,candidate diagnostics only,2.4999999999999467,1,1,ok
2,enhanced_support_0,support,studio_F1,10.0,enhanced,union of active frame supports,0.0,200.0,candidate diagnostics only,17.494331065759596,1,1,ok
2,enhanced_support_0,support,studio_M1,10.0,enhanced,union of active frame supports,0.0,200.0,candidate diagnostics only,22.49433106575971,1,1,ok
2,enhanced_support_0,support,phone_F1,11.0,enhanced,union of active frame supports,0.0,200.0,candidate diagnostics only,2.4999999999999467,1,1,ok
2,enhanced_support_0,support,studio_F1,11.0,enhanced,union of active frame supports,0.0,200.0,candidate diagnostics only,17.494331065759596,1,1,ok
2,enhanced_support_0,support,studio_M1,11.0,enhanced,union of active frame supports,0.0,200.0,candidate diagnostics only,22.49433106575971,1,1,ok
2,enhanced_support_0,support,phone_F1,12.0,enhanced,union of active frame supports,0.0,200.0,candidate diagnostics only,2.4999999999999467,1,1,ok
2,enhanced_support_0,support,studio_F1,12.0,enhanced,union of active frame supports,0.0,200.0,candidate diagnostics only,17.494331065759596,1,1,ok
2,enhanced_support_0,support,studio_M1,12.0,enhanced,union of active frame supports,0.0,200.0,candidate diagnostics only,22.49433106575971,1,1,ok
2,enhanced_support_0,support,phone_F1,13.0,enhanced,union of active frame supports,0.0,200.0,candidate diagnostics only,2.4999999999999467,1,1,ok
2,enhanced_support_0,support,studio_F1,13.0,enhanced,union of active frame supports,0.0,200.0,candidate diagnostics only,17.494331065759596,1,1,ok
2,enhanced_support_0,support,studio_M1,13.0,enhanced,union of active frame supports,0.0,200.0,candidate diagnostics only,22.49433106575971,1,1,ok
2,enhanced_support_0,support,phone_F1,14.0,enhanced,union of active frame supports,0.0,200.0,candidate diagnostics only,2.4999999999999467,1,1,ok
2,enhanced_support_0,support,studio_F1,14.0,enhanced,union of active frame supports,0.0,200.0,candidate diagnostics only,17.494331065759596,1,1,ok
2,enhanced_support_0,support,studio_M1,14.0,enhanced,union of active frame supports,0.0,200.0,candidate diagnostics only,22.49433106575971,1,1,ok
2,enhanced_support_0,support,phone_F1,15.0,enhanced,union of active frame supports,0.0,200.0,candidate diagnostics only,2.4999999999999467,1,1,ok
2,enhanced_support_0,support,studio_F1,15.0,enhanced,union of active frame supports,0.0,200.0,candidate diagnostics only,17.494331065759596,1,1,ok
2,enhanced_support_0,support,studio_M1,15.0,enhanced,union of active frame supports,0.0,200.0,candidate diagnostics only,22.49433106575971,1,1,ok
2,enhanced_support_0,support,phone_F1,16.0,enhanced,union of active frame supports,0.0,200.0,candidate diagnostics only,2.4999999999999467,1,1,ok
2,enhanced_support_0,support,studio_F1,16.0,enhanced,union of active frame supports,0.0,200.0,candidate diagnostics only,17.494331065759596,1,1,ok
2,enhanced_support_0,support,studio_M1,16.0,enhanced,union of active frame supports,0.0,200.0,candidate diagnostics only,22.49433106575971,1,1,ok
2,enhanced_support_0,support,phone_F1,17.0,enhanced,union of active frame supports,0.0,200.0,candidate diagnostics only,2.4999999999999467,1,1,ok
2,enhanced_support_0,support,studio_F1,17.0,enhanced,union of active frame supports,0.0,200.0,candidate diagnostics only,17.494331065759596,1,1,ok
2,enhanced_support_0,support,studio_M1,17.0,enhanced,union of active frame supports,0.0,200.0,candidate diagnostics only,22.49433106575971,1,1,ok
2,enhanced_support_0,support,phone_F1,18.0,enhanced,union of active frame supports,0.0,200.0,candidate diagnostics only,2.4999999999999467,1,1,ok
2,enhanced_support_0,support,studio_F1,18.0,enhanced,union of active frame supports,0.0,200.0,candidate diagnostics only,17.494331065759596,1,1,ok
2,enhanced_support_0,support,studio_M1,18.0,enhanced,union of active frame supports,0.0,200.0,candidate diagnostics only,22.49433106575971,1,1,ok
2,enhanced_support_0,support,phone_F1,19.0,enhanced,union of active frame supports,0.0,200.0,candidate diagnostics only,2.4999999999999467,1,1,ok
2,enhanced_support_0,support,studio_F1,19.0,enhanced,union of active frame supports,0.0,200.0,candidate diagnostics only,17.494331065759596,1,1,ok
2,enhanced_support_0,support,studio_M1,19.0,enhanced,union of active frame supports,0.0,200.0,candidate diagnostics only,22.49433106575971,1,1,ok
2,enhanced_support_0,support,phone_F1,20.0,enhanced,union of active frame supports,0.0,200.0,candidate diagnostics only,2.4999999999999467,1,1,ok
2,enhanced_support_0,support,studio_F1,20.0,enhanced,union of active frame supports,0.0,200.0,candidate diagnostics only,17.494331065759596,1,1,ok
2,enhanced_support_0,support,studio_M1,20.0,enhanced,union of active frame supports,0.0,200.0,candidate diagnostics only,22.49433106575971,1,1,ok
2,enhanced_support_0,support,phone_F1,21.0,enhanced,union of active frame supports,0.0,200.0,candidate diagnostics only,2.4999999999999467,1,1,ok
2,enhanced_support_0,support,studio_F1,21.0,enhanced,union of active frame supports,0.0,200.0,candidate diagnostics only,17.494331065759596,1,1,ok
2,enhanced_support_0,support,studio_M1,21.0,enhanced,union of active frame supports,0.0,200.0,candidate diagnostics only,22.49433106575971,1,1,ok
2,enhanced_support_0,support,phone_F1,22.0,enhanced,union of active frame supports,0.0,200.0,candidate diagnostics only,2.4999999999999467,1,1,ok
2,enhanced_support_0,support,studio_F1,22.0,enhanced,union of active frame supports,0.0,200.0,candidate diagnostics only,17.494331065759596,1,1,ok
2,enhanced_support_0,support,studio_M1,22.0,enhanced,union of active frame supports,0.0,200.0,candidate diagnostics only,22.49433106575971,1,1,ok
2,enhanced_support_0,support,phone_F1,23.0,enhanced,union of active frame supports,0.0,200.0,candidate diagnostics only,2.4999999999999467,1,1,ok
2,enhanced_support_0,support,studio_F1,23.0,enhanced,union of active frame supports,0.0,200.0,candidate diagnostics only,17.494331065759596,1,1,ok
2,enhanced_support_0,support,studio_M1,23.0,enhanced,union of active frame supports,0.0,200.0,candidate diagnostics only,22.49433106575971,1,1,ok
2,enhanced_support_0,support,phone_F1,24.0,enhanced,union of active frame supports,0.0,200.0,candidate diagnostics only,2.4999999999999467,1,1,ok
2,enhanced_support_0,support,studio_F1,24.0,enhanced,union of active frame supports,0.0,200.0,candidate diagnostics only,17.494331065759596,1,1,ok
2,enhanced_support_0,support,studio_M1,24.0,enhanced,union of active frame supports,0.0,200.0,candidate diagnostics only,22.49433106575971,1,1,ok
2,enhanced_support_0,support,phone_F1,25.0,enhanced,union of active frame supports,0.0,200.0,candidate diagnostics only,2.4999999999999467,1,1,ok
2,enhanced_support_0,support,studio_F1,25.0,enhanced,union of active frame supports,0.0,200.0,candidate diagnostics only,17.494331065759596,1,1,ok
2,enhanced_support_0,support,studio_M1,25.0,enhanced,union of active frame supports,0.0,200.0,candidate diagnostics only,22.49433106575971,1,1,ok
2,enhanced_support_0,support,phone_F1,26.0,enhanced,union of active frame supports,0.0,200.0,candidate diagnostics only,2.4999999999999467,1,1,ok
2,enhanced_support_0,support,studio_F1,26.0,enhanced,union of active frame supports,0.0,200.0,candidate diagnostics only,17.494331065759596,1,1,ok
2,enhanced_support_0,support,studio_M1,26.0,enhanced,union of active frame supports,0.0,200.0,candidate diagnostics only,22.49433106575971,1,1,ok
2,enhanced_support_0,support,phone_F1,27.0,enhanced,union of active frame supports,0.0,200.0,candidate diagnostics only,2.4999999999999467,1,1,ok
2,enhanced_support_0,support,studio_F1,27.0,enhanced,union of active frame supports,0.0,200.0,candidate diagnostics only,17.494331065759596,1,1,ok
2,enhanced_support_0,support,studio_M1,27.0,enhanced,union of active frame supports,0.0,200.0,candidate diagnostics only,22.49433106575971,1,1,ok
2,enhanced_support_0,support,phone_F1,28.0,enhanced,union of active frame supports,0.0,200.0,candidate diagnostics only,2.4999999999999467,1,1,ok
2,enhanced_support_0,support,studio_F1,28.0,enhanced,union of active frame supports,0.0,200.0,candidate diagnostics only,17.494331065759596,1,1,ok
2,enhanced_support_0,support,studio_M1,28.0,enhanced,union of active frame supports,0.0,200.0,candidate diagnostics only,22.49433106575971,1,1,ok
2,enhanced_support_0,support,phone_F1,29.0,enhanced,union of active frame supports,0.0,200.0,candidate diagnostics only,2.4999999999999467,1,1,ok
2,enhanced_support_0,support,studio_F1,29.0,enhanced,union of active frame supports,0.0,200.0,candidate diagnostics only,17.494331065759596,1,1,ok
2,enhanced_support_0,support,studio_M1,29.0,enhanced,union of active frame supports,0.0,200.0,candidate diagnostics only,22.49433106575971,1,1,ok
2,enhanced_support_0,support,phone_F1,30.0,enhanced,union of active frame supports,0.0,200.0,candidate diagnostics only,2.4999999999999467,1,1,ok
2,enhanced_support_0,support,studio_F1,30.0,enhanced,union of active frame supports,0.0,200.0,candidate diagnostics only,17.494331065759596,1,1,ok
2,enhanced_support_0,support,studio_M1,30.0,enhanced,union of active frame supports,0.0,200.0,candidate diagnostics only,22.49433106575971,1,1,ok
2,enhanced_support_0,support,phone_F1,31.0,enhanced,union of active frame supports,0.0,200.0,candidate diagnostics only,2.4999999999999467,1,1,ok
2,enhanced_support_0,support,studio_F1,31.0,enhanced,union of active frame supports,0.0,200.0,candidate diagnostics only,17.494331065759596,1,1,ok
2,enhanced_support_0,support,studio_M1,31.0,enhanced,union of active frame supports,0.0,200.0,candidate diagnostics only,22.49433106575971,1,1,ok
2,enhanced_support_0,support,phone_F1,32.0,enhanced,union of active frame supports,0.0,200.0,candidate diagnostics only,2.4999999999999467,1,1,ok
2,enhanced_support_0,support,studio_F1,32.0,enhanced,union of active frame supports,0.0,200.0,candidate diagnostics only,17.494331065759596,1,1,ok
2,enhanced_support_0,support,studio_M1,32.0,enhanced,union of active frame supports,0.0,200.0,candidate diagnostics only,22.49433106575971,1,1,ok
2,enhanced_support_0,support,phone_F1,33.0,enhanced,union of active frame supports,0.0,200.0,candidate diagnostics only,2.4999999999999467,1,1,ok
2,enhanced_support_0,support,studio_F1,33.0,enhanced,union of active frame supports,0.0,200.0,candidate diagnostics only,17.494331065759596,1,1,ok
2,enhanced_support_0,support,studio_M1,33.0,enhanced,union of active frame supports,0.0,200.0,candidate diagnostics only,22.49433106575971,1,1,ok
2,enhanced_support_0,support,phone_F1,34.0,enhanced,union of active frame supports,0.0,200.0,candidate diagnostics only,2.4999999999999467,1,1,ok
2,enhanced_support_0,support,studio_F1,34.0,enhanced,union of active frame supports,0.0,200.0,candidate diagnostics only,17.494331065759596,1,1,ok
2,enhanced_support_0,support,studio_M1,34.0,enhanced,union of active frame supports,0.0,200.0,candidate diagnostics only,22.49433106575971,1,1,ok
2,enhanced_support_0,support,phone_F1,35.0,enhanced,union of active frame supports,0.0,200.0,candidate diagnostics only,2.4999999999999467,1,1,ok
2,enhanced_support_0,support,studio_F1,35.0,enhanced,union of active frame supports,0.0,200.0,candidate diagnostics only,17.494331065759596,1,1,ok
2,enhanced_support_0,support,studio_M1,35.0,enhanced,union of active frame supports,0.0,200.0,candidate diagnostics only,22.49433106575971,1,1,ok
2,enhanced_support_0,support,phone_F1,36.0,enhanced,union of active frame supports,0.0,200.0,candidate diagnostics only,2.4999999999999467,1,1,ok
2,enhanced_support_0,support,studio_F1,36.0,enhanced,union of active frame supports,0.0,200.0,candidate diagnostics only,17.494331065759596,1,1,ok
2,enhanced_support_0,support,studio_M1,36.0,enhanced,union of active frame supports,0.0,200.0,candidate diagnostics only,22.49433106575971,1,1,ok
2,enhanced_support_0,support,phone_F1,37.0,enhanced,union of active frame supports,0.0,200.0,candidate diagnostics only,2.4999999999999467,1,1,ok
2,enhanced_support_0,support,studio_F1,37.0,enhanced,union of active frame supports,0.0,200.0,candidate diagnostics only,17.494331065759596,1,1,ok
2,enhanced_support_0,support,studio_M1,37.0,enhanced,union of active frame supports,0.0,200.0,candidate diagnostics only,22.49433106575971,1,1,ok
2,enhanced_support_0,support,phone_F1,38.0,enhanced,union of active frame supports,0.0,200.0,candidate diagnostics only,2.4999999999999467,1,1,ok
2,enhanced_support_0,support,studio_F1,38.0,enhanced,union of active frame supports,0.0,200.0,candidate diagnostics only,17.494331065759596,1,1,ok
2,enhanced_support_0,support,studio_M1,38.0,enhanced,union of active frame supports,0.0,200.0,candidate diagnostics only,22.49433106575971,1,1,ok
2,enhanced_support_0,support,phone_F1,39.0,enhanced,union of active frame supports,0.0,200.0,candidate diagnostics only,2.4999999999999467,1,1,ok
2,enhanced_support_0,support,studio_F1,39.0,enhanced,union of active frame supports,0.0,200.0,candidate diagnostics only,17.494331065759596,1,1,ok
2,enhanced_support_0,support,studio_M1,39.0,enhanced,union of active frame supports,0.0,200.0,candidate diagnostics only,22.49433106575971,1,1,ok
2,enhanced_support_0,support,phone_F1,40.0,enhanced,union of active frame supports,0.0,200.0,candidate diagnostics only,2.4999999999999467,1,1,ok
2,enhanced_support_0,support,studio_F1,40.0,enhanced,union of active frame supports,0.0,200.0,candidate diagnostics only,17.494331065759596,1,1,ok
2,enhanced_support_0,support,studio_M1,40.0,enhanced,union of active frame supports,0.0,200.0,candidate diagnostics only,22.49433106575971,1,1,ok
2,enhanced_support_0,support,phone_F1,41.0,enhanced,union of active frame supports,0.0,200.0,candidate diagnostics only,2.4999999999999467,1,1,ok
2,enhanced_support_0,support,studio_F1,41.0,enhanced,union of active frame supports,0.0,200.0,candidate diagnostics only,17.494331065759596,1,1,ok
2,enhanced_support_0,support,studio_M1,41.0,enhanced,union of active frame supports,0.0,200.0,candidate diagnostics only,22.49433106575971,1,1,ok
2,enhanced_support_0,support,phone_F1,42.0,enhanced,union of active frame supports,0.0,200.0,candidate diagnostics only,2.4999999999999467,1,1,ok
2,enhanced_support_0,support,studio_F1,42.0,enhanced,union of active frame supports,0.0,200.0,candidate diagnostics only,17.494331065759596,1,1,ok
2,enhanced_support_0,support,studio_M1,42.0,enhanced,union of active frame supports,0.0,200.0,candidate diagnostics only,22.49433106575971,1,1,ok
2,enhanced_support_0,support,phone_F1,43.0,enhanced,union of active frame supports,0.0,200.0,candidate diagnostics only,2.4999999999999467,1,1,ok
2,enhanced_support_0,support,studio_F1,43.0,enhanced,union of active frame supports,0.0,200.0,candidate diagnostics only,17.494331065759596,1,1,ok
2,enhanced_support_0,support,studio_M1,43.0,enhanced,union of active frame supports,0.0,200.0,candidate diagnostics only,22.49433106575971,1,1,ok
2,enhanced_support_0,support,phone_F1,44.0,enhanced,union of active frame supports,0.0,200.0,candidate diagnostics only,2.4999999999999467,1,1,ok
2,enhanced_support_0,support,studio_F1,44.0,enhanced,union of active frame supports,0.0,200.0,candidate diagnostics only,17.494331065759596,1,1,ok
2,enhanced_support_0,support,studio_M1,44.0,enhanced,union of active frame supports,0.0,200.0,candidate diagnostics only,22.49433106575971,1,1,ok
2,enhanced_support_0,support,phone_F1,45.0,enhanced,union of active frame supports,0.0,200.0,candidate diagnostics only,2.4999999999999467,1,1,ok
2,enhanced_support_0,support,studio_F1,45.0,enhanced,union of active frame supports,0.0,200.0,candidate diagnostics only,17.494331065759596,1,1,ok
2,enhanced_support_0,support,studio_M1,45.0,enhanced,union of active frame supports,0.0,200.0,candidate diagnostics only,22.49433106575971,1,1,ok
2,enhanced_support_0,support,phone_F1,46.0,enhanced,union of active frame supports,0.0,200.0,candidate diagnostics only,2.4999999999999467,1,1,ok
2,enhanced_support_0,support,studio_F1,46.0,enhanced,union of active frame supports,0.0,200.0,candidate diagnostics only,17.494331065759596,1,1,ok
2,enhanced_support_0,support,studio_M1,46.0,enhanced,union of active frame supports,0.0,200.0,candidate diagnostics only,22.49433106575971,1,1,ok
2,enhanced_support_0,support,phone_F1,47.0,enhanced,union of active frame supports,0.0,200.0,candidate diagnostics only,2.4999999999999467,1,1,ok
2,enhanced_support_0,support,studio_F1,47.0,enhanced,union of active frame supports,0.0,200.0,candidate diagnostics only,17.494331065759596,1,1,ok
2,enhanced_support_0,support,studio_M1,47.0,enhanced,union of active frame supports,0.0,200.0,candidate diagnostics only,22.49433106575971,1,1,ok
2,enhanced_support_0,support,phone_F1,48.0,enhanced,union of active frame supports,0.0,200.0,candidate diagnostics only,2.4999999999999467,1,1,ok
2,enhanced_support_0,support,studio_F1,48.0,enhanced,union of active frame supports,0.0,200.0,candidate diagnostics only,17.494331065759596,1,1,ok
2,enhanced_support_0,support,studio_M1,48.0,enhanced,union of active frame supports,0.0,200.0,candidate diagnostics only,22.49433106575971,1,1,ok
2,enhanced_support_0,support,phone_F1,49.0,enhanced,union of active frame supports,0.0,200.0,candidate diagnostics only,2.4999999999999467,1,1,ok
2,enhanced_support_0,support,studio_F1,49.0,enhanced,union of active frame supports,0.0,200.0,candidate diagnostics only,17.494331065759596,1,1,ok
2,enhanced_support_0,support,studio_M1,49.0,enhanced,union of active frame supports,0.0,200.0,candidate diagnostics only,22.49433106575971,1,1,ok
2,enhanced_support_0,support,phone_F1,50.0,enhanced,union of active frame supports,0.0,200.0,candidate diagnostics only,2.4999999999999467,1,1,ok
2,enhanced_support_0,support,studio_F1,50.0,enhanced,union of active frame supports,0.0,200.0,candidate diagnostics only,17.494331065759596,1,1,ok
2,enhanced_support_0,support,studio_M1,50.0,enhanced,union of active frame supports,0.0,200.0,candidate diagnostics only,22.49433106575971,1,1,ok
3,core_support_0,support,phone_F1,1.0,core,union of active frame supports,0.0,200.0,excluded from core FINAL,null,1,3,region_count_or_matching_mismatch
3,core_support_0,support,phone_M1,1.0,core,union of active frame supports,0.0,200.0,excluded from core FINAL,null,1,2,region_count_or_matching_mismatch
3,core_support_0,support,studio_M1,1.0,core,union of active frame supports,0.0,200.0,excluded from core FINAL,42.50566893424046,1,1,ok
3,core_support_0,support,phone_F1,2.0,core,union of active frame supports,0.0,200.0,excluded from core FINAL,null,1,2,region_count_or_matching_mismatch
3,core_support_0,support,phone_M1,2.0,core,union of active frame supports,0.0,200.0,excluded from core FINAL,null,1,2,region_count_or_matching_mismatch
3,core_support_0,support,studio_M1,2.0,core,union of active frame supports,0.0,200.0,excluded from core FINAL,37.50566893424035,1,1,ok
3,core_support_0,support,phone_F1,3.0,core,union of active frame supports,0.0,200.0,excluded from core FINAL,null,1,2,region_count_or_matching_mismatch
3,core_support_0,support,phone_M1,3.0,core,union of active frame supports,0.0,200.0,excluded from core FINAL,7.499999999999924,1,1,ok
3,core_support_0,support,studio_M1,3.0,core,union of active frame supports,0.0,200.0,excluded from core FINAL,37.50566893424035,1,1,ok
3,core_support_0,support,phone_F1,4.0,core,union of active frame supports,0.0,200.0,excluded from core FINAL,null,1,2,region_count_or_matching_mismatch
3,core_support_0,support,phone_M1,4.0,core,union of active frame supports,0.0,200.0,excluded from core FINAL,7.499999999999924,1,1,ok
3,core_support_0,support,studio_M1,4.0,core,union of active frame supports,0.0,200.0,excluded from core FINAL,32.50566893424045,1,1,ok
3,core_support_0,support,phone_F1,5.0,core,union of active frame supports,0.0,200.0,excluded from core FINAL,null,1,2,region_count_or_matching_mismatch
3,core_support_0,support,phone_M1,5.0,core,union of active frame supports,0.0,200.0,excluded from core FINAL,7.499999999999924,1,1,ok
3,core_support_0,support,studio_M1,5.0,core,union of active frame supports,0.0,200.0,excluded from core FINAL,32.50566893424045,1,1,ok
3,core_support_0,support,phone_F1,6.0,core,union of active frame supports,0.0,200.0,excluded from core FINAL,null,1,2,region_count_or_matching_mismatch
3,core_support_0,support,phone_M1,6.0,core,union of active frame supports,0.0,200.0,excluded from core FINAL,2.4999999999999467,1,1,ok
3,core_support_0,support,studio_M1,6.0,core,union of active frame supports,0.0,200.0,excluded from core FINAL,32.50566893424045,1,1,ok
3,core_support_0,support,phone_F1,7.0,core,union of active frame supports,0.0,200.0,excluded from core FINAL,null,1,2,region_count_or_matching_mismatch
3,core_support_0,support,phone_M1,7.0,core,union of active frame supports,0.0,200.0,excluded from core FINAL,2.4999999999999467,1,1,ok
3,core_support_0,support,studio_M1,7.0,core,union of active frame supports,0.0,200.0,excluded from core FINAL,32.50566893424045,1,1,ok
3,core_support_0,support,phone_F1,8.0,core,union of active frame supports,0.0,200.0,excluded from core FINAL,null,1,2,region_count_or_matching_mismatch
3,core_support_0,support,phone_M1,8.0,core,union of active frame supports,0.0,200.0,excluded from core FINAL,2.4999999999999467,1,1,ok
3,core_support_0,support,studio_M1,8.0,core,union of active frame supports,0.0,200.0,excluded from core FINAL,32.50566893424045,1,1,ok
3,core_support_0,support,phone_F1,9.0,core,union of active frame supports,0.0,200.0,excluded from core FINAL,null,1,2,region_count_or_matching_mismatch
3,core_support_0,support,phone_M1,9.0,core,union of active frame supports,0.0,200.0,excluded from core FINAL,2.4999999999999467,1,1,ok
3,core_support_0,support,studio_M1,9.0,core,union of active frame supports,0.0,200.0,excluded from core FINAL,32.50566893424045,1,1,ok
3,core_support_0,support,phone_F1,10.0,core,union of active frame supports,0.0,200.0,excluded from core FINAL,null,1,2,region_count_or_matching_mismatch
3,core_support_0,support,phone_M1,10.0,core,union of active frame supports,0.0,200.0,excluded from core FINAL,2.4999999999999467,1,1,ok
3,core_support_0,support,studio_M1,10.0,core,union of active frame supports,0.0,200.0,excluded from core FINAL,27.505668934240333,1,1,ok
3,core_support_0,support,phone_F1,11.0,core,union of active frame supports,0.0,200.0,excluded from core FINAL,null,1,2,region_count_or_matching_mismatch
3,core_support_0,support,phone_M1,11.0,core,union of active frame supports,0.0,200.0,excluded from core FINAL,2.4999999999999467,1,1,ok
3,core_support_0,support,studio_M1,11.0,core,union of active frame supports,0.0,200.0,excluded from core FINAL,27.505668934240333,1,1,ok
3,core_support_0,support,phone_F1,12.0,core,union of active frame supports,0.0,200.0,excluded from core FINAL,null,1,2,region_count_or_matching_mismatch
3,core_support_0,support,phone_M1,12.0,core,union of active frame supports,0.0,200.0,excluded from core FINAL,2.4999999999999467,1,1,ok
3,core_support_0,support,studio_M1,12.0,core,union of active frame supports,0.0,200.0,excluded from core FINAL,27.505668934240333,1,1,ok
3,core_support_0,support,phone_F1,13.0,core,union of active frame supports,0.0,200.0,excluded from core FINAL,null,1,2,region_count_or_matching_mismatch
3,core_support_0,support,phone_M1,13.0,core,union of active frame supports,0.0,200.0,excluded from core FINAL,2.4999999999999467,1,1,ok
3,core_support_0,support,studio_M1,13.0,core,union of active frame supports,0.0,200.0,excluded from core FINAL,27.505668934240333,1,1,ok
3,core_support_0,support,phone_F1,14.0,core,union of active frame supports,0.0,200.0,excluded from core FINAL,null,1,2,region_count_or_matching_mismatch
3,core_support_0,support,phone_M1,14.0,core,union of active frame supports,0.0,200.0,excluded from core FINAL,2.4999999999999467,1,1,ok
3,core_support_0,support,studio_M1,14.0,core,union of active frame supports,0.0,200.0,excluded from core FINAL,27.505668934240333,1,1,ok
3,core_support_0,support,phone_F1,15.0,core,union of active frame supports,0.0,200.0,excluded from core FINAL,null,1,2,region_count_or_matching_mismatch
3,core_support_0,support,phone_M1,15.0,core,union of active frame supports,0.0,200.0,excluded from core FINAL,2.4999999999999467,1,1,ok
3,core_support_0,support,studio_M1,15.0,core,union of active frame supports,0.0,200.0,excluded from core FINAL,27.505668934240333,1,1,ok
3,core_support_0,support,phone_F1,16.0,core,union of active frame supports,0.0,200.0,excluded from core FINAL,null,1,2,region_count_or_matching_mismatch
3,core_support_0,support,phone_M1,16.0,core,union of active frame supports,0.0,200.0,excluded from core FINAL,2.4999999999999467,1,1,ok
3,core_support_0,support,studio_M1,16.0,core,union of active frame supports,0.0,200.0,excluded from core FINAL,27.505668934240333,1,1,ok
3,core_support_0,support,phone_F1,17.0,core,union of active frame supports,0.0,200.0,excluded from core FINAL,null,1,2,region_count_or_matching_mismatch
3,core_support_0,support,phone_M1,17.0,core,union of active frame supports,0.0,200.0,excluded from core FINAL,2.4999999999999467,1,1,ok
3,core_support_0,support,studio_M1,17.0,core,union of active frame supports,0.0,200.0,excluded from core FINAL,27.505668934240333,1,1,ok
3,core_support_0,support,phone_F1,18.0,core,union of active frame supports,0.0,200.0,excluded from core FINAL,null,1,2,region_count_or_matching_mismatch
3,core_support_0,support,phone_M1,18.0,core,union of active frame supports,0.0,200.0,excluded from core FINAL,2.4999999999999467,1,1,ok
3,core_support_0,support,studio_M1,18.0,core,union of active frame supports,0.0,200.0,excluded from core FINAL,27.505668934240333,1,1,ok
3,core_support_0,support,phone_F1,19.0,core,union of active frame supports,0.0,200.0,excluded from core FINAL,null,1,2,region_count_or_matching_mismatch
3,core_support_0,support,phone_M1,19.0,core,union of active frame supports,0.0,200.0,excluded from core FINAL,2.4999999999999467,1,1,ok
3,core_support_0,support,studio_M1,19.0,core,union of active frame supports,0.0,200.0,excluded from core FINAL,27.505668934240333,1,1,ok
3,core_support_0,support,phone_F1,20.0,core,union of active frame supports,0.0,200.0,excluded from core FINAL,null,1,2,region_count_or_matching_mismatch
3,core_support_0,support,phone_M1,20.0,core,union of active frame supports,0.0,200.0,excluded from core FINAL,2.4999999999999467,1,1,ok
3,core_support_0,support,studio_M1,20.0,core,union of active frame supports,0.0,200.0,excluded from core FINAL,27.505668934240333,1,1,ok
3,core_support_0,support,phone_F1,21.0,core,union of active frame supports,0.0,200.0,excluded from core FINAL,null,1,2,region_count_or_matching_mismatch
3,core_support_0,support,phone_M1,21.0,core,union of active frame supports,0.0,200.0,excluded from core FINAL,2.4999999999999467,1,1,ok
3,core_support_0,support,studio_M1,21.0,core,union of active frame supports,0.0,200.0,excluded from core FINAL,27.505668934240333,1,1,ok
3,core_support_0,support,phone_F1,22.0,core,union of active frame supports,0.0,200.0,excluded from core FINAL,null,1,2,region_count_or_matching_mismatch
3,core_support_0,support,phone_M1,22.0,core,union of active frame supports,0.0,200.0,excluded from core FINAL,2.4999999999999467,1,1,ok
3,core_support_0,support,studio_M1,22.0,core,union of active frame supports,0.0,200.0,excluded from core FINAL,27.505668934240333,1,1,ok
3,core_support_0,support,phone_F1,23.0,core,union of active frame supports,0.0,200.0,excluded from core FINAL,null,1,2,region_count_or_matching_mismatch
3,core_support_0,support,phone_M1,23.0,core,union of active frame supports,0.0,200.0,excluded from core FINAL,2.4999999999999467,1,1,ok
3,core_support_0,support,studio_M1,23.0,core,union of active frame supports,0.0,200.0,excluded from core FINAL,27.505668934240333,1,1,ok
3,core_support_0,support,phone_F1,24.0,core,union of active frame supports,0.0,200.0,excluded from core FINAL,null,1,2,region_count_or_matching_mismatch
3,core_support_0,support,phone_M1,24.0,core,union of active frame supports,0.0,200.0,excluded from core FINAL,2.4999999999999467,1,1,ok
3,core_support_0,support,studio_M1,24.0,core,union of active frame supports,0.0,200.0,excluded from core FINAL,27.505668934240333,1,1,ok
3,core_support_0,support,phone_F1,25.0,core,union of active frame supports,0.0,200.0,excluded from core FINAL,null,1,2,region_count_or_matching_mismatch
3,core_support_0,support,phone_M1,25.0,core,union of active frame supports,0.0,200.0,excluded from core FINAL,2.4999999999999467,1,1,ok
3,core_support_0,support,studio_M1,25.0,core,union of active frame supports,0.0,200.0,excluded from core FINAL,27.505668934240333,1,1,ok
3,core_support_0,support,phone_F1,26.0,core,union of active frame supports,0.0,200.0,excluded from core FINAL,null,1,2,region_count_or_matching_mismatch
3,core_support_0,support,phone_M1,26.0,core,union of active frame supports,0.0,200.0,excluded from core FINAL,2.4999999999999467,1,1,ok
3,core_support_0,support,studio_M1,26.0,core,union of active frame supports,0.0,200.0,excluded from core FINAL,27.505668934240333,1,1,ok
3,core_support_0,support,phone_F1,27.0,core,union of active frame supports,0.0,200.0,excluded from core FINAL,null,1,2,region_count_or_matching_mismatch
3,core_support_0,support,phone_M1,27.0,core,union of active frame supports,0.0,200.0,excluded from core FINAL,2.4999999999999467,1,1,ok
3,core_support_0,support,studio_M1,27.0,core,union of active frame supports,0.0,200.0,excluded from core FINAL,27.505668934240333,1,1,ok
3,core_support_0,support,phone_F1,28.0,core,union of active frame supports,0.0,200.0,excluded from core FINAL,null,1,2,region_count_or_matching_mismatch
3,core_support_0,support,phone_M1,28.0,core,union of active frame supports,0.0,200.0,excluded from core FINAL,2.4999999999999467,1,1,ok
3,core_support_0,support,studio_M1,28.0,core,union of active frame supports,0.0,200.0,excluded from core FINAL,27.505668934240333,1,1,ok
3,core_support_0,support,phone_F1,29.0,core,union of active frame supports,0.0,200.0,excluded from core FINAL,null,1,2,region_count_or_matching_mismatch
3,core_support_0,support,phone_M1,29.0,core,union of active frame supports,0.0,200.0,excluded from core FINAL,7.500000000000062,1,1,ok
3,core_support_0,support,studio_M1,29.0,core,union of active frame supports,0.0,200.0,excluded from core FINAL,27.505668934240333,1,1,ok
3,core_support_0,support,phone_F1,30.0,core,union of active frame supports,0.0,200.0,excluded from core FINAL,null,1,2,region_count_or_matching_mismatch
3,core_support_0,support,phone_M1,30.0,core,union of active frame supports,0.0,200.0,excluded from core FINAL,7.500000000000062,1,1,ok
3,core_support_0,support,studio_M1,30.0,core,union of active frame supports,0.0,200.0,excluded from core FINAL,27.505668934240333,1,1,ok
3,core_support_0,support,phone_F1,31.0,core,union of active frame supports,0.0,200.0,excluded from core FINAL,null,1,2,region_count_or_matching_mismatch
3,core_support_0,support,phone_M1,31.0,core,union of active frame supports,0.0,200.0,excluded from core FINAL,7.500000000000062,1,1,ok
3,core_support_0,support,studio_M1,31.0,core,union of active frame supports,0.0,200.0,excluded from core FINAL,27.505668934240333,1,1,ok
3,core_support_0,support,phone_F1,32.0,core,union of active frame supports,0.0,200.0,excluded from core FINAL,null,1,2,region_count_or_matching_mismatch
3,core_support_0,support,phone_M1,32.0,core,union of active frame supports,0.0,200.0,excluded from core FINAL,7.500000000000062,1,1,ok
3,core_support_0,support,studio_M1,32.0,core,union of active frame supports,0.0,200.0,excluded from core FINAL,27.505668934240333,1,1,ok
3,core_support_0,support,phone_F1,33.0,core,union of active frame supports,0.0,200.0,excluded from core FINAL,null,1,2,region_count_or_matching_mismatch
3,core_support_0,support,phone_M1,33.0,core,union of active frame supports,0.0,200.0,excluded from core FINAL,7.500000000000062,1,1,ok
3,core_support_0,support,studio_M1,33.0,core,union of active frame supports,0.0,200.0,excluded from core FINAL,27.505668934240333,1,1,ok
3,core_support_0,support,phone_F1,34.0,core,union of active frame supports,0.0,200.0,excluded from core FINAL,null,1,2,region_count_or_matching_mismatch
3,core_support_0,support,phone_M1,34.0,core,union of active frame supports,0.0,200.0,excluded from core FINAL,7.500000000000062,1,1,ok
3,core_support_0,support,studio_M1,34.0,core,union of active frame supports,0.0,200.0,excluded from core FINAL,27.505668934240333,1,1,ok
3,core_support_0,support,phone_F1,35.0,core,union of active frame supports,0.0,200.0,excluded from core FINAL,null,1,2,region_count_or_matching_mismatch
3,core_support_0,support,phone_M1,35.0,core,union of active frame supports,0.0,200.0,excluded from core FINAL,7.500000000000062,1,1,ok
3,core_support_0,support,studio_M1,35.0,core,union of active frame supports,0.0,200.0,excluded from core FINAL,27.505668934240333,1,1,ok
3,core_support_0,support,phone_F1,36.0,core,union of active frame supports,0.0,200.0,excluded from core FINAL,null,1,2,region_count_or_matching_mismatch
3,core_support_0,support,phone_M1,36.0,core,union of active frame supports,0.0,200.0,excluded from core FINAL,7.500000000000062,1,1,ok
3,core_support_0,support,studio_M1,36.0,core,union of active frame supports,0.0,200.0,excluded from core FINAL,27.505668934240333,1,1,ok
3,core_support_0,support,phone_F1,37.0,core,union of active frame supports,0.0,200.0,excluded from core FINAL,null,1,2,region_count_or_matching_mismatch
3,core_support_0,support,phone_M1,37.0,core,union of active frame supports,0.0,200.0,excluded from core FINAL,7.500000000000062,1,1,ok
3,core_support_0,support,studio_M1,37.0,core,union of active frame supports,0.0,200.0,excluded from core FINAL,27.505668934240333,1,1,ok
3,core_support_0,support,phone_F1,38.0,core,union of active frame supports,0.0,200.0,excluded from core FINAL,null,1,2,region_count_or_matching_mismatch
3,core_support_0,support,phone_M1,38.0,core,union of active frame supports,0.0,200.0,excluded from core FINAL,7.500000000000062,1,1,ok
3,core_support_0,support,studio_M1,38.0,core,union of active frame supports,0.0,200.0,excluded from core FINAL,27.505668934240333,1,1,ok
3,core_support_0,support,phone_F1,39.0,core,union of active frame supports,0.0,200.0,excluded from core FINAL,null,1,2,region_count_or_matching_mismatch
3,core_support_0,support,phone_M1,39.0,core,union of active frame supports,0.0,200.0,excluded from core FINAL,7.500000000000062,1,1,ok
3,core_support_0,support,studio_M1,39.0,core,union of active frame supports,0.0,200.0,excluded from core FINAL,27.505668934240333,1,1,ok
3,core_support_0,support,phone_F1,40.0,core,union of active frame supports,0.0,200.0,excluded from core FINAL,null,1,2,region_count_or_matching_mismatch
3,core_support_0,support,phone_M1,40.0,core,union of active frame supports,0.0,200.0,excluded from core FINAL,7.500000000000062,1,1,ok
3,core_support_0,support,studio_M1,40.0,core,union of active frame supports,0.0,200.0,excluded from core FINAL,27.505668934240333,1,1,ok
3,core_support_0,support,phone_F1,41.0,core,union of active frame supports,0.0,200.0,excluded from core FINAL,null,1,2,region_count_or_matching_mismatch
3,core_support_0,support,phone_M1,41.0,core,union of active frame supports,0.0,200.0,excluded from core FINAL,7.500000000000062,1,1,ok
3,core_support_0,support,studio_M1,41.0,core,union of active frame supports,0.0,200.0,excluded from core FINAL,27.505668934240333,1,1,ok
3,core_support_0,support,phone_F1,42.0,core,union of active frame supports,0.0,200.0,excluded from core FINAL,null,1,2,region_count_or_matching_mismatch
3,core_support_0,support,phone_M1,42.0,core,union of active frame supports,0.0,200.0,excluded from core FINAL,7.500000000000062,1,1,ok
3,core_support_0,support,studio_M1,42.0,core,union of active frame supports,0.0,200.0,excluded from core FINAL,27.505668934240333,1,1,ok
3,core_support_0,support,phone_F1,43.0,core,union of active frame supports,0.0,200.0,excluded from core FINAL,null,1,2,region_count_or_matching_mismatch
3,core_support_0,support,phone_M1,43.0,core,union of active frame supports,0.0,200.0,excluded from core FINAL,7.500000000000062,1,1,ok
3,core_support_0,support,studio_M1,43.0,core,union of active frame supports,0.0,200.0,excluded from core FINAL,27.505668934240333,1,1,ok
3,core_support_0,support,phone_F1,44.0,core,union of active frame supports,0.0,200.0,excluded from core FINAL,null,1,2,region_count_or_matching_mismatch
3,core_support_0,support,phone_M1,44.0,core,union of active frame supports,0.0,200.0,excluded from core FINAL,7.500000000000062,1,1,ok
3,core_support_0,support,studio_M1,44.0,core,union of active frame supports,0.0,200.0,excluded from core FINAL,27.505668934240333,1,1,ok
3,core_support_0,support,phone_F1,45.0,core,union of active frame supports,0.0,200.0,excluded from core FINAL,null,1,2,region_count_or_matching_mismatch
3,core_support_0,support,phone_M1,45.0,core,union of active frame supports,0.0,200.0,excluded from core FINAL,7.500000000000062,1,1,ok
3,core_support_0,support,studio_M1,45.0,core,union of active frame supports,0.0,200.0,excluded from core FINAL,27.505668934240333,1,1,ok
3,core_support_0,support,phone_F1,46.0,core,union of active frame supports,0.0,200.0,excluded from core FINAL,null,1,2,region_count_or_matching_mismatch
3,core_support_0,support,phone_M1,46.0,core,union of active frame supports,0.0,200.0,excluded from core FINAL,7.500000000000062,1,1,ok
3,core_support_0,support,studio_M1,46.0,core,union of active frame supports,0.0,200.0,excluded from core FINAL,27.505668934240333,1,1,ok
3,core_support_0,support,phone_F1,47.0,core,union of active frame supports,0.0,200.0,excluded from core FINAL,null,1,2,region_count_or_matching_mismatch
3,core_support_0,support,phone_M1,47.0,core,union of active frame supports,0.0,200.0,excluded from core FINAL,7.500000000000062,1,1,ok
3,core_support_0,support,studio_M1,47.0,core,union of active frame supports,0.0,200.0,excluded from core FINAL,27.505668934240333,1,1,ok
3,core_support_0,support,phone_F1,48.0,core,union of active frame supports,0.0,200.0,excluded from core FINAL,null,1,2,region_count_or_matching_mismatch
3,core_support_0,support,phone_M1,48.0,core,union of active frame supports,0.0,200.0,excluded from core FINAL,7.500000000000062,1,1,ok
3,core_support_0,support,studio_M1,48.0,core,union of active frame supports,0.0,200.0,excluded from core FINAL,27.505668934240333,1,1,ok
3,core_support_0,support,phone_F1,49.0,core,union of active frame supports,0.0,200.0,excluded from core FINAL,null,1,2,region_count_or_matching_mismatch
3,core_support_0,support,phone_M1,49.0,core,union of active frame supports,0.0,200.0,excluded from core FINAL,7.500000000000062,1,1,ok
3,core_support_0,support,studio_M1,49.0,core,union of active frame supports,0.0,200.0,excluded from core FINAL,27.505668934240333,1,1,ok
3,core_support_0,support,phone_F1,50.0,core,union of active frame supports,0.0,200.0,excluded from core FINAL,null,1,2,region_count_or_matching_mismatch
3,core_support_0,support,phone_M1,50.0,core,union of active frame supports,0.0,200.0,excluded from core FINAL,7.500000000000062,1,1,ok
3,core_support_0,support,studio_M1,50.0,core,union of active frame supports,0.0,200.0,excluded from core FINAL,27.505668934240333,1,1,ok
3,core_cells_0,cells,phone_F1,1.0,core,nearest-frame centered decision cells,0.0,200.0,excluded from core FINAL,null,1,3,region_count_or_matching_mismatch
3,core_cells_0,cells,phone_M1,1.0,core,nearest-frame centered decision cells,0.0,200.0,excluded from core FINAL,null,1,4,region_count_or_matching_mismatch
3,core_cells_0,cells,studio_M1,1.0,core,nearest-frame centered decision cells,0.0,200.0,excluded from core FINAL,50.00000000000004,1,1,ok
3,core_cells_0,cells,phone_F1,2.0,core,nearest-frame centered decision cells,0.0,200.0,excluded from core FINAL,null,1,2,region_count_or_matching_mismatch
3,core_cells_0,cells,phone_M1,2.0,core,nearest-frame centered decision cells,0.0,200.0,excluded from core FINAL,null,1,2,region_count_or_matching_mismatch
3,core_cells_0,cells,studio_M1,2.0,core,nearest-frame centered decision cells,0.0,200.0,excluded from core FINAL,44.99999999999993,1,1,ok
3,core_cells_0,cells,phone_F1,3.0,core,nearest-frame centered decision cells,0.0,200.0,excluded from core FINAL,null,1,2,region_count_or_matching_mismatch
3,core_cells_0,cells,phone_M1,3.0,core,nearest-frame centered decision cells,0.0,200.0,excluded from core FINAL,null,1,2,region_count_or_matching_mismatch
3,core_cells_0,cells,studio_M1,3.0,core,nearest-frame centered decision cells,0.0,200.0,excluded from core FINAL,44.99999999999993,1,1,ok
3,core_cells_0,cells,phone_F1,4.0,core,nearest-frame centered decision cells,0.0,200.0,excluded from core FINAL,null,1,2,region_count_or_matching_mismatch
3,core_cells_0,cells,phone_M1,4.0,core,nearest-frame centered decision cells,0.0,200.0,excluded from core FINAL,null,1,2,region_count_or_matching_mismatch
3,core_cells_0,cells,studio_M1,4.0,core,nearest-frame centered decision cells,0.0,200.0,excluded from core FINAL,40.000000000000036,1,1,ok
3,core_cells_0,cells,phone_F1,5.0,core,nearest-frame centered decision cells,0.0,200.0,excluded from core FINAL,null,1,2,region_count_or_matching_mismatch
3,core_cells_0,cells,phone_M1,5.0,core,nearest-frame centered decision cells,0.0,200.0,excluded from core FINAL,9.999999999999954,1,1,ok
3,core_cells_0,cells,studio_M1,5.0,core,nearest-frame centered decision cells,0.0,200.0,excluded from core FINAL,40.000000000000036,1,1,ok
3,core_cells_0,cells,phone_F1,6.0,core,nearest-frame centered decision cells,0.0,200.0,excluded from core FINAL,null,1,2,region_count_or_matching_mismatch
3,core_cells_0,cells,phone_M1,6.0,core,nearest-frame centered decision cells,0.0,200.0,excluded from core FINAL,4.999999999999977,1,1,ok
3,core_cells_0,cells,studio_M1,6.0,core,nearest-frame centered decision cells,0.0,200.0,excluded from core FINAL,40.000000000000036,1,1,ok
3,core_cells_0,cells,phone_F1,7.0,core,nearest-frame centered decision cells,0.0,200.0,excluded from core FINAL,null,1,2,region_count_or_matching_mismatch
3,core_cells_0,cells,phone_M1,7.0,core,nearest-frame centered decision cells,0.0,200.0,excluded from core FINAL,4.999999999999977,1,1,ok
3,core_cells_0,cells,studio_M1,7.0,core,nearest-frame centered decision cells,0.0,200.0,excluded from core FINAL,40.000000000000036,1,1,ok
3,core_cells_0,cells,phone_F1,8.0,core,nearest-frame centered decision cells,0.0,200.0,excluded from core FINAL,null,1,2,region_count_or_matching_mismatch
3,core_cells_0,cells,phone_M1,8.0,core,nearest-frame centered decision cells,0.0,200.0,excluded from core FINAL,4.999999999999977,1,1,ok
3,core_cells_0,cells,studio_M1,8.0,core,nearest-frame centered decision cells,0.0,200.0,excluded from core FINAL,40.000000000000036,1,1,ok
3,core_cells_0,cells,phone_F1,9.0,core,nearest-frame centered decision cells,0.0,200.0,excluded from core FINAL,null,1,2,region_count_or_matching_mismatch
3,core_cells_0,cells,phone_M1,9.0,core,nearest-frame centered decision cells,0.0,200.0,excluded from core FINAL,4.999999999999977,1,1,ok
3,core_cells_0,cells,studio_M1,9.0,core,nearest-frame centered decision cells,0.0,200.0,excluded from core FINAL,40.000000000000036,1,1,ok
3,core_cells_0,cells,phone_F1,10.0,core,nearest-frame centered decision cells,0.0,200.0,excluded from core FINAL,null,1,2,region_count_or_matching_mismatch
3,core_cells_0,cells,phone_M1,10.0,core,nearest-frame centered decision cells,0.0,200.0,excluded from core FINAL,4.999999999999977,1,1,ok
3,core_cells_0,cells,studio_M1,10.0,core,nearest-frame centered decision cells,0.0,200.0,excluded from core FINAL,35.00000000000014,1,1,ok
3,core_cells_0,cells,phone_F1,11.0,core,nearest-frame centered decision cells,0.0,200.0,excluded from core FINAL,null,1,2,region_count_or_matching_mismatch
3,core_cells_0,cells,phone_M1,11.0,core,nearest-frame centered decision cells,0.0,200.0,excluded from core FINAL,4.999999999999977,1,1,ok
3,core_cells_0,cells,studio_M1,11.0,core,nearest-frame centered decision cells,0.0,200.0,excluded from core FINAL,35.00000000000014,1,1,ok
3,core_cells_0,cells,phone_F1,12.0,core,nearest-frame centered decision cells,0.0,200.0,excluded from core FINAL,null,1,2,region_count_or_matching_mismatch
3,core_cells_0,cells,phone_M1,12.0,core,nearest-frame centered decision cells,0.0,200.0,excluded from core FINAL,4.999999999999977,1,1,ok
3,core_cells_0,cells,studio_M1,12.0,core,nearest-frame centered decision cells,0.0,200.0,excluded from core FINAL,35.00000000000014,1,1,ok
3,core_cells_0,cells,phone_F1,13.0,core,nearest-frame centered decision cells,0.0,200.0,excluded from core FINAL,null,1,2,region_count_or_matching_mismatch
3,core_cells_0,cells,phone_M1,13.0,core,nearest-frame centered decision cells,0.0,200.0,excluded from core FINAL,4.999999999999977,1,1,ok
3,core_cells_0,cells,studio_M1,13.0,core,nearest-frame centered decision cells,0.0,200.0,excluded from core FINAL,35.00000000000014,1,1,ok
3,core_cells_0,cells,phone_F1,14.0,core,nearest-frame centered decision cells,0.0,200.0,excluded from core FINAL,null,1,2,region_count_or_matching_mismatch
3,core_cells_0,cells,phone_M1,14.0,core,nearest-frame centered decision cells,0.0,200.0,excluded from core FINAL,4.999999999999977,1,1,ok
3,core_cells_0,cells,studio_M1,14.0,core,nearest-frame centered decision cells,0.0,200.0,excluded from core FINAL,35.00000000000014,1,1,ok
3,core_cells_0,cells,phone_F1,15.0,core,nearest-frame centered decision cells,0.0,200.0,excluded from core FINAL,null,1,2,region_count_or_matching_mismatch
3,core_cells_0,cells,phone_M1,15.0,core,nearest-frame centered decision cells,0.0,200.0,excluded from core FINAL,4.999999999999977,1,1,ok
3,core_cells_0,cells,studio_M1,15.0,core,nearest-frame centered decision cells,0.0,200.0,excluded from core FINAL,35.00000000000014,1,1,ok
3,core_cells_0,cells,phone_F1,16.0,core,nearest-frame centered decision cells,0.0,200.0,excluded from core FINAL,null,1,2,region_count_or_matching_mismatch
3,core_cells_0,cells,phone_M1,16.0,core,nearest-frame centered decision cells,0.0,200.0,excluded from core FINAL,4.999999999999977,1,1,ok
3,core_cells_0,cells,studio_M1,16.0,core,nearest-frame centered decision cells,0.0,200.0,excluded from core FINAL,35.00000000000014,1,1,ok
3,core_cells_0,cells,phone_F1,17.0,core,nearest-frame centered decision cells,0.0,200.0,excluded from core FINAL,null,1,2,region_count_or_matching_mismatch
3,core_cells_0,cells,phone_M1,17.0,core,nearest-frame centered decision cells,0.0,200.0,excluded from core FINAL,4.999999999999977,1,1,ok
3,core_cells_0,cells,studio_M1,17.0,core,nearest-frame centered decision cells,0.0,200.0,excluded from core FINAL,35.00000000000014,1,1,ok
3,core_cells_0,cells,phone_F1,18.0,core,nearest-frame centered decision cells,0.0,200.0,excluded from core FINAL,null,1,2,region_count_or_matching_mismatch
3,core_cells_0,cells,phone_M1,18.0,core,nearest-frame centered decision cells,0.0,200.0,excluded from core FINAL,4.999999999999977,1,1,ok
3,core_cells_0,cells,studio_M1,18.0,core,nearest-frame centered decision cells,0.0,200.0,excluded from core FINAL,35.00000000000014,1,1,ok
3,core_cells_0,cells,phone_F1,19.0,core,nearest-frame centered decision cells,0.0,200.0,excluded from core FINAL,null,1,2,region_count_or_matching_mismatch
3,core_cells_0,cells,phone_M1,19.0,core,nearest-frame centered decision cells,0.0,200.0,excluded from core FINAL,4.999999999999977,1,1,ok
3,core_cells_0,cells,studio_M1,19.0,core,nearest-frame centered decision cells,0.0,200.0,excluded from core FINAL,35.00000000000014,1,1,ok
3,core_cells_0,cells,phone_F1,20.0,core,nearest-frame centered decision cells,0.0,200.0,excluded from core FINAL,null,1,2,region_count_or_matching_mismatch
3,core_cells_0,cells,phone_M1,20.0,core,nearest-frame centered decision cells,0.0,200.0,excluded from core FINAL,4.999999999999977,1,1,ok
3,core_cells_0,cells,studio_M1,20.0,core,nearest-frame centered decision cells,0.0,200.0,excluded from core FINAL,35.00000000000014,1,1,ok
3,core_cells_0,cells,phone_F1,21.0,core,nearest-frame centered decision cells,0.0,200.0,excluded from core FINAL,null,1,2,region_count_or_matching_mismatch
3,core_cells_0,cells,phone_M1,21.0,core,nearest-frame centered decision cells,0.0,200.0,excluded from core FINAL,4.999999999999977,1,1,ok
3,core_cells_0,cells,studio_M1,21.0,core,nearest-frame centered decision cells,0.0,200.0,excluded from core FINAL,35.00000000000014,1,1,ok
3,core_cells_0,cells,phone_F1,22.0,core,nearest-frame centered decision cells,0.0,200.0,excluded from core FINAL,null,1,2,region_count_or_matching_mismatch
3,core_cells_0,cells,phone_M1,22.0,core,nearest-frame centered decision cells,0.0,200.0,excluded from core FINAL,4.999999999999977,1,1,ok
3,core_cells_0,cells,studio_M1,22.0,core,nearest-frame centered decision cells,0.0,200.0,excluded from core FINAL,35.00000000000014,1,1,ok
3,core_cells_0,cells,phone_F1,23.0,core,nearest-frame centered decision cells,0.0,200.0,excluded from core FINAL,null,1,2,region_count_or_matching_mismatch
3,core_cells_0,cells,phone_M1,23.0,core,nearest-frame centered decision cells,0.0,200.0,excluded from core FINAL,4.999999999999977,1,1,ok
3,core_cells_0,cells,studio_M1,23.0,core,nearest-frame centered decision cells,0.0,200.0,excluded from core FINAL,35.00000000000014,1,1,ok
3,core_cells_0,cells,phone_F1,24.0,core,nearest-frame centered decision cells,0.0,200.0,excluded from core FINAL,null,1,2,region_count_or_matching_mismatch
3,core_cells_0,cells,phone_M1,24.0,core,nearest-frame centered decision cells,0.0,200.0,excluded from core FINAL,4.999999999999977,1,1,ok
3,core_cells_0,cells,studio_M1,24.0,core,nearest-frame centered decision cells,0.0,200.0,excluded from core FINAL,35.00000000000014,1,1,ok
3,core_cells_0,cells,phone_F1,25.0,core,nearest-frame centered decision cells,0.0,200.0,excluded from core FINAL,null,1,2,region_count_or_matching_mismatch
3,core_cells_0,cells,phone_M1,25.0,core,nearest-frame centered decision cells,0.0,200.0,excluded from core FINAL,4.999999999999977,1,1,ok
3,core_cells_0,cells,studio_M1,25.0,core,nearest-frame centered decision cells,0.0,200.0,excluded from core FINAL,35.00000000000014,1,1,ok
3,core_cells_0,cells,phone_F1,26.0,core,nearest-frame centered decision cells,0.0,200.0,excluded from core FINAL,null,1,2,region_count_or_matching_mismatch
3,core_cells_0,cells,phone_M1,26.0,core,nearest-frame centered decision cells,0.0,200.0,excluded from core FINAL,4.999999999999977,1,1,ok
3,core_cells_0,cells,studio_M1,26.0,core,nearest-frame centered decision cells,0.0,200.0,excluded from core FINAL,35.00000000000014,1,1,ok
3,core_cells_0,cells,phone_F1,27.0,core,nearest-frame centered decision cells,0.0,200.0,excluded from core FINAL,null,1,2,region_count_or_matching_mismatch
3,core_cells_0,cells,phone_M1,27.0,core,nearest-frame centered decision cells,0.0,200.0,excluded from core FINAL,4.999999999999977,1,1,ok
3,core_cells_0,cells,studio_M1,27.0,core,nearest-frame centered decision cells,0.0,200.0,excluded from core FINAL,35.00000000000014,1,1,ok
3,core_cells_0,cells,phone_F1,28.0,core,nearest-frame centered decision cells,0.0,200.0,excluded from core FINAL,null,1,2,region_count_or_matching_mismatch
3,core_cells_0,cells,phone_M1,28.0,core,nearest-frame centered decision cells,0.0,200.0,excluded from core FINAL,4.999999999999977,1,1,ok
3,core_cells_0,cells,studio_M1,28.0,core,nearest-frame centered decision cells,0.0,200.0,excluded from core FINAL,35.00000000000014,1,1,ok
3,core_cells_0,cells,phone_F1,29.0,core,nearest-frame centered decision cells,0.0,200.0,excluded from core FINAL,null,1,2,region_count_or_matching_mismatch
3,core_cells_0,cells,phone_M1,29.0,core,nearest-frame centered decision cells,0.0,200.0,excluded from core FINAL,7.499999999999924,1,1,ok
3,core_cells_0,cells,studio_M1,29.0,core,nearest-frame centered decision cells,0.0,200.0,excluded from core FINAL,35.00000000000014,1,1,ok
3,core_cells_0,cells,phone_F1,30.0,core,nearest-frame centered decision cells,0.0,200.0,excluded from core FINAL,null,1,2,region_count_or_matching_mismatch
3,core_cells_0,cells,phone_M1,30.0,core,nearest-frame centered decision cells,0.0,200.0,excluded from core FINAL,7.499999999999924,1,1,ok
3,core_cells_0,cells,studio_M1,30.0,core,nearest-frame centered decision cells,0.0,200.0,excluded from core FINAL,35.00000000000014,1,1,ok
3,core_cells_0,cells,phone_F1,31.0,core,nearest-frame centered decision cells,0.0,200.0,excluded from core FINAL,null,1,2,region_count_or_matching_mismatch
3,core_cells_0,cells,phone_M1,31.0,core,nearest-frame centered decision cells,0.0,200.0,excluded from core FINAL,7.499999999999924,1,1,ok
3,core_cells_0,cells,studio_M1,31.0,core,nearest-frame centered decision cells,0.0,200.0,excluded from core FINAL,35.00000000000014,1,1,ok
3,core_cells_0,cells,phone_F1,32.0,core,nearest-frame centered decision cells,0.0,200.0,excluded from core FINAL,null,1,2,region_count_or_matching_mismatch
3,core_cells_0,cells,phone_M1,32.0,core,nearest-frame centered decision cells,0.0,200.0,excluded from core FINAL,7.499999999999924,1,1,ok
3,core_cells_0,cells,studio_M1,32.0,core,nearest-frame centered decision cells,0.0,200.0,excluded from core FINAL,35.00000000000014,1,1,ok
3,core_cells_0,cells,phone_F1,33.0,core,nearest-frame centered decision cells,0.0,200.0,excluded from core FINAL,null,1,2,region_count_or_matching_mismatch
3,core_cells_0,cells,phone_M1,33.0,core,nearest-frame centered decision cells,0.0,200.0,excluded from core FINAL,7.499999999999924,1,1,ok
3,core_cells_0,cells,studio_M1,33.0,core,nearest-frame centered decision cells,0.0,200.0,excluded from core FINAL,35.00000000000014,1,1,ok
3,core_cells_0,cells,phone_F1,34.0,core,nearest-frame centered decision cells,0.0,200.0,excluded from core FINAL,null,1,2,region_count_or_matching_mismatch
3,core_cells_0,cells,phone_M1,34.0,core,nearest-frame centered decision cells,0.0,200.0,excluded from core FINAL,7.499999999999924,1,1,ok
3,core_cells_0,cells,studio_M1,34.0,core,nearest-frame centered decision cells,0.0,200.0,excluded from core FINAL,35.00000000000014,1,1,ok
3,core_cells_0,cells,phone_F1,35.0,core,nearest-frame centered decision cells,0.0,200.0,excluded from core FINAL,null,1,2,region_count_or_matching_mismatch
3,core_cells_0,cells,phone_M1,35.0,core,nearest-frame centered decision cells,0.0,200.0,excluded from core FINAL,7.499999999999924,1,1,ok
3,core_cells_0,cells,studio_M1,35.0,core,nearest-frame centered decision cells,0.0,200.0,excluded from core FINAL,35.00000000000014,1,1,ok
3,core_cells_0,cells,phone_F1,36.0,core,nearest-frame centered decision cells,0.0,200.0,excluded from core FINAL,null,1,2,region_count_or_matching_mismatch
3,core_cells_0,cells,phone_M1,36.0,core,nearest-frame centered decision cells,0.0,200.0,excluded from core FINAL,7.499999999999924,1,1,ok
3,core_cells_0,cells,studio_M1,36.0,core,nearest-frame centered decision cells,0.0,200.0,excluded from core FINAL,35.00000000000014,1,1,ok
3,core_cells_0,cells,phone_F1,37.0,core,nearest-frame centered decision cells,0.0,200.0,excluded from core FINAL,null,1,2,region_count_or_matching_mismatch
3,core_cells_0,cells,phone_M1,37.0,core,nearest-frame centered decision cells,0.0,200.0,excluded from core FINAL,7.499999999999924,1,1,ok
3,core_cells_0,cells,studio_M1,37.0,core,nearest-frame centered decision cells,0.0,200.0,excluded from core FINAL,35.00000000000014,1,1,ok
3,core_cells_0,cells,phone_F1,38.0,core,nearest-frame centered decision cells,0.0,200.0,excluded from core FINAL,null,1,2,region_count_or_matching_mismatch
3,core_cells_0,cells,phone_M1,38.0,core,nearest-frame centered decision cells,0.0,200.0,excluded from core FINAL,7.499999999999924,1,1,ok
3,core_cells_0,cells,studio_M1,38.0,core,nearest-frame centered decision cells,0.0,200.0,excluded from core FINAL,35.00000000000014,1,1,ok
3,core_cells_0,cells,phone_F1,39.0,core,nearest-frame centered decision cells,0.0,200.0,excluded from core FINAL,null,1,2,region_count_or_matching_mismatch
3,core_cells_0,cells,phone_M1,39.0,core,nearest-frame centered decision cells,0.0,200.0,excluded from core FINAL,7.499999999999924,1,1,ok
3,core_cells_0,cells,studio_M1,39.0,core,nearest-frame centered decision cells,0.0,200.0,excluded from core FINAL,35.00000000000014,1,1,ok
3,core_cells_0,cells,phone_F1,40.0,core,nearest-frame centered decision cells,0.0,200.0,excluded from core FINAL,null,1,2,region_count_or_matching_mismatch
3,core_cells_0,cells,phone_M1,40.0,core,nearest-frame centered decision cells,0.0,200.0,excluded from core FINAL,7.499999999999924,1,1,ok
3,core_cells_0,cells,studio_M1,40.0,core,nearest-frame centered decision cells,0.0,200.0,excluded from core FINAL,35.00000000000014,1,1,ok
3,core_cells_0,cells,phone_F1,41.0,core,nearest-frame centered decision cells,0.0,200.0,excluded from core FINAL,null,1,2,region_count_or_matching_mismatch
3,core_cells_0,cells,phone_M1,41.0,core,nearest-frame centered decision cells,0.0,200.0,excluded from core FINAL,7.499999999999924,1,1,ok
3,core_cells_0,cells,studio_M1,41.0,core,nearest-frame centered decision cells,0.0,200.0,excluded from core FINAL,35.00000000000014,1,1,ok
3,core_cells_0,cells,phone_F1,42.0,core,nearest-frame centered decision cells,0.0,200.0,excluded from core FINAL,null,1,2,region_count_or_matching_mismatch
3,core_cells_0,cells,phone_M1,42.0,core,nearest-frame centered decision cells,0.0,200.0,excluded from core FINAL,7.499999999999924,1,1,ok
3,core_cells_0,cells,studio_M1,42.0,core,nearest-frame centered decision cells,0.0,200.0,excluded from core FINAL,35.00000000000014,1,1,ok
3,core_cells_0,cells,phone_F1,43.0,core,nearest-frame centered decision cells,0.0,200.0,excluded from core FINAL,null,1,2,region_count_or_matching_mismatch
3,core_cells_0,cells,phone_M1,43.0,core,nearest-frame centered decision cells,0.0,200.0,excluded from core FINAL,7.499999999999924,1,1,ok
3,core_cells_0,cells,studio_M1,43.0,core,nearest-frame centered decision cells,0.0,200.0,excluded from core FINAL,35.00000000000014,1,1,ok
3,core_cells_0,cells,phone_F1,44.0,core,nearest-frame centered decision cells,0.0,200.0,excluded from core FINAL,null,1,2,region_count_or_matching_mismatch
3,core_cells_0,cells,phone_M1,44.0,core,nearest-frame centered decision cells,0.0,200.0,excluded from core FINAL,7.499999999999924,1,1,ok
3,core_cells_0,cells,studio_M1,44.0,core,nearest-frame centered decision cells,0.0,200.0,excluded from core FINAL,35.00000000000014,1,1,ok
3,core_cells_0,cells,phone_F1,45.0,core,nearest-frame centered decision cells,0.0,200.0,excluded from core FINAL,null,1,2,region_count_or_matching_mismatch
3,core_cells_0,cells,phone_M1,45.0,core,nearest-frame centered decision cells,0.0,200.0,excluded from core FINAL,7.499999999999924,1,1,ok
3,core_cells_0,cells,studio_M1,45.0,core,nearest-frame centered decision cells,0.0,200.0,excluded from core FINAL,35.00000000000014,1,1,ok
3,core_cells_0,cells,phone_F1,46.0,core,nearest-frame centered decision cells,0.0,200.0,excluded from core FINAL,null,1,2,region_count_or_matching_mismatch
3,core_cells_0,cells,phone_M1,46.0,core,nearest-frame centered decision cells,0.0,200.0,excluded from core FINAL,7.499999999999924,1,1,ok
3,core_cells_0,cells,studio_M1,46.0,core,nearest-frame centered decision cells,0.0,200.0,excluded from core FINAL,35.00000000000014,1,1,ok
3,core_cells_0,cells,phone_F1,47.0,core,nearest-frame centered decision cells,0.0,200.0,excluded from core FINAL,null,1,2,region_count_or_matching_mismatch
3,core_cells_0,cells,phone_M1,47.0,core,nearest-frame centered decision cells,0.0,200.0,excluded from core FINAL,7.499999999999924,1,1,ok
3,core_cells_0,cells,studio_M1,47.0,core,nearest-frame centered decision cells,0.0,200.0,excluded from core FINAL,35.00000000000014,1,1,ok
3,core_cells_0,cells,phone_F1,48.0,core,nearest-frame centered decision cells,0.0,200.0,excluded from core FINAL,null,1,2,region_count_or_matching_mismatch
3,core_cells_0,cells,phone_M1,48.0,core,nearest-frame centered decision cells,0.0,200.0,excluded from core FINAL,7.499999999999924,1,1,ok
3,core_cells_0,cells,studio_M1,48.0,core,nearest-frame centered decision cells,0.0,200.0,excluded from core FINAL,35.00000000000014,1,1,ok
3,core_cells_0,cells,phone_F1,49.0,core,nearest-frame centered decision cells,0.0,200.0,excluded from core FINAL,null,1,2,region_count_or_matching_mismatch
3,core_cells_0,cells,phone_M1,49.0,core,nearest-frame centered decision cells,0.0,200.0,excluded from core FINAL,7.499999999999924,1,1,ok
3,core_cells_0,cells,studio_M1,49.0,core,nearest-frame centered decision cells,0.0,200.0,excluded from core FINAL,35.00000000000014,1,1,ok
3,core_cells_0,cells,phone_F1,50.0,core,nearest-frame centered decision cells,0.0,200.0,excluded from core FINAL,null,1,2,region_count_or_matching_mismatch
3,core_cells_0,cells,phone_M1,50.0,core,nearest-frame centered decision cells,0.0,200.0,excluded from core FINAL,7.499999999999924,1,1,ok
3,core_cells_0,cells,studio_M1,50.0,core,nearest-frame centered decision cells,0.0,200.0,excluded from core FINAL,35.00000000000014,1,1,ok
3,core_support_100,support,phone_F1,1.0,core,union of active frame supports,100.0,200.0,excluded from core FINAL,null,1,2,region_count_or_matching_mismatch
3,core_support_100,support,phone_M1,1.0,core,union of active frame supports,100.0,200.0,excluded from core FINAL,null,1,2,region_count_or_matching_mismatch
3,core_support_100,support,studio_M1,1.0,core,union of active frame supports,100.0,200.0,excluded from core FINAL,42.50566893424046,1,1,ok
3,core_support_100,support,phone_F1,2.0,core,union of active frame supports,100.0,200.0,excluded from core FINAL,null,1,2,region_count_or_matching_mismatch
3,core_support_100,support,phone_M1,2.0,core,union of active frame supports,100.0,200.0,excluded from core FINAL,null,1,2,region_count_or_matching_mismatch
3,core_support_100,support,studio_M1,2.0,core,union of active frame supports,100.0,200.0,excluded from core FINAL,37.50566893424035,1,1,ok
3,core_support_100,support,phone_F1,3.0,core,union of active frame supports,100.0,200.0,excluded from core FINAL,null,1,2,region_count_or_matching_mismatch
3,core_support_100,support,phone_M1,3.0,core,union of active frame supports,100.0,200.0,excluded from core FINAL,7.499999999999924,1,1,ok
3,core_support_100,support,studio_M1,3.0,core,union of active frame supports,100.0,200.0,excluded from core FINAL,37.50566893424035,1,1,ok
3,core_support_100,support,phone_F1,4.0,core,union of active frame supports,100.0,200.0,excluded from core FINAL,null,1,2,region_count_or_matching_mismatch
3,core_support_100,support,phone_M1,4.0,core,union of active frame supports,100.0,200.0,excluded from core FINAL,7.499999999999924,1,1,ok
3,core_support_100,support,studio_M1,4.0,core,union of active frame supports,100.0,200.0,excluded from core FINAL,32.50566893424045,1,1,ok
3,core_support_100,support,phone_F1,5.0,core,union of active frame supports,100.0,200.0,excluded from core FINAL,null,1,2,region_count_or_matching_mismatch
3,core_support_100,support,phone_M1,5.0,core,union of active frame supports,100.0,200.0,excluded from core FINAL,7.499999999999924,1,1,ok
3,core_support_100,support,studio_M1,5.0,core,union of active frame supports,100.0,200.0,excluded from core FINAL,32.50566893424045,1,1,ok
3,core_support_100,support,phone_F1,6.0,core,union of active frame supports,100.0,200.0,excluded from core FINAL,null,1,2,region_count_or_matching_mismatch
3,core_support_100,support,phone_M1,6.0,core,union of active frame supports,100.0,200.0,excluded from core FINAL,2.4999999999999467,1,1,ok
3,core_support_100,support,studio_M1,6.0,core,union of active frame supports,100.0,200.0,excluded from core FINAL,32.50566893424045,1,1,ok
3,core_support_100,support,phone_F1,7.0,core,union of active frame supports,100.0,200.0,excluded from core FINAL,null,1,2,region_count_or_matching_mismatch
3,core_support_100,support,phone_M1,7.0,core,union of active frame supports,100.0,200.0,excluded from core FINAL,2.4999999999999467,1,1,ok
3,core_support_100,support,studio_M1,7.0,core,union of active frame supports,100.0,200.0,excluded from core FINAL,32.50566893424045,1,1,ok
3,core_support_100,support,phone_F1,8.0,core,union of active frame supports,100.0,200.0,excluded from core FINAL,null,1,2,region_count_or_matching_mismatch
3,core_support_100,support,phone_M1,8.0,core,union of active frame supports,100.0,200.0,excluded from core FINAL,2.4999999999999467,1,1,ok
3,core_support_100,support,studio_M1,8.0,core,union of active frame supports,100.0,200.0,excluded from core FINAL,32.50566893424045,1,1,ok
3,core_support_100,support,phone_F1,9.0,core,union of active frame supports,100.0,200.0,excluded from core FINAL,null,1,2,region_count_or_matching_mismatch
3,core_support_100,support,phone_M1,9.0,core,union of active frame supports,100.0,200.0,excluded from core FINAL,2.4999999999999467,1,1,ok
3,core_support_100,support,studio_M1,9.0,core,union of active frame supports,100.0,200.0,excluded from core FINAL,32.50566893424045,1,1,ok
3,core_support_100,support,phone_F1,10.0,core,union of active frame supports,100.0,200.0,excluded from core FINAL,null,1,2,region_count_or_matching_mismatch
3,core_support_100,support,phone_M1,10.0,core,union of active frame supports,100.0,200.0,excluded from core FINAL,2.4999999999999467,1,1,ok
3,core_support_100,support,studio_M1,10.0,core,union of active frame supports,100.0,200.0,excluded from core FINAL,27.505668934240333,1,1,ok
3,core_support_100,support,phone_F1,11.0,core,union of active frame supports,100.0,200.0,excluded from core FINAL,null,1,2,region_count_or_matching_mismatch
3,core_support_100,support,phone_M1,11.0,core,union of active frame supports,100.0,200.0,excluded from core FINAL,2.4999999999999467,1,1,ok
3,core_support_100,support,studio_M1,11.0,core,union of active frame supports,100.0,200.0,excluded from core FINAL,27.505668934240333,1,1,ok
3,core_support_100,support,phone_F1,12.0,core,union of active frame supports,100.0,200.0,excluded from core FINAL,null,1,2,region_count_or_matching_mismatch
3,core_support_100,support,phone_M1,12.0,core,union of active frame supports,100.0,200.0,excluded from core FINAL,2.4999999999999467,1,1,ok
3,core_support_100,support,studio_M1,12.0,core,union of active frame supports,100.0,200.0,excluded from core FINAL,27.505668934240333,1,1,ok
3,core_support_100,support,phone_F1,13.0,core,union of active frame supports,100.0,200.0,excluded from core FINAL,null,1,2,region_count_or_matching_mismatch
3,core_support_100,support,phone_M1,13.0,core,union of active frame supports,100.0,200.0,excluded from core FINAL,2.4999999999999467,1,1,ok
3,core_support_100,support,studio_M1,13.0,core,union of active frame supports,100.0,200.0,excluded from core FINAL,27.505668934240333,1,1,ok
3,core_support_100,support,phone_F1,14.0,core,union of active frame supports,100.0,200.0,excluded from core FINAL,null,1,2,region_count_or_matching_mismatch
3,core_support_100,support,phone_M1,14.0,core,union of active frame supports,100.0,200.0,excluded from core FINAL,2.4999999999999467,1,1,ok
3,core_support_100,support,studio_M1,14.0,core,union of active frame supports,100.0,200.0,excluded from core FINAL,27.505668934240333,1,1,ok
3,core_support_100,support,phone_F1,15.0,core,union of active frame supports,100.0,200.0,excluded from core FINAL,null,1,2,region_count_or_matching_mismatch
3,core_support_100,support,phone_M1,15.0,core,union of active frame supports,100.0,200.0,excluded from core FINAL,2.4999999999999467,1,1,ok
3,core_support_100,support,studio_M1,15.0,core,union of active frame supports,100.0,200.0,excluded from core FINAL,27.505668934240333,1,1,ok
3,core_support_100,support,phone_F1,16.0,core,union of active frame supports,100.0,200.0,excluded from core FINAL,null,1,2,region_count_or_matching_mismatch
3,core_support_100,support,phone_M1,16.0,core,union of active frame supports,100.0,200.0,excluded from core FINAL,2.4999999999999467,1,1,ok
3,core_support_100,support,studio_M1,16.0,core,union of active frame supports,100.0,200.0,excluded from core FINAL,27.505668934240333,1,1,ok
3,core_support_100,support,phone_F1,17.0,core,union of active frame supports,100.0,200.0,excluded from core FINAL,null,1,2,region_count_or_matching_mismatch
3,core_support_100,support,phone_M1,17.0,core,union of active frame supports,100.0,200.0,excluded from core FINAL,2.4999999999999467,1,1,ok
3,core_support_100,support,studio_M1,17.0,core,union of active frame supports,100.0,200.0,excluded from core FINAL,27.505668934240333,1,1,ok
3,core_support_100,support,phone_F1,18.0,core,union of active frame supports,100.0,200.0,excluded from core FINAL,null,1,2,region_count_or_matching_mismatch
3,core_support_100,support,phone_M1,18.0,core,union of active frame supports,100.0,200.0,excluded from core FINAL,2.4999999999999467,1,1,ok
3,core_support_100,support,studio_M1,18.0,core,union of active frame supports,100.0,200.0,excluded from core FINAL,27.505668934240333,1,1,ok
3,core_support_100,support,phone_F1,19.0,core,union of active frame supports,100.0,200.0,excluded from core FINAL,null,1,2,region_count_or_matching_mismatch
3,core_support_100,support,phone_M1,19.0,core,union of active frame supports,100.0,200.0,excluded from core FINAL,2.4999999999999467,1,1,ok
3,core_support_100,support,studio_M1,19.0,core,union of active frame supports,100.0,200.0,excluded from core FINAL,27.505668934240333,1,1,ok
3,core_support_100,support,phone_F1,20.0,core,union of active frame supports,100.0,200.0,excluded from core FINAL,null,1,2,region_count_or_matching_mismatch
3,core_support_100,support,phone_M1,20.0,core,union of active frame supports,100.0,200.0,excluded from core FINAL,2.4999999999999467,1,1,ok
3,core_support_100,support,studio_M1,20.0,core,union of active frame supports,100.0,200.0,excluded from core FINAL,27.505668934240333,1,1,ok
3,core_support_100,support,phone_F1,21.0,core,union of active frame supports,100.0,200.0,excluded from core FINAL,null,1,2,region_count_or_matching_mismatch
3,core_support_100,support,phone_M1,21.0,core,union of active frame supports,100.0,200.0,excluded from core FINAL,2.4999999999999467,1,1,ok
3,core_support_100,support,studio_M1,21.0,core,union of active frame supports,100.0,200.0,excluded from core FINAL,27.505668934240333,1,1,ok
3,core_support_100,support,phone_F1,22.0,core,union of active frame supports,100.0,200.0,excluded from core FINAL,null,1,2,region_count_or_matching_mismatch
3,core_support_100,support,phone_M1,22.0,core,union of active frame supports,100.0,200.0,excluded from core FINAL,2.4999999999999467,1,1,ok
3,core_support_100,support,studio_M1,22.0,core,union of active frame supports,100.0,200.0,excluded from core FINAL,27.505668934240333,1,1,ok
3,core_support_100,support,phone_F1,23.0,core,union of active frame supports,100.0,200.0,excluded from core FINAL,null,1,2,region_count_or_matching_mismatch
3,core_support_100,support,phone_M1,23.0,core,union of active frame supports,100.0,200.0,excluded from core FINAL,2.4999999999999467,1,1,ok
3,core_support_100,support,studio_M1,23.0,core,union of active frame supports,100.0,200.0,excluded from core FINAL,27.505668934240333,1,1,ok
3,core_support_100,support,phone_F1,24.0,core,union of active frame supports,100.0,200.0,excluded from core FINAL,null,1,2,region_count_or_matching_mismatch
3,core_support_100,support,phone_M1,24.0,core,union of active frame supports,100.0,200.0,excluded from core FINAL,2.4999999999999467,1,1,ok
3,core_support_100,support,studio_M1,24.0,core,union of active frame supports,100.0,200.0,excluded from core FINAL,27.505668934240333,1,1,ok
3,core_support_100,support,phone_F1,25.0,core,union of active frame supports,100.0,200.0,excluded from core FINAL,null,1,2,region_count_or_matching_mismatch
3,core_support_100,support,phone_M1,25.0,core,union of active frame supports,100.0,200.0,excluded from core FINAL,2.4999999999999467,1,1,ok
3,core_support_100,support,studio_M1,25.0,core,union of active frame supports,100.0,200.0,excluded from core FINAL,27.505668934240333,1,1,ok
3,core_support_100,support,phone_F1,26.0,core,union of active frame supports,100.0,200.0,excluded from core FINAL,null,1,2,region_count_or_matching_mismatch
3,core_support_100,support,phone_M1,26.0,core,union of active frame supports,100.0,200.0,excluded from core FINAL,2.4999999999999467,1,1,ok
3,core_support_100,support,studio_M1,26.0,core,union of active frame supports,100.0,200.0,excluded from core FINAL,27.505668934240333,1,1,ok
3,core_support_100,support,phone_F1,27.0,core,union of active frame supports,100.0,200.0,excluded from core FINAL,null,1,2,region_count_or_matching_mismatch
3,core_support_100,support,phone_M1,27.0,core,union of active frame supports,100.0,200.0,excluded from core FINAL,2.4999999999999467,1,1,ok
3,core_support_100,support,studio_M1,27.0,core,union of active frame supports,100.0,200.0,excluded from core FINAL,27.505668934240333,1,1,ok
3,core_support_100,support,phone_F1,28.0,core,union of active frame supports,100.0,200.0,excluded from core FINAL,null,1,2,region_count_or_matching_mismatch
3,core_support_100,support,phone_M1,28.0,core,union of active frame supports,100.0,200.0,excluded from core FINAL,2.4999999999999467,1,1,ok
3,core_support_100,support,studio_M1,28.0,core,union of active frame supports,100.0,200.0,excluded from core FINAL,27.505668934240333,1,1,ok
3,core_support_100,support,phone_F1,29.0,core,union of active frame supports,100.0,200.0,excluded from core FINAL,null,1,2,region_count_or_matching_mismatch
3,core_support_100,support,phone_M1,29.0,core,union of active frame supports,100.0,200.0,excluded from core FINAL,7.500000000000062,1,1,ok
3,core_support_100,support,studio_M1,29.0,core,union of active frame supports,100.0,200.0,excluded from core FINAL,27.505668934240333,1,1,ok
3,core_support_100,support,phone_F1,30.0,core,union of active frame supports,100.0,200.0,excluded from core FINAL,null,1,2,region_count_or_matching_mismatch
3,core_support_100,support,phone_M1,30.0,core,union of active frame supports,100.0,200.0,excluded from core FINAL,7.500000000000062,1,1,ok
3,core_support_100,support,studio_M1,30.0,core,union of active frame supports,100.0,200.0,excluded from core FINAL,27.505668934240333,1,1,ok
3,core_support_100,support,phone_F1,31.0,core,union of active frame supports,100.0,200.0,excluded from core FINAL,null,1,2,region_count_or_matching_mismatch
3,core_support_100,support,phone_M1,31.0,core,union of active frame supports,100.0,200.0,excluded from core FINAL,7.500000000000062,1,1,ok
3,core_support_100,support,studio_M1,31.0,core,union of active frame supports,100.0,200.0,excluded from core FINAL,27.505668934240333,1,1,ok
3,core_support_100,support,phone_F1,32.0,core,union of active frame supports,100.0,200.0,excluded from core FINAL,null,1,2,region_count_or_matching_mismatch
3,core_support_100,support,phone_M1,32.0,core,union of active frame supports,100.0,200.0,excluded from core FINAL,7.500000000000062,1,1,ok
3,core_support_100,support,studio_M1,32.0,core,union of active frame supports,100.0,200.0,excluded from core FINAL,27.505668934240333,1,1,ok
3,core_support_100,support,phone_F1,33.0,core,union of active frame supports,100.0,200.0,excluded from core FINAL,null,1,2,region_count_or_matching_mismatch
3,core_support_100,support,phone_M1,33.0,core,union of active frame supports,100.0,200.0,excluded from core FINAL,7.500000000000062,1,1,ok
3,core_support_100,support,studio_M1,33.0,core,union of active frame supports,100.0,200.0,excluded from core FINAL,27.505668934240333,1,1,ok
3,core_support_100,support,phone_F1,34.0,core,union of active frame supports,100.0,200.0,excluded from core FINAL,null,1,2,region_count_or_matching_mismatch
3,core_support_100,support,phone_M1,34.0,core,union of active frame supports,100.0,200.0,excluded from core FINAL,7.500000000000062,1,1,ok
3,core_support_100,support,studio_M1,34.0,core,union of active frame supports,100.0,200.0,excluded from core FINAL,27.505668934240333,1,1,ok
3,core_support_100,support,phone_F1,35.0,core,union of active frame supports,100.0,200.0,excluded from core FINAL,null,1,2,region_count_or_matching_mismatch
3,core_support_100,support,phone_M1,35.0,core,union of active frame supports,100.0,200.0,excluded from core FINAL,7.500000000000062,1,1,ok
3,core_support_100,support,studio_M1,35.0,core,union of active frame supports,100.0,200.0,excluded from core FINAL,27.505668934240333,1,1,ok
3,core_support_100,support,phone_F1,36.0,core,union of active frame supports,100.0,200.0,excluded from core FINAL,null,1,2,region_count_or_matching_mismatch
3,core_support_100,support,phone_M1,36.0,core,union of active frame supports,100.0,200.0,excluded from core FINAL,7.500000000000062,1,1,ok
3,core_support_100,support,studio_M1,36.0,core,union of active frame supports,100.0,200.0,excluded from core FINAL,27.505668934240333,1,1,ok
3,core_support_100,support,phone_F1,37.0,core,union of active frame supports,100.0,200.0,excluded from core FINAL,null,1,2,region_count_or_matching_mismatch
3,core_support_100,support,phone_M1,37.0,core,union of active frame supports,100.0,200.0,excluded from core FINAL,7.500000000000062,1,1,ok
3,core_support_100,support,studio_M1,37.0,core,union of active frame supports,100.0,200.0,excluded from core FINAL,27.505668934240333,1,1,ok
3,core_support_100,support,phone_F1,38.0,core,union of active frame supports,100.0,200.0,excluded from core FINAL,null,1,2,region_count_or_matching_mismatch
3,core_support_100,support,phone_M1,38.0,core,union of active frame supports,100.0,200.0,excluded from core FINAL,7.500000000000062,1,1,ok
3,core_support_100,support,studio_M1,38.0,core,union of active frame supports,100.0,200.0,excluded from core FINAL,27.505668934240333,1,1,ok
3,core_support_100,support,phone_F1,39.0,core,union of active frame supports,100.0,200.0,excluded from core FINAL,null,1,2,region_count_or_matching_mismatch
3,core_support_100,support,phone_M1,39.0,core,union of active frame supports,100.0,200.0,excluded from core FINAL,7.500000000000062,1,1,ok
3,core_support_100,support,studio_M1,39.0,core,union of active frame supports,100.0,200.0,excluded from core FINAL,27.505668934240333,1,1,ok
3,core_support_100,support,phone_F1,40.0,core,union of active frame supports,100.0,200.0,excluded from core FINAL,null,1,2,region_count_or_matching_mismatch
3,core_support_100,support,phone_M1,40.0,core,union of active frame supports,100.0,200.0,excluded from core FINAL,7.500000000000062,1,1,ok
3,core_support_100,support,studio_M1,40.0,core,union of active frame supports,100.0,200.0,excluded from core FINAL,27.505668934240333,1,1,ok
3,core_support_100,support,phone_F1,41.0,core,union of active frame supports,100.0,200.0,excluded from core FINAL,null,1,2,region_count_or_matching_mismatch
3,core_support_100,support,phone_M1,41.0,core,union of active frame supports,100.0,200.0,excluded from core FINAL,7.500000000000062,1,1,ok
3,core_support_100,support,studio_M1,41.0,core,union of active frame supports,100.0,200.0,excluded from core FINAL,27.505668934240333,1,1,ok
3,core_support_100,support,phone_F1,42.0,core,union of active frame supports,100.0,200.0,excluded from core FINAL,null,1,2,region_count_or_matching_mismatch
3,core_support_100,support,phone_M1,42.0,core,union of active frame supports,100.0,200.0,excluded from core FINAL,7.500000000000062,1,1,ok
3,core_support_100,support,studio_M1,42.0,core,union of active frame supports,100.0,200.0,excluded from core FINAL,27.505668934240333,1,1,ok
3,core_support_100,support,phone_F1,43.0,core,union of active frame supports,100.0,200.0,excluded from core FINAL,null,1,2,region_count_or_matching_mismatch
3,core_support_100,support,phone_M1,43.0,core,union of active frame supports,100.0,200.0,excluded from core FINAL,7.500000000000062,1,1,ok
3,core_support_100,support,studio_M1,43.0,core,union of active frame supports,100.0,200.0,excluded from core FINAL,27.505668934240333,1,1,ok
3,core_support_100,support,phone_F1,44.0,core,union of active frame supports,100.0,200.0,excluded from core FINAL,null,1,2,region_count_or_matching_mismatch
3,core_support_100,support,phone_M1,44.0,core,union of active frame supports,100.0,200.0,excluded from core FINAL,7.500000000000062,1,1,ok
3,core_support_100,support,studio_M1,44.0,core,union of active frame supports,100.0,200.0,excluded from core FINAL,27.505668934240333,1,1,ok
3,core_support_100,support,phone_F1,45.0,core,union of active frame supports,100.0,200.0,excluded from core FINAL,null,1,2,region_count_or_matching_mismatch
3,core_support_100,support,phone_M1,45.0,core,union of active frame supports,100.0,200.0,excluded from core FINAL,7.500000000000062,1,1,ok
3,core_support_100,support,studio_M1,45.0,core,union of active frame supports,100.0,200.0,excluded from core FINAL,27.505668934240333,1,1,ok
3,core_support_100,support,phone_F1,46.0,core,union of active frame supports,100.0,200.0,excluded from core FINAL,null,1,2,region_count_or_matching_mismatch
3,core_support_100,support,phone_M1,46.0,core,union of active frame supports,100.0,200.0,excluded from core FINAL,7.500000000000062,1,1,ok
3,core_support_100,support,studio_M1,46.0,core,union of active frame supports,100.0,200.0,excluded from core FINAL,27.505668934240333,1,1,ok
3,core_support_100,support,phone_F1,47.0,core,union of active frame supports,100.0,200.0,excluded from core FINAL,null,1,2,region_count_or_matching_mismatch
3,core_support_100,support,phone_M1,47.0,core,union of active frame supports,100.0,200.0,excluded from core FINAL,7.500000000000062,1,1,ok
3,core_support_100,support,studio_M1,47.0,core,union of active frame supports,100.0,200.0,excluded from core FINAL,27.505668934240333,1,1,ok
3,core_support_100,support,phone_F1,48.0,core,union of active frame supports,100.0,200.0,excluded from core FINAL,null,1,2,region_count_or_matching_mismatch
3,core_support_100,support,phone_M1,48.0,core,union of active frame supports,100.0,200.0,excluded from core FINAL,7.500000000000062,1,1,ok
3,core_support_100,support,studio_M1,48.0,core,union of active frame supports,100.0,200.0,excluded from core FINAL,27.505668934240333,1,1,ok
3,core_support_100,support,phone_F1,49.0,core,union of active frame supports,100.0,200.0,excluded from core FINAL,null,1,2,region_count_or_matching_mismatch
3,core_support_100,support,phone_M1,49.0,core,union of active frame supports,100.0,200.0,excluded from core FINAL,7.500000000000062,1,1,ok
3,core_support_100,support,studio_M1,49.0,core,union of active frame supports,100.0,200.0,excluded from core FINAL,27.505668934240333,1,1,ok
3,core_support_100,support,phone_F1,50.0,core,union of active frame supports,100.0,200.0,excluded from core FINAL,null,1,2,region_count_or_matching_mismatch
3,core_support_100,support,phone_M1,50.0,core,union of active frame supports,100.0,200.0,excluded from core FINAL,7.500000000000062,1,1,ok
3,core_support_100,support,studio_M1,50.0,core,union of active frame supports,100.0,200.0,excluded from core FINAL,27.505668934240333,1,1,ok
3,enhanced_support_100,support,phone_F1,1.0,enhanced,union of active frame supports,100.0,200.0,candidate diagnostics only,2.4999999999999467,1,1,ok
3,enhanced_support_100,support,phone_M1,1.0,enhanced,union of active frame supports,100.0,200.0,candidate diagnostics only,12.499999999999956,1,1,ok
3,enhanced_support_100,support,studio_M1,1.0,enhanced,union of active frame supports,100.0,200.0,candidate diagnostics only,22.49433106575971,1,1,ok
3,enhanced_support_100,support,phone_F1,2.0,enhanced,union of active frame supports,100.0,200.0,candidate diagnostics only,2.4999999999999467,1,1,ok
3,enhanced_support_100,support,phone_M1,2.0,enhanced,union of active frame supports,100.0,200.0,candidate diagnostics only,12.499999999999956,1,1,ok
3,enhanced_support_100,support,studio_M1,2.0,enhanced,union of active frame supports,100.0,200.0,candidate diagnostics only,22.49433106575971,1,1,ok
3,enhanced_support_100,support,phone_F1,3.0,enhanced,union of active frame supports,100.0,200.0,candidate diagnostics only,2.4999999999999467,1,1,ok
3,enhanced_support_100,support,phone_M1,3.0,enhanced,union of active frame supports,100.0,200.0,candidate diagnostics only,12.499999999999956,1,1,ok
3,enhanced_support_100,support,studio_M1,3.0,enhanced,union of active frame supports,100.0,200.0,candidate diagnostics only,22.49433106575971,1,1,ok
3,enhanced_support_100,support,phone_F1,4.0,enhanced,union of active frame supports,100.0,200.0,candidate diagnostics only,2.4999999999999467,1,1,ok
3,enhanced_support_100,support,phone_M1,4.0,enhanced,union of active frame supports,100.0,200.0,candidate diagnostics only,12.499999999999956,1,1,ok
3,enhanced_support_100,support,studio_M1,4.0,enhanced,union of active frame supports,100.0,200.0,candidate diagnostics only,22.49433106575971,1,1,ok
3,enhanced_support_100,support,phone_F1,5.0,enhanced,union of active frame supports,100.0,200.0,candidate diagnostics only,2.4999999999999467,1,1,ok
3,enhanced_support_100,support,phone_M1,5.0,enhanced,union of active frame supports,100.0,200.0,candidate diagnostics only,12.499999999999956,1,1,ok
3,enhanced_support_100,support,studio_M1,5.0,enhanced,union of active frame supports,100.0,200.0,candidate diagnostics only,22.49433106575971,1,1,ok
3,enhanced_support_100,support,phone_F1,6.0,enhanced,union of active frame supports,100.0,200.0,candidate diagnostics only,2.4999999999999467,1,1,ok
3,enhanced_support_100,support,phone_M1,6.0,enhanced,union of active frame supports,100.0,200.0,candidate diagnostics only,12.499999999999956,1,1,ok
3,enhanced_support_100,support,studio_M1,6.0,enhanced,union of active frame supports,100.0,200.0,candidate diagnostics only,22.49433106575971,1,1,ok
3,enhanced_support_100,support,phone_F1,7.0,enhanced,union of active frame supports,100.0,200.0,candidate diagnostics only,2.4999999999999467,1,1,ok
3,enhanced_support_100,support,phone_M1,7.0,enhanced,union of active frame supports,100.0,200.0,candidate diagnostics only,12.499999999999956,1,1,ok
3,enhanced_support_100,support,studio_M1,7.0,enhanced,union of active frame supports,100.0,200.0,candidate diagnostics only,22.49433106575971,1,1,ok
3,enhanced_support_100,support,phone_F1,8.0,enhanced,union of active frame supports,100.0,200.0,candidate diagnostics only,2.4999999999999467,1,1,ok
3,enhanced_support_100,support,phone_M1,8.0,enhanced,union of active frame supports,100.0,200.0,candidate diagnostics only,12.499999999999956,1,1,ok
3,enhanced_support_100,support,studio_M1,8.0,enhanced,union of active frame supports,100.0,200.0,candidate diagnostics only,22.49433106575971,1,1,ok
3,enhanced_support_100,support,phone_F1,9.0,enhanced,union of active frame supports,100.0,200.0,candidate diagnostics only,2.4999999999999467,1,1,ok
3,enhanced_support_100,support,phone_M1,9.0,enhanced,union of active frame supports,100.0,200.0,candidate diagnostics only,12.499999999999956,1,1,ok
3,enhanced_support_100,support,studio_M1,9.0,enhanced,union of active frame supports,100.0,200.0,candidate diagnostics only,22.49433106575971,1,1,ok
3,enhanced_support_100,support,phone_F1,10.0,enhanced,union of active frame supports,100.0,200.0,candidate diagnostics only,2.4999999999999467,1,1,ok
3,enhanced_support_100,support,phone_M1,10.0,enhanced,union of active frame supports,100.0,200.0,candidate diagnostics only,12.499999999999956,1,1,ok
3,enhanced_support_100,support,studio_M1,10.0,enhanced,union of active frame supports,100.0,200.0,candidate diagnostics only,22.49433106575971,1,1,ok
3,enhanced_support_100,support,phone_F1,11.0,enhanced,union of active frame supports,100.0,200.0,candidate diagnostics only,2.4999999999999467,1,1,ok
3,enhanced_support_100,support,phone_M1,11.0,enhanced,union of active frame supports,100.0,200.0,candidate diagnostics only,12.499999999999956,1,1,ok
3,enhanced_support_100,support,studio_M1,11.0,enhanced,union of active frame supports,100.0,200.0,candidate diagnostics only,22.49433106575971,1,1,ok
3,enhanced_support_100,support,phone_F1,12.0,enhanced,union of active frame supports,100.0,200.0,candidate diagnostics only,2.4999999999999467,1,1,ok
3,enhanced_support_100,support,phone_M1,12.0,enhanced,union of active frame supports,100.0,200.0,candidate diagnostics only,12.499999999999956,1,1,ok
3,enhanced_support_100,support,studio_M1,12.0,enhanced,union of active frame supports,100.0,200.0,candidate diagnostics only,22.49433106575971,1,1,ok
3,enhanced_support_100,support,phone_F1,13.0,enhanced,union of active frame supports,100.0,200.0,candidate diagnostics only,2.4999999999999467,1,1,ok
3,enhanced_support_100,support,phone_M1,13.0,enhanced,union of active frame supports,100.0,200.0,candidate diagnostics only,12.499999999999956,1,1,ok
3,enhanced_support_100,support,studio_M1,13.0,enhanced,union of active frame supports,100.0,200.0,candidate diagnostics only,22.49433106575971,1,1,ok
3,enhanced_support_100,support,phone_F1,14.0,enhanced,union of active frame supports,100.0,200.0,candidate diagnostics only,2.4999999999999467,1,1,ok
3,enhanced_support_100,support,phone_M1,14.0,enhanced,union of active frame supports,100.0,200.0,candidate diagnostics only,12.499999999999956,1,1,ok
3,enhanced_support_100,support,studio_M1,14.0,enhanced,union of active frame supports,100.0,200.0,candidate diagnostics only,22.49433106575971,1,1,ok
3,enhanced_support_100,support,phone_F1,15.0,enhanced,union of active frame supports,100.0,200.0,candidate diagnostics only,2.4999999999999467,1,1,ok
3,enhanced_support_100,support,phone_M1,15.0,enhanced,union of active frame supports,100.0,200.0,candidate diagnostics only,12.499999999999956,1,1,ok
3,enhanced_support_100,support,studio_M1,15.0,enhanced,union of active frame supports,100.0,200.0,candidate diagnostics only,22.49433106575971,1,1,ok
3,enhanced_support_100,support,phone_F1,16.0,enhanced,union of active frame supports,100.0,200.0,candidate diagnostics only,2.4999999999999467,1,1,ok
3,enhanced_support_100,support,phone_M1,16.0,enhanced,union of active frame supports,100.0,200.0,candidate diagnostics only,12.499999999999956,1,1,ok
3,enhanced_support_100,support,studio_M1,16.0,enhanced,union of active frame supports,100.0,200.0,candidate diagnostics only,22.49433106575971,1,1,ok
3,enhanced_support_100,support,phone_F1,17.0,enhanced,union of active frame supports,100.0,200.0,candidate diagnostics only,2.4999999999999467,1,1,ok
3,enhanced_support_100,support,phone_M1,17.0,enhanced,union of active frame supports,100.0,200.0,candidate diagnostics only,12.499999999999956,1,1,ok
3,enhanced_support_100,support,studio_M1,17.0,enhanced,union of active frame supports,100.0,200.0,candidate diagnostics only,22.49433106575971,1,1,ok
3,enhanced_support_100,support,phone_F1,18.0,enhanced,union of active frame supports,100.0,200.0,candidate diagnostics only,2.4999999999999467,1,1,ok
3,enhanced_support_100,support,phone_M1,18.0,enhanced,union of active frame supports,100.0,200.0,candidate diagnostics only,12.499999999999956,1,1,ok
3,enhanced_support_100,support,studio_M1,18.0,enhanced,union of active frame supports,100.0,200.0,candidate diagnostics only,22.49433106575971,1,1,ok
3,enhanced_support_100,support,phone_F1,19.0,enhanced,union of active frame supports,100.0,200.0,candidate diagnostics only,2.4999999999999467,1,1,ok
3,enhanced_support_100,support,phone_M1,19.0,enhanced,union of active frame supports,100.0,200.0,candidate diagnostics only,12.499999999999956,1,1,ok
3,enhanced_support_100,support,studio_M1,19.0,enhanced,union of active frame supports,100.0,200.0,candidate diagnostics only,22.49433106575971,1,1,ok
3,enhanced_support_100,support,phone_F1,20.0,enhanced,union of active frame supports,100.0,200.0,candidate diagnostics only,2.4999999999999467,1,1,ok
3,enhanced_support_100,support,phone_M1,20.0,enhanced,union of active frame supports,100.0,200.0,candidate diagnostics only,12.499999999999956,1,1,ok
3,enhanced_support_100,support,studio_M1,20.0,enhanced,union of active frame supports,100.0,200.0,candidate diagnostics only,22.49433106575971,1,1,ok
3,enhanced_support_100,support,phone_F1,21.0,enhanced,union of active frame supports,100.0,200.0,candidate diagnostics only,2.4999999999999467,1,1,ok
3,enhanced_support_100,support,phone_M1,21.0,enhanced,union of active frame supports,100.0,200.0,candidate diagnostics only,12.499999999999956,1,1,ok
3,enhanced_support_100,support,studio_M1,21.0,enhanced,union of active frame supports,100.0,200.0,candidate diagnostics only,22.49433106575971,1,1,ok
3,enhanced_support_100,support,phone_F1,22.0,enhanced,union of active frame supports,100.0,200.0,candidate diagnostics only,2.4999999999999467,1,1,ok
3,enhanced_support_100,support,phone_M1,22.0,enhanced,union of active frame supports,100.0,200.0,candidate diagnostics only,12.499999999999956,1,1,ok
3,enhanced_support_100,support,studio_M1,22.0,enhanced,union of active frame supports,100.0,200.0,candidate diagnostics only,22.49433106575971,1,1,ok
3,enhanced_support_100,support,phone_F1,23.0,enhanced,union of active frame supports,100.0,200.0,candidate diagnostics only,2.4999999999999467,1,1,ok
3,enhanced_support_100,support,phone_M1,23.0,enhanced,union of active frame supports,100.0,200.0,candidate diagnostics only,12.499999999999956,1,1,ok
3,enhanced_support_100,support,studio_M1,23.0,enhanced,union of active frame supports,100.0,200.0,candidate diagnostics only,22.49433106575971,1,1,ok
3,enhanced_support_100,support,phone_F1,24.0,enhanced,union of active frame supports,100.0,200.0,candidate diagnostics only,2.4999999999999467,1,1,ok
3,enhanced_support_100,support,phone_M1,24.0,enhanced,union of active frame supports,100.0,200.0,candidate diagnostics only,12.499999999999956,1,1,ok
3,enhanced_support_100,support,studio_M1,24.0,enhanced,union of active frame supports,100.0,200.0,candidate diagnostics only,22.49433106575971,1,1,ok
3,enhanced_support_100,support,phone_F1,25.0,enhanced,union of active frame supports,100.0,200.0,candidate diagnostics only,2.4999999999999467,1,1,ok
3,enhanced_support_100,support,phone_M1,25.0,enhanced,union of active frame supports,100.0,200.0,candidate diagnostics only,12.499999999999956,1,1,ok
3,enhanced_support_100,support,studio_M1,25.0,enhanced,union of active frame supports,100.0,200.0,candidate diagnostics only,22.49433106575971,1,1,ok
3,enhanced_support_100,support,phone_F1,26.0,enhanced,union of active frame supports,100.0,200.0,candidate diagnostics only,2.4999999999999467,1,1,ok
3,enhanced_support_100,support,phone_M1,26.0,enhanced,union of active frame supports,100.0,200.0,candidate diagnostics only,12.499999999999956,1,1,ok
3,enhanced_support_100,support,studio_M1,26.0,enhanced,union of active frame supports,100.0,200.0,candidate diagnostics only,22.49433106575971,1,1,ok
3,enhanced_support_100,support,phone_F1,27.0,enhanced,union of active frame supports,100.0,200.0,candidate diagnostics only,2.4999999999999467,1,1,ok
3,enhanced_support_100,support,phone_M1,27.0,enhanced,union of active frame supports,100.0,200.0,candidate diagnostics only,12.499999999999956,1,1,ok
3,enhanced_support_100,support,studio_M1,27.0,enhanced,union of active frame supports,100.0,200.0,candidate diagnostics only,22.49433106575971,1,1,ok
3,enhanced_support_100,support,phone_F1,28.0,enhanced,union of active frame supports,100.0,200.0,candidate diagnostics only,2.4999999999999467,1,1,ok
3,enhanced_support_100,support,phone_M1,28.0,enhanced,union of active frame supports,100.0,200.0,candidate diagnostics only,12.499999999999956,1,1,ok
3,enhanced_support_100,support,studio_M1,28.0,enhanced,union of active frame supports,100.0,200.0,candidate diagnostics only,22.49433106575971,1,1,ok
3,enhanced_support_100,support,phone_F1,29.0,enhanced,union of active frame supports,100.0,200.0,candidate diagnostics only,2.4999999999999467,1,1,ok
3,enhanced_support_100,support,phone_M1,29.0,enhanced,union of active frame supports,100.0,200.0,candidate diagnostics only,12.499999999999956,1,1,ok
3,enhanced_support_100,support,studio_M1,29.0,enhanced,union of active frame supports,100.0,200.0,candidate diagnostics only,22.49433106575971,1,1,ok
3,enhanced_support_100,support,phone_F1,30.0,enhanced,union of active frame supports,100.0,200.0,candidate diagnostics only,2.4999999999999467,1,1,ok
3,enhanced_support_100,support,phone_M1,30.0,enhanced,union of active frame supports,100.0,200.0,candidate diagnostics only,12.499999999999956,1,1,ok
3,enhanced_support_100,support,studio_M1,30.0,enhanced,union of active frame supports,100.0,200.0,candidate diagnostics only,22.49433106575971,1,1,ok
3,enhanced_support_100,support,phone_F1,31.0,enhanced,union of active frame supports,100.0,200.0,candidate diagnostics only,2.4999999999999467,1,1,ok
3,enhanced_support_100,support,phone_M1,31.0,enhanced,union of active frame supports,100.0,200.0,candidate diagnostics only,12.499999999999956,1,1,ok
3,enhanced_support_100,support,studio_M1,31.0,enhanced,union of active frame supports,100.0,200.0,candidate diagnostics only,22.49433106575971,1,1,ok
3,enhanced_support_100,support,phone_F1,32.0,enhanced,union of active frame supports,100.0,200.0,candidate diagnostics only,2.4999999999999467,1,1,ok
3,enhanced_support_100,support,phone_M1,32.0,enhanced,union of active frame supports,100.0,200.0,candidate diagnostics only,12.499999999999956,1,1,ok
3,enhanced_support_100,support,studio_M1,32.0,enhanced,union of active frame supports,100.0,200.0,candidate diagnostics only,22.49433106575971,1,1,ok
3,enhanced_support_100,support,phone_F1,33.0,enhanced,union of active frame supports,100.0,200.0,candidate diagnostics only,2.4999999999999467,1,1,ok
3,enhanced_support_100,support,phone_M1,33.0,enhanced,union of active frame supports,100.0,200.0,candidate diagnostics only,12.499999999999956,1,1,ok
3,enhanced_support_100,support,studio_M1,33.0,enhanced,union of active frame supports,100.0,200.0,candidate diagnostics only,22.49433106575971,1,1,ok
3,enhanced_support_100,support,phone_F1,34.0,enhanced,union of active frame supports,100.0,200.0,candidate diagnostics only,2.4999999999999467,1,1,ok
3,enhanced_support_100,support,phone_M1,34.0,enhanced,union of active frame supports,100.0,200.0,candidate diagnostics only,12.499999999999956,1,1,ok
3,enhanced_support_100,support,studio_M1,34.0,enhanced,union of active frame supports,100.0,200.0,candidate diagnostics only,22.49433106575971,1,1,ok
3,enhanced_support_100,support,phone_F1,35.0,enhanced,union of active frame supports,100.0,200.0,candidate diagnostics only,2.4999999999999467,1,1,ok
3,enhanced_support_100,support,phone_M1,35.0,enhanced,union of active frame supports,100.0,200.0,candidate diagnostics only,12.499999999999956,1,1,ok
3,enhanced_support_100,support,studio_M1,35.0,enhanced,union of active frame supports,100.0,200.0,candidate diagnostics only,22.49433106575971,1,1,ok
3,enhanced_support_100,support,phone_F1,36.0,enhanced,union of active frame supports,100.0,200.0,candidate diagnostics only,2.4999999999999467,1,1,ok
3,enhanced_support_100,support,phone_M1,36.0,enhanced,union of active frame supports,100.0,200.0,candidate diagnostics only,12.499999999999956,1,1,ok
3,enhanced_support_100,support,studio_M1,36.0,enhanced,union of active frame supports,100.0,200.0,candidate diagnostics only,22.49433106575971,1,1,ok
3,enhanced_support_100,support,phone_F1,37.0,enhanced,union of active frame supports,100.0,200.0,candidate diagnostics only,2.4999999999999467,1,1,ok
3,enhanced_support_100,support,phone_M1,37.0,enhanced,union of active frame supports,100.0,200.0,candidate diagnostics only,12.499999999999956,1,1,ok
3,enhanced_support_100,support,studio_M1,37.0,enhanced,union of active frame supports,100.0,200.0,candidate diagnostics only,22.49433106575971,1,1,ok
3,enhanced_support_100,support,phone_F1,38.0,enhanced,union of active frame supports,100.0,200.0,candidate diagnostics only,2.4999999999999467,1,1,ok
3,enhanced_support_100,support,phone_M1,38.0,enhanced,union of active frame supports,100.0,200.0,candidate diagnostics only,12.499999999999956,1,1,ok
3,enhanced_support_100,support,studio_M1,38.0,enhanced,union of active frame supports,100.0,200.0,candidate diagnostics only,22.49433106575971,1,1,ok
3,enhanced_support_100,support,phone_F1,39.0,enhanced,union of active frame supports,100.0,200.0,candidate diagnostics only,2.4999999999999467,1,1,ok
3,enhanced_support_100,support,phone_M1,39.0,enhanced,union of active frame supports,100.0,200.0,candidate diagnostics only,12.499999999999956,1,1,ok
3,enhanced_support_100,support,studio_M1,39.0,enhanced,union of active frame supports,100.0,200.0,candidate diagnostics only,22.49433106575971,1,1,ok
3,enhanced_support_100,support,phone_F1,40.0,enhanced,union of active frame supports,100.0,200.0,candidate diagnostics only,2.4999999999999467,1,1,ok
3,enhanced_support_100,support,phone_M1,40.0,enhanced,union of active frame supports,100.0,200.0,candidate diagnostics only,12.499999999999956,1,1,ok
3,enhanced_support_100,support,studio_M1,40.0,enhanced,union of active frame supports,100.0,200.0,candidate diagnostics only,22.49433106575971,1,1,ok
3,enhanced_support_100,support,phone_F1,41.0,enhanced,union of active frame supports,100.0,200.0,candidate diagnostics only,2.4999999999999467,1,1,ok
3,enhanced_support_100,support,phone_M1,41.0,enhanced,union of active frame supports,100.0,200.0,candidate diagnostics only,12.499999999999956,1,1,ok
3,enhanced_support_100,support,studio_M1,41.0,enhanced,union of active frame supports,100.0,200.0,candidate diagnostics only,22.49433106575971,1,1,ok
3,enhanced_support_100,support,phone_F1,42.0,enhanced,union of active frame supports,100.0,200.0,candidate diagnostics only,2.4999999999999467,1,1,ok
3,enhanced_support_100,support,phone_M1,42.0,enhanced,union of active frame supports,100.0,200.0,candidate diagnostics only,12.499999999999956,1,1,ok
3,enhanced_support_100,support,studio_M1,42.0,enhanced,union of active frame supports,100.0,200.0,candidate diagnostics only,22.49433106575971,1,1,ok
3,enhanced_support_100,support,phone_F1,43.0,enhanced,union of active frame supports,100.0,200.0,candidate diagnostics only,2.4999999999999467,1,1,ok
3,enhanced_support_100,support,phone_M1,43.0,enhanced,union of active frame supports,100.0,200.0,candidate diagnostics only,12.499999999999956,1,1,ok
3,enhanced_support_100,support,studio_M1,43.0,enhanced,union of active frame supports,100.0,200.0,candidate diagnostics only,22.49433106575971,1,1,ok
3,enhanced_support_100,support,phone_F1,44.0,enhanced,union of active frame supports,100.0,200.0,candidate diagnostics only,2.4999999999999467,1,1,ok
3,enhanced_support_100,support,phone_M1,44.0,enhanced,union of active frame supports,100.0,200.0,candidate diagnostics only,12.499999999999956,1,1,ok
3,enhanced_support_100,support,studio_M1,44.0,enhanced,union of active frame supports,100.0,200.0,candidate diagnostics only,22.49433106575971,1,1,ok
3,enhanced_support_100,support,phone_F1,45.0,enhanced,union of active frame supports,100.0,200.0,candidate diagnostics only,2.4999999999999467,1,1,ok
3,enhanced_support_100,support,phone_M1,45.0,enhanced,union of active frame supports,100.0,200.0,candidate diagnostics only,12.499999999999956,1,1,ok
3,enhanced_support_100,support,studio_M1,45.0,enhanced,union of active frame supports,100.0,200.0,candidate diagnostics only,22.49433106575971,1,1,ok
3,enhanced_support_100,support,phone_F1,46.0,enhanced,union of active frame supports,100.0,200.0,candidate diagnostics only,2.4999999999999467,1,1,ok
3,enhanced_support_100,support,phone_M1,46.0,enhanced,union of active frame supports,100.0,200.0,candidate diagnostics only,12.499999999999956,1,1,ok
3,enhanced_support_100,support,studio_M1,46.0,enhanced,union of active frame supports,100.0,200.0,candidate diagnostics only,22.49433106575971,1,1,ok
3,enhanced_support_100,support,phone_F1,47.0,enhanced,union of active frame supports,100.0,200.0,candidate diagnostics only,2.4999999999999467,1,1,ok
3,enhanced_support_100,support,phone_M1,47.0,enhanced,union of active frame supports,100.0,200.0,candidate diagnostics only,12.499999999999956,1,1,ok
3,enhanced_support_100,support,studio_M1,47.0,enhanced,union of active frame supports,100.0,200.0,candidate diagnostics only,22.49433106575971,1,1,ok
3,enhanced_support_100,support,phone_F1,48.0,enhanced,union of active frame supports,100.0,200.0,candidate diagnostics only,2.4999999999999467,1,1,ok
3,enhanced_support_100,support,phone_M1,48.0,enhanced,union of active frame supports,100.0,200.0,candidate diagnostics only,12.499999999999956,1,1,ok
3,enhanced_support_100,support,studio_M1,48.0,enhanced,union of active frame supports,100.0,200.0,candidate diagnostics only,22.49433106575971,1,1,ok
3,enhanced_support_100,support,phone_F1,49.0,enhanced,union of active frame supports,100.0,200.0,candidate diagnostics only,2.4999999999999467,1,1,ok
3,enhanced_support_100,support,phone_M1,49.0,enhanced,union of active frame supports,100.0,200.0,candidate diagnostics only,12.499999999999956,1,1,ok
3,enhanced_support_100,support,studio_M1,49.0,enhanced,union of active frame supports,100.0,200.0,candidate diagnostics only,22.49433106575971,1,1,ok
3,enhanced_support_100,support,phone_F1,50.0,enhanced,union of active frame supports,100.0,200.0,candidate diagnostics only,2.4999999999999467,1,1,ok
3,enhanced_support_100,support,phone_M1,50.0,enhanced,union of active frame supports,100.0,200.0,candidate diagnostics only,12.499999999999956,1,1,ok
3,enhanced_support_100,support,studio_M1,50.0,enhanced,union of active frame supports,100.0,200.0,candidate diagnostics only,22.49433106575971,1,1,ok
3,enhanced_cells_100,cells,phone_F1,1.0,enhanced,nearest-frame centered decision cells,100.0,200.0,candidate diagnostics only,10.000000000000064,1,1,ok
3,enhanced_cells_100,cells,phone_M1,1.0,enhanced,nearest-frame centered decision cells,100.0,200.0,candidate diagnostics only,12.500000000000039,1,1,ok
3,enhanced_cells_100,cells,studio_M1,1.0,enhanced,nearest-frame centered decision cells,100.0,200.0,candidate diagnostics only,24.999999999999915,1,1,ok
3,enhanced_cells_100,cells,phone_F1,2.0,enhanced,nearest-frame centered decision cells,100.0,200.0,candidate diagnostics only,10.000000000000064,1,1,ok
3,enhanced_cells_100,cells,phone_M1,2.0,enhanced,nearest-frame centered decision cells,100.0,200.0,candidate diagnostics only,12.500000000000039,1,1,ok
3,enhanced_cells_100,cells,studio_M1,2.0,enhanced,nearest-frame centered decision cells,100.0,200.0,candidate diagnostics only,24.999999999999915,1,1,ok
3,enhanced_cells_100,cells,phone_F1,3.0,enhanced,nearest-frame centered decision cells,100.0,200.0,candidate diagnostics only,10.000000000000064,1,1,ok
3,enhanced_cells_100,cells,phone_M1,3.0,enhanced,nearest-frame centered decision cells,100.0,200.0,candidate diagnostics only,12.500000000000039,1,1,ok
3,enhanced_cells_100,cells,studio_M1,3.0,enhanced,nearest-frame centered decision cells,100.0,200.0,candidate diagnostics only,24.999999999999915,1,1,ok
3,enhanced_cells_100,cells,phone_F1,4.0,enhanced,nearest-frame centered decision cells,100.0,200.0,candidate diagnostics only,10.000000000000064,1,1,ok
3,enhanced_cells_100,cells,phone_M1,4.0,enhanced,nearest-frame centered decision cells,100.0,200.0,candidate diagnostics only,12.500000000000039,1,1,ok
3,enhanced_cells_100,cells,studio_M1,4.0,enhanced,nearest-frame centered decision cells,100.0,200.0,candidate diagnostics only,24.999999999999915,1,1,ok
3,enhanced_cells_100,cells,phone_F1,5.0,enhanced,nearest-frame centered decision cells,100.0,200.0,candidate diagnostics only,10.000000000000064,1,1,ok
3,enhanced_cells_100,cells,phone_M1,5.0,enhanced,nearest-frame centered decision cells,100.0,200.0,candidate diagnostics only,12.500000000000039,1,1,ok
3,enhanced_cells_100,cells,studio_M1,5.0,enhanced,nearest-frame centered decision cells,100.0,200.0,candidate diagnostics only,24.999999999999915,1,1,ok
3,enhanced_cells_100,cells,phone_F1,6.0,enhanced,nearest-frame centered decision cells,100.0,200.0,candidate diagnostics only,10.000000000000064,1,1,ok
3,enhanced_cells_100,cells,phone_M1,6.0,enhanced,nearest-frame centered decision cells,100.0,200.0,candidate diagnostics only,12.500000000000039,1,1,ok
3,enhanced_cells_100,cells,studio_M1,6.0,enhanced,nearest-frame centered decision cells,100.0,200.0,candidate diagnostics only,24.999999999999915,1,1,ok
3,enhanced_cells_100,cells,phone_F1,7.0,enhanced,nearest-frame centered decision cells,100.0,200.0,candidate diagnostics only,10.000000000000064,1,1,ok
3,enhanced_cells_100,cells,phone_M1,7.0,enhanced,nearest-frame centered decision cells,100.0,200.0,candidate diagnostics only,12.500000000000039,1,1,ok
3,enhanced_cells_100,cells,studio_M1,7.0,enhanced,nearest-frame centered decision cells,100.0,200.0,candidate diagnostics only,24.999999999999915,1,1,ok
3,enhanced_cells_100,cells,phone_F1,8.0,enhanced,nearest-frame centered decision cells,100.0,200.0,candidate diagnostics only,10.000000000000064,1,1,ok
3,enhanced_cells_100,cells,phone_M1,8.0,enhanced,nearest-frame centered decision cells,100.0,200.0,candidate diagnostics only,12.500000000000039,1,1,ok
3,enhanced_cells_100,cells,studio_M1,8.0,enhanced,nearest-frame centered decision cells,100.0,200.0,candidate diagnostics only,24.999999999999915,1,1,ok
3,enhanced_cells_100,cells,phone_F1,9.0,enhanced,nearest-frame centered decision cells,100.0,200.0,candidate diagnostics only,10.000000000000064,1,1,ok
3,enhanced_cells_100,cells,phone_M1,9.0,enhanced,nearest-frame centered decision cells,100.0,200.0,candidate diagnostics only,12.500000000000039,1,1,ok
3,enhanced_cells_100,cells,studio_M1,9.0,enhanced,nearest-frame centered decision cells,100.0,200.0,candidate diagnostics only,24.999999999999915,1,1,ok
3,enhanced_cells_100,cells,phone_F1,10.0,enhanced,nearest-frame centered decision cells,100.0,200.0,candidate diagnostics only,10.000000000000064,1,1,ok
3,enhanced_cells_100,cells,phone_M1,10.0,enhanced,nearest-frame centered decision cells,100.0,200.0,candidate diagnostics only,12.500000000000039,1,1,ok
3,enhanced_cells_100,cells,studio_M1,10.0,enhanced,nearest-frame centered decision cells,100.0,200.0,candidate diagnostics only,24.999999999999915,1,1,ok
3,enhanced_cells_100,cells,phone_F1,11.0,enhanced,nearest-frame centered decision cells,100.0,200.0,candidate diagnostics only,10.000000000000064,1,1,ok
3,enhanced_cells_100,cells,phone_M1,11.0,enhanced,nearest-frame centered decision cells,100.0,200.0,candidate diagnostics only,12.500000000000039,1,1,ok
3,enhanced_cells_100,cells,studio_M1,11.0,enhanced,nearest-frame centered decision cells,100.0,200.0,candidate diagnostics only,24.999999999999915,1,1,ok
3,enhanced_cells_100,cells,phone_F1,12.0,enhanced,nearest-frame centered decision cells,100.0,200.0,candidate diagnostics only,10.000000000000064,1,1,ok
3,enhanced_cells_100,cells,phone_M1,12.0,enhanced,nearest-frame centered decision cells,100.0,200.0,candidate diagnostics only,12.500000000000039,1,1,ok
3,enhanced_cells_100,cells,studio_M1,12.0,enhanced,nearest-frame centered decision cells,100.0,200.0,candidate diagnostics only,24.999999999999915,1,1,ok
3,enhanced_cells_100,cells,phone_F1,13.0,enhanced,nearest-frame centered decision cells,100.0,200.0,candidate diagnostics only,10.000000000000064,1,1,ok
3,enhanced_cells_100,cells,phone_M1,13.0,enhanced,nearest-frame centered decision cells,100.0,200.0,candidate diagnostics only,12.500000000000039,1,1,ok
3,enhanced_cells_100,cells,studio_M1,13.0,enhanced,nearest-frame centered decision cells,100.0,200.0,candidate diagnostics only,24.999999999999915,1,1,ok
3,enhanced_cells_100,cells,phone_F1,14.0,enhanced,nearest-frame centered decision cells,100.0,200.0,candidate diagnostics only,10.000000000000064,1,1,ok
3,enhanced_cells_100,cells,phone_M1,14.0,enhanced,nearest-frame centered decision cells,100.0,200.0,candidate diagnostics only,12.500000000000039,1,1,ok
3,enhanced_cells_100,cells,studio_M1,14.0,enhanced,nearest-frame centered decision cells,100.0,200.0,candidate diagnostics only,24.999999999999915,1,1,ok
3,enhanced_cells_100,cells,phone_F1,15.0,enhanced,nearest-frame centered decision cells,100.0,200.0,candidate diagnostics only,10.000000000000064,1,1,ok
3,enhanced_cells_100,cells,phone_M1,15.0,enhanced,nearest-frame centered decision cells,100.0,200.0,candidate diagnostics only,12.500000000000039,1,1,ok
3,enhanced_cells_100,cells,studio_M1,15.0,enhanced,nearest-frame centered decision cells,100.0,200.0,candidate diagnostics only,24.999999999999915,1,1,ok
3,enhanced_cells_100,cells,phone_F1,16.0,enhanced,nearest-frame centered decision cells,100.0,200.0,candidate diagnostics only,10.000000000000064,1,1,ok
3,enhanced_cells_100,cells,phone_M1,16.0,enhanced,nearest-frame centered decision cells,100.0,200.0,candidate diagnostics only,12.500000000000039,1,1,ok
3,enhanced_cells_100,cells,studio_M1,16.0,enhanced,nearest-frame centered decision cells,100.0,200.0,candidate diagnostics only,24.999999999999915,1,1,ok
3,enhanced_cells_100,cells,phone_F1,17.0,enhanced,nearest-frame centered decision cells,100.0,200.0,candidate diagnostics only,10.000000000000064,1,1,ok
3,enhanced_cells_100,cells,phone_M1,17.0,enhanced,nearest-frame centered decision cells,100.0,200.0,candidate diagnostics only,12.500000000000039,1,1,ok
3,enhanced_cells_100,cells,studio_M1,17.0,enhanced,nearest-frame centered decision cells,100.0,200.0,candidate diagnostics only,24.999999999999915,1,1,ok
3,enhanced_cells_100,cells,phone_F1,18.0,enhanced,nearest-frame centered decision cells,100.0,200.0,candidate diagnostics only,10.000000000000064,1,1,ok
3,enhanced_cells_100,cells,phone_M1,18.0,enhanced,nearest-frame centered decision cells,100.0,200.0,candidate diagnostics only,12.500000000000039,1,1,ok
3,enhanced_cells_100,cells,studio_M1,18.0,enhanced,nearest-frame centered decision cells,100.0,200.0,candidate diagnostics only,24.999999999999915,1,1,ok
3,enhanced_cells_100,cells,phone_F1,19.0,enhanced,nearest-frame centered decision cells,100.0,200.0,candidate diagnostics only,10.000000000000064,1,1,ok
3,enhanced_cells_100,cells,phone_M1,19.0,enhanced,nearest-frame centered decision cells,100.0,200.0,candidate diagnostics only,12.500000000000039,1,1,ok
3,enhanced_cells_100,cells,studio_M1,19.0,enhanced,nearest-frame centered decision cells,100.0,200.0,candidate diagnostics only,24.999999999999915,1,1,ok
3,enhanced_cells_100,cells,phone_F1,20.0,enhanced,nearest-frame centered decision cells,100.0,200.0,candidate diagnostics only,10.000000000000064,1,1,ok
3,enhanced_cells_100,cells,phone_M1,20.0,enhanced,nearest-frame centered decision cells,100.0,200.0,candidate diagnostics only,12.500000000000039,1,1,ok
3,enhanced_cells_100,cells,studio_M1,20.0,enhanced,nearest-frame centered decision cells,100.0,200.0,candidate diagnostics only,24.999999999999915,1,1,ok
3,enhanced_cells_100,cells,phone_F1,21.0,enhanced,nearest-frame centered decision cells,100.0,200.0,candidate diagnostics only,10.000000000000064,1,1,ok
3,enhanced_cells_100,cells,phone_M1,21.0,enhanced,nearest-frame centered decision cells,100.0,200.0,candidate diagnostics only,12.500000000000039,1,1,ok
3,enhanced_cells_100,cells,studio_M1,21.0,enhanced,nearest-frame centered decision cells,100.0,200.0,candidate diagnostics only,24.999999999999915,1,1,ok
3,enhanced_cells_100,cells,phone_F1,22.0,enhanced,nearest-frame centered decision cells,100.0,200.0,candidate diagnostics only,10.000000000000064,1,1,ok
3,enhanced_cells_100,cells,phone_M1,22.0,enhanced,nearest-frame centered decision cells,100.0,200.0,candidate diagnostics only,12.500000000000039,1,1,ok
3,enhanced_cells_100,cells,studio_M1,22.0,enhanced,nearest-frame centered decision cells,100.0,200.0,candidate diagnostics only,24.999999999999915,1,1,ok
3,enhanced_cells_100,cells,phone_F1,23.0,enhanced,nearest-frame centered decision cells,100.0,200.0,candidate diagnostics only,10.000000000000064,1,1,ok
3,enhanced_cells_100,cells,phone_M1,23.0,enhanced,nearest-frame centered decision cells,100.0,200.0,candidate diagnostics only,12.500000000000039,1,1,ok
3,enhanced_cells_100,cells,studio_M1,23.0,enhanced,nearest-frame centered decision cells,100.0,200.0,candidate diagnostics only,24.999999999999915,1,1,ok
3,enhanced_cells_100,cells,phone_F1,24.0,enhanced,nearest-frame centered decision cells,100.0,200.0,candidate diagnostics only,10.000000000000064,1,1,ok
3,enhanced_cells_100,cells,phone_M1,24.0,enhanced,nearest-frame centered decision cells,100.0,200.0,candidate diagnostics only,12.500000000000039,1,1,ok
3,enhanced_cells_100,cells,studio_M1,24.0,enhanced,nearest-frame centered decision cells,100.0,200.0,candidate diagnostics only,24.999999999999915,1,1,ok
3,enhanced_cells_100,cells,phone_F1,25.0,enhanced,nearest-frame centered decision cells,100.0,200.0,candidate diagnostics only,10.000000000000064,1,1,ok
3,enhanced_cells_100,cells,phone_M1,25.0,enhanced,nearest-frame centered decision cells,100.0,200.0,candidate diagnostics only,12.500000000000039,1,1,ok
3,enhanced_cells_100,cells,studio_M1,25.0,enhanced,nearest-frame centered decision cells,100.0,200.0,candidate diagnostics only,24.999999999999915,1,1,ok
3,enhanced_cells_100,cells,phone_F1,26.0,enhanced,nearest-frame centered decision cells,100.0,200.0,candidate diagnostics only,10.000000000000064,1,1,ok
3,enhanced_cells_100,cells,phone_M1,26.0,enhanced,nearest-frame centered decision cells,100.0,200.0,candidate diagnostics only,12.500000000000039,1,1,ok
3,enhanced_cells_100,cells,studio_M1,26.0,enhanced,nearest-frame centered decision cells,100.0,200.0,candidate diagnostics only,24.999999999999915,1,1,ok
3,enhanced_cells_100,cells,phone_F1,27.0,enhanced,nearest-frame centered decision cells,100.0,200.0,candidate diagnostics only,10.000000000000064,1,1,ok
3,enhanced_cells_100,cells,phone_M1,27.0,enhanced,nearest-frame centered decision cells,100.0,200.0,candidate diagnostics only,12.500000000000039,1,1,ok
3,enhanced_cells_100,cells,studio_M1,27.0,enhanced,nearest-frame centered decision cells,100.0,200.0,candidate diagnostics only,24.999999999999915,1,1,ok
3,enhanced_cells_100,cells,phone_F1,28.0,enhanced,nearest-frame centered decision cells,100.0,200.0,candidate diagnostics only,10.000000000000064,1,1,ok
3,enhanced_cells_100,cells,phone_M1,28.0,enhanced,nearest-frame centered decision cells,100.0,200.0,candidate diagnostics only,12.500000000000039,1,1,ok
3,enhanced_cells_100,cells,studio_M1,28.0,enhanced,nearest-frame centered decision cells,100.0,200.0,candidate diagnostics only,24.999999999999915,1,1,ok
3,enhanced_cells_100,cells,phone_F1,29.0,enhanced,nearest-frame centered decision cells,100.0,200.0,candidate diagnostics only,10.000000000000064,1,1,ok
3,enhanced_cells_100,cells,phone_M1,29.0,enhanced,nearest-frame centered decision cells,100.0,200.0,candidate diagnostics only,12.500000000000039,1,1,ok
3,enhanced_cells_100,cells,studio_M1,29.0,enhanced,nearest-frame centered decision cells,100.0,200.0,candidate diagnostics only,24.999999999999915,1,1,ok
3,enhanced_cells_100,cells,phone_F1,30.0,enhanced,nearest-frame centered decision cells,100.0,200.0,candidate diagnostics only,10.000000000000064,1,1,ok
3,enhanced_cells_100,cells,phone_M1,30.0,enhanced,nearest-frame centered decision cells,100.0,200.0,candidate diagnostics only,12.500000000000039,1,1,ok
3,enhanced_cells_100,cells,studio_M1,30.0,enhanced,nearest-frame centered decision cells,100.0,200.0,candidate diagnostics only,24.999999999999915,1,1,ok
3,enhanced_cells_100,cells,phone_F1,31.0,enhanced,nearest-frame centered decision cells,100.0,200.0,candidate diagnostics only,10.000000000000064,1,1,ok
3,enhanced_cells_100,cells,phone_M1,31.0,enhanced,nearest-frame centered decision cells,100.0,200.0,candidate diagnostics only,12.500000000000039,1,1,ok
3,enhanced_cells_100,cells,studio_M1,31.0,enhanced,nearest-frame centered decision cells,100.0,200.0,candidate diagnostics only,24.999999999999915,1,1,ok
3,enhanced_cells_100,cells,phone_F1,32.0,enhanced,nearest-frame centered decision cells,100.0,200.0,candidate diagnostics only,10.000000000000064,1,1,ok
3,enhanced_cells_100,cells,phone_M1,32.0,enhanced,nearest-frame centered decision cells,100.0,200.0,candidate diagnostics only,12.500000000000039,1,1,ok
3,enhanced_cells_100,cells,studio_M1,32.0,enhanced,nearest-frame centered decision cells,100.0,200.0,candidate diagnostics only,24.999999999999915,1,1,ok
3,enhanced_cells_100,cells,phone_F1,33.0,enhanced,nearest-frame centered decision cells,100.0,200.0,candidate diagnostics only,10.000000000000064,1,1,ok
3,enhanced_cells_100,cells,phone_M1,33.0,enhanced,nearest-frame centered decision cells,100.0,200.0,candidate diagnostics only,12.500000000000039,1,1,ok
3,enhanced_cells_100,cells,studio_M1,33.0,enhanced,nearest-frame centered decision cells,100.0,200.0,candidate diagnostics only,24.999999999999915,1,1,ok
3,enhanced_cells_100,cells,phone_F1,34.0,enhanced,nearest-frame centered decision cells,100.0,200.0,candidate diagnostics only,10.000000000000064,1,1,ok
3,enhanced_cells_100,cells,phone_M1,34.0,enhanced,nearest-frame centered decision cells,100.0,200.0,candidate diagnostics only,12.500000000000039,1,1,ok
3,enhanced_cells_100,cells,studio_M1,34.0,enhanced,nearest-frame centered decision cells,100.0,200.0,candidate diagnostics only,24.999999999999915,1,1,ok
3,enhanced_cells_100,cells,phone_F1,35.0,enhanced,nearest-frame centered decision cells,100.0,200.0,candidate diagnostics only,10.000000000000064,1,1,ok
3,enhanced_cells_100,cells,phone_M1,35.0,enhanced,nearest-frame centered decision cells,100.0,200.0,candidate diagnostics only,12.500000000000039,1,1,ok
3,enhanced_cells_100,cells,studio_M1,35.0,enhanced,nearest-frame centered decision cells,100.0,200.0,candidate diagnostics only,24.999999999999915,1,1,ok
3,enhanced_cells_100,cells,phone_F1,36.0,enhanced,nearest-frame centered decision cells,100.0,200.0,candidate diagnostics only,10.000000000000064,1,1,ok
3,enhanced_cells_100,cells,phone_M1,36.0,enhanced,nearest-frame centered decision cells,100.0,200.0,candidate diagnostics only,12.500000000000039,1,1,ok
3,enhanced_cells_100,cells,studio_M1,36.0,enhanced,nearest-frame centered decision cells,100.0,200.0,candidate diagnostics only,24.999999999999915,1,1,ok
3,enhanced_cells_100,cells,phone_F1,37.0,enhanced,nearest-frame centered decision cells,100.0,200.0,candidate diagnostics only,10.000000000000064,1,1,ok
3,enhanced_cells_100,cells,phone_M1,37.0,enhanced,nearest-frame centered decision cells,100.0,200.0,candidate diagnostics only,12.500000000000039,1,1,ok
3,enhanced_cells_100,cells,studio_M1,37.0,enhanced,nearest-frame centered decision cells,100.0,200.0,candidate diagnostics only,24.999999999999915,1,1,ok
3,enhanced_cells_100,cells,phone_F1,38.0,enhanced,nearest-frame centered decision cells,100.0,200.0,candidate diagnostics only,10.000000000000064,1,1,ok
3,enhanced_cells_100,cells,phone_M1,38.0,enhanced,nearest-frame centered decision cells,100.0,200.0,candidate diagnostics only,12.500000000000039,1,1,ok
3,enhanced_cells_100,cells,studio_M1,38.0,enhanced,nearest-frame centered decision cells,100.0,200.0,candidate diagnostics only,24.999999999999915,1,1,ok
3,enhanced_cells_100,cells,phone_F1,39.0,enhanced,nearest-frame centered decision cells,100.0,200.0,candidate diagnostics only,10.000000000000064,1,1,ok
3,enhanced_cells_100,cells,phone_M1,39.0,enhanced,nearest-frame centered decision cells,100.0,200.0,candidate diagnostics only,12.500000000000039,1,1,ok
3,enhanced_cells_100,cells,studio_M1,39.0,enhanced,nearest-frame centered decision cells,100.0,200.0,candidate diagnostics only,24.999999999999915,1,1,ok
3,enhanced_cells_100,cells,phone_F1,40.0,enhanced,nearest-frame centered decision cells,100.0,200.0,candidate diagnostics only,10.000000000000064,1,1,ok
3,enhanced_cells_100,cells,phone_M1,40.0,enhanced,nearest-frame centered decision cells,100.0,200.0,candidate diagnostics only,12.500000000000039,1,1,ok
3,enhanced_cells_100,cells,studio_M1,40.0,enhanced,nearest-frame centered decision cells,100.0,200.0,candidate diagnostics only,24.999999999999915,1,1,ok
3,enhanced_cells_100,cells,phone_F1,41.0,enhanced,nearest-frame centered decision cells,100.0,200.0,candidate diagnostics only,10.000000000000064,1,1,ok
3,enhanced_cells_100,cells,phone_M1,41.0,enhanced,nearest-frame centered decision cells,100.0,200.0,candidate diagnostics only,12.500000000000039,1,1,ok
3,enhanced_cells_100,cells,studio_M1,41.0,enhanced,nearest-frame centered decision cells,100.0,200.0,candidate diagnostics only,24.999999999999915,1,1,ok
3,enhanced_cells_100,cells,phone_F1,42.0,enhanced,nearest-frame centered decision cells,100.0,200.0,candidate diagnostics only,10.000000000000064,1,1,ok
3,enhanced_cells_100,cells,phone_M1,42.0,enhanced,nearest-frame centered decision cells,100.0,200.0,candidate diagnostics only,12.500000000000039,1,1,ok
3,enhanced_cells_100,cells,studio_M1,42.0,enhanced,nearest-frame centered decision cells,100.0,200.0,candidate diagnostics only,24.999999999999915,1,1,ok
3,enhanced_cells_100,cells,phone_F1,43.0,enhanced,nearest-frame centered decision cells,100.0,200.0,candidate diagnostics only,10.000000000000064,1,1,ok
3,enhanced_cells_100,cells,phone_M1,43.0,enhanced,nearest-frame centered decision cells,100.0,200.0,candidate diagnostics only,12.500000000000039,1,1,ok
3,enhanced_cells_100,cells,studio_M1,43.0,enhanced,nearest-frame centered decision cells,100.0,200.0,candidate diagnostics only,24.999999999999915,1,1,ok
3,enhanced_cells_100,cells,phone_F1,44.0,enhanced,nearest-frame centered decision cells,100.0,200.0,candidate diagnostics only,10.000000000000064,1,1,ok
3,enhanced_cells_100,cells,phone_M1,44.0,enhanced,nearest-frame centered decision cells,100.0,200.0,candidate diagnostics only,12.500000000000039,1,1,ok
3,enhanced_cells_100,cells,studio_M1,44.0,enhanced,nearest-frame centered decision cells,100.0,200.0,candidate diagnostics only,24.999999999999915,1,1,ok
3,enhanced_cells_100,cells,phone_F1,45.0,enhanced,nearest-frame centered decision cells,100.0,200.0,candidate diagnostics only,10.000000000000064,1,1,ok
3,enhanced_cells_100,cells,phone_M1,45.0,enhanced,nearest-frame centered decision cells,100.0,200.0,candidate diagnostics only,12.500000000000039,1,1,ok
3,enhanced_cells_100,cells,studio_M1,45.0,enhanced,nearest-frame centered decision cells,100.0,200.0,candidate diagnostics only,24.999999999999915,1,1,ok
3,enhanced_cells_100,cells,phone_F1,46.0,enhanced,nearest-frame centered decision cells,100.0,200.0,candidate diagnostics only,10.000000000000064,1,1,ok
3,enhanced_cells_100,cells,phone_M1,46.0,enhanced,nearest-frame centered decision cells,100.0,200.0,candidate diagnostics only,12.500000000000039,1,1,ok
3,enhanced_cells_100,cells,studio_M1,46.0,enhanced,nearest-frame centered decision cells,100.0,200.0,candidate diagnostics only,24.999999999999915,1,1,ok
3,enhanced_cells_100,cells,phone_F1,47.0,enhanced,nearest-frame centered decision cells,100.0,200.0,candidate diagnostics only,10.000000000000064,1,1,ok
3,enhanced_cells_100,cells,phone_M1,47.0,enhanced,nearest-frame centered decision cells,100.0,200.0,candidate diagnostics only,12.500000000000039,1,1,ok
3,enhanced_cells_100,cells,studio_M1,47.0,enhanced,nearest-frame centered decision cells,100.0,200.0,candidate diagnostics only,24.999999999999915,1,1,ok
3,enhanced_cells_100,cells,phone_F1,48.0,enhanced,nearest-frame centered decision cells,100.0,200.0,candidate diagnostics only,10.000000000000064,1,1,ok
3,enhanced_cells_100,cells,phone_M1,48.0,enhanced,nearest-frame centered decision cells,100.0,200.0,candidate diagnostics only,12.500000000000039,1,1,ok
3,enhanced_cells_100,cells,studio_M1,48.0,enhanced,nearest-frame centered decision cells,100.0,200.0,candidate diagnostics only,24.999999999999915,1,1,ok
3,enhanced_cells_100,cells,phone_F1,49.0,enhanced,nearest-frame centered decision cells,100.0,200.0,candidate diagnostics only,10.000000000000064,1,1,ok
3,enhanced_cells_100,cells,phone_M1,49.0,enhanced,nearest-frame centered decision cells,100.0,200.0,candidate diagnostics only,12.500000000000039,1,1,ok
3,enhanced_cells_100,cells,studio_M1,49.0,enhanced,nearest-frame centered decision cells,100.0,200.0,candidate diagnostics only,24.999999999999915,1,1,ok
3,enhanced_cells_100,cells,phone_F1,50.0,enhanced,nearest-frame centered decision cells,100.0,200.0,candidate diagnostics only,10.000000000000064,1,1,ok
3,enhanced_cells_100,cells,phone_M1,50.0,enhanced,nearest-frame centered decision cells,100.0,200.0,candidate diagnostics only,12.500000000000039,1,1,ok
3,enhanced_cells_100,cells,studio_M1,50.0,enhanced,nearest-frame centered decision cells,100.0,200.0,candidate diagnostics only,24.999999999999915,1,1,ok
3,enhanced_support_0,support,phone_F1,1.0,enhanced,union of active frame supports,0.0,200.0,candidate diagnostics only,2.4999999999999467,1,1,ok
3,enhanced_support_0,support,phone_M1,1.0,enhanced,union of active frame supports,0.0,200.0,candidate diagnostics only,12.499999999999956,1,1,ok
3,enhanced_support_0,support,studio_M1,1.0,enhanced,union of active frame supports,0.0,200.0,candidate diagnostics only,22.49433106575971,1,1,ok
3,enhanced_support_0,support,phone_F1,2.0,enhanced,union of active frame supports,0.0,200.0,candidate diagnostics only,2.4999999999999467,1,1,ok
3,enhanced_support_0,support,phone_M1,2.0,enhanced,union of active frame supports,0.0,200.0,candidate diagnostics only,12.499999999999956,1,1,ok
3,enhanced_support_0,support,studio_M1,2.0,enhanced,union of active frame supports,0.0,200.0,candidate diagnostics only,22.49433106575971,1,1,ok
3,enhanced_support_0,support,phone_F1,3.0,enhanced,union of active frame supports,0.0,200.0,candidate diagnostics only,2.4999999999999467,1,1,ok
3,enhanced_support_0,support,phone_M1,3.0,enhanced,union of active frame supports,0.0,200.0,candidate diagnostics only,12.499999999999956,1,1,ok
3,enhanced_support_0,support,studio_M1,3.0,enhanced,union of active frame supports,0.0,200.0,candidate diagnostics only,22.49433106575971,1,1,ok
3,enhanced_support_0,support,phone_F1,4.0,enhanced,union of active frame supports,0.0,200.0,candidate diagnostics only,2.4999999999999467,1,1,ok
3,enhanced_support_0,support,phone_M1,4.0,enhanced,union of active frame supports,0.0,200.0,candidate diagnostics only,12.499999999999956,1,1,ok
3,enhanced_support_0,support,studio_M1,4.0,enhanced,union of active frame supports,0.0,200.0,candidate diagnostics only,22.49433106575971,1,1,ok
3,enhanced_support_0,support,phone_F1,5.0,enhanced,union of active frame supports,0.0,200.0,candidate diagnostics only,2.4999999999999467,1,1,ok
3,enhanced_support_0,support,phone_M1,5.0,enhanced,union of active frame supports,0.0,200.0,candidate diagnostics only,12.499999999999956,1,1,ok
3,enhanced_support_0,support,studio_M1,5.0,enhanced,union of active frame supports,0.0,200.0,candidate diagnostics only,22.49433106575971,1,1,ok
3,enhanced_support_0,support,phone_F1,6.0,enhanced,union of active frame supports,0.0,200.0,candidate diagnostics only,2.4999999999999467,1,1,ok
3,enhanced_support_0,support,phone_M1,6.0,enhanced,union of active frame supports,0.0,200.0,candidate diagnostics only,12.499999999999956,1,1,ok
3,enhanced_support_0,support,studio_M1,6.0,enhanced,union of active frame supports,0.0,200.0,candidate diagnostics only,22.49433106575971,1,1,ok
3,enhanced_support_0,support,phone_F1,7.0,enhanced,union of active frame supports,0.0,200.0,candidate diagnostics only,2.4999999999999467,1,1,ok
3,enhanced_support_0,support,phone_M1,7.0,enhanced,union of active frame supports,0.0,200.0,candidate diagnostics only,12.499999999999956,1,1,ok
3,enhanced_support_0,support,studio_M1,7.0,enhanced,union of active frame supports,0.0,200.0,candidate diagnostics only,22.49433106575971,1,1,ok
3,enhanced_support_0,support,phone_F1,8.0,enhanced,union of active frame supports,0.0,200.0,candidate diagnostics only,2.4999999999999467,1,1,ok
3,enhanced_support_0,support,phone_M1,8.0,enhanced,union of active frame supports,0.0,200.0,candidate diagnostics only,12.499999999999956,1,1,ok
3,enhanced_support_0,support,studio_M1,8.0,enhanced,union of active frame supports,0.0,200.0,candidate diagnostics only,22.49433106575971,1,1,ok
3,enhanced_support_0,support,phone_F1,9.0,enhanced,union of active frame supports,0.0,200.0,candidate diagnostics only,2.4999999999999467,1,1,ok
3,enhanced_support_0,support,phone_M1,9.0,enhanced,union of active frame supports,0.0,200.0,candidate diagnostics only,12.499999999999956,1,1,ok
3,enhanced_support_0,support,studio_M1,9.0,enhanced,union of active frame supports,0.0,200.0,candidate diagnostics only,22.49433106575971,1,1,ok
3,enhanced_support_0,support,phone_F1,10.0,enhanced,union of active frame supports,0.0,200.0,candidate diagnostics only,2.4999999999999467,1,1,ok
3,enhanced_support_0,support,phone_M1,10.0,enhanced,union of active frame supports,0.0,200.0,candidate diagnostics only,12.499999999999956,1,1,ok
3,enhanced_support_0,support,studio_M1,10.0,enhanced,union of active frame supports,0.0,200.0,candidate diagnostics only,22.49433106575971,1,1,ok
3,enhanced_support_0,support,phone_F1,11.0,enhanced,union of active frame supports,0.0,200.0,candidate diagnostics only,2.4999999999999467,1,1,ok
3,enhanced_support_0,support,phone_M1,11.0,enhanced,union of active frame supports,0.0,200.0,candidate diagnostics only,12.499999999999956,1,1,ok
3,enhanced_support_0,support,studio_M1,11.0,enhanced,union of active frame supports,0.0,200.0,candidate diagnostics only,22.49433106575971,1,1,ok
3,enhanced_support_0,support,phone_F1,12.0,enhanced,union of active frame supports,0.0,200.0,candidate diagnostics only,2.4999999999999467,1,1,ok
3,enhanced_support_0,support,phone_M1,12.0,enhanced,union of active frame supports,0.0,200.0,candidate diagnostics only,12.499999999999956,1,1,ok
3,enhanced_support_0,support,studio_M1,12.0,enhanced,union of active frame supports,0.0,200.0,candidate diagnostics only,22.49433106575971,1,1,ok
3,enhanced_support_0,support,phone_F1,13.0,enhanced,union of active frame supports,0.0,200.0,candidate diagnostics only,2.4999999999999467,1,1,ok
3,enhanced_support_0,support,phone_M1,13.0,enhanced,union of active frame supports,0.0,200.0,candidate diagnostics only,12.499999999999956,1,1,ok
3,enhanced_support_0,support,studio_M1,13.0,enhanced,union of active frame supports,0.0,200.0,candidate diagnostics only,22.49433106575971,1,1,ok
3,enhanced_support_0,support,phone_F1,14.0,enhanced,union of active frame supports,0.0,200.0,candidate diagnostics only,2.4999999999999467,1,1,ok
3,enhanced_support_0,support,phone_M1,14.0,enhanced,union of active frame supports,0.0,200.0,candidate diagnostics only,12.499999999999956,1,1,ok
3,enhanced_support_0,support,studio_M1,14.0,enhanced,union of active frame supports,0.0,200.0,candidate diagnostics only,22.49433106575971,1,1,ok
3,enhanced_support_0,support,phone_F1,15.0,enhanced,union of active frame supports,0.0,200.0,candidate diagnostics only,2.4999999999999467,1,1,ok
3,enhanced_support_0,support,phone_M1,15.0,enhanced,union of active frame supports,0.0,200.0,candidate diagnostics only,12.499999999999956,1,1,ok
3,enhanced_support_0,support,studio_M1,15.0,enhanced,union of active frame supports,0.0,200.0,candidate diagnostics only,22.49433106575971,1,1,ok
3,enhanced_support_0,support,phone_F1,16.0,enhanced,union of active frame supports,0.0,200.0,candidate diagnostics only,2.4999999999999467,1,1,ok
3,enhanced_support_0,support,phone_M1,16.0,enhanced,union of active frame supports,0.0,200.0,candidate diagnostics only,12.499999999999956,1,1,ok
3,enhanced_support_0,support,studio_M1,16.0,enhanced,union of active frame supports,0.0,200.0,candidate diagnostics only,22.49433106575971,1,1,ok
3,enhanced_support_0,support,phone_F1,17.0,enhanced,union of active frame supports,0.0,200.0,candidate diagnostics only,2.4999999999999467,1,1,ok
3,enhanced_support_0,support,phone_M1,17.0,enhanced,union of active frame supports,0.0,200.0,candidate diagnostics only,12.499999999999956,1,1,ok
3,enhanced_support_0,support,studio_M1,17.0,enhanced,union of active frame supports,0.0,200.0,candidate diagnostics only,22.49433106575971,1,1,ok
3,enhanced_support_0,support,phone_F1,18.0,enhanced,union of active frame supports,0.0,200.0,candidate diagnostics only,2.4999999999999467,1,1,ok
3,enhanced_support_0,support,phone_M1,18.0,enhanced,union of active frame supports,0.0,200.0,candidate diagnostics only,12.499999999999956,1,1,ok
3,enhanced_support_0,support,studio_M1,18.0,enhanced,union of active frame supports,0.0,200.0,candidate diagnostics only,22.49433106575971,1,1,ok
3,enhanced_support_0,support,phone_F1,19.0,enhanced,union of active frame supports,0.0,200.0,candidate diagnostics only,2.4999999999999467,1,1,ok
3,enhanced_support_0,support,phone_M1,19.0,enhanced,union of active frame supports,0.0,200.0,candidate diagnostics only,12.499999999999956,1,1,ok
3,enhanced_support_0,support,studio_M1,19.0,enhanced,union of active frame supports,0.0,200.0,candidate diagnostics only,22.49433106575971,1,1,ok
3,enhanced_support_0,support,phone_F1,20.0,enhanced,union of active frame supports,0.0,200.0,candidate diagnostics only,2.4999999999999467,1,1,ok
3,enhanced_support_0,support,phone_M1,20.0,enhanced,union of active frame supports,0.0,200.0,candidate diagnostics only,12.499999999999956,1,1,ok
3,enhanced_support_0,support,studio_M1,20.0,enhanced,union of active frame supports,0.0,200.0,candidate diagnostics only,22.49433106575971,1,1,ok
3,enhanced_support_0,support,phone_F1,21.0,enhanced,union of active frame supports,0.0,200.0,candidate diagnostics only,2.4999999999999467,1,1,ok
3,enhanced_support_0,support,phone_M1,21.0,enhanced,union of active frame supports,0.0,200.0,candidate diagnostics only,12.499999999999956,1,1,ok
3,enhanced_support_0,support,studio_M1,21.0,enhanced,union of active frame supports,0.0,200.0,candidate diagnostics only,22.49433106575971,1,1,ok
3,enhanced_support_0,support,phone_F1,22.0,enhanced,union of active frame supports,0.0,200.0,candidate diagnostics only,2.4999999999999467,1,1,ok
3,enhanced_support_0,support,phone_M1,22.0,enhanced,union of active frame supports,0.0,200.0,candidate diagnostics only,12.499999999999956,1,1,ok
3,enhanced_support_0,support,studio_M1,22.0,enhanced,union of active frame supports,0.0,200.0,candidate diagnostics only,22.49433106575971,1,1,ok
3,enhanced_support_0,support,phone_F1,23.0,enhanced,union of active frame supports,0.0,200.0,candidate diagnostics only,2.4999999999999467,1,1,ok
3,enhanced_support_0,support,phone_M1,23.0,enhanced,union of active frame supports,0.0,200.0,candidate diagnostics only,12.499999999999956,1,1,ok
3,enhanced_support_0,support,studio_M1,23.0,enhanced,union of active frame supports,0.0,200.0,candidate diagnostics only,22.49433106575971,1,1,ok
3,enhanced_support_0,support,phone_F1,24.0,enhanced,union of active frame supports,0.0,200.0,candidate diagnostics only,2.4999999999999467,1,1,ok
3,enhanced_support_0,support,phone_M1,24.0,enhanced,union of active frame supports,0.0,200.0,candidate diagnostics only,12.499999999999956,1,1,ok
3,enhanced_support_0,support,studio_M1,24.0,enhanced,union of active frame supports,0.0,200.0,candidate diagnostics only,22.49433106575971,1,1,ok
3,enhanced_support_0,support,phone_F1,25.0,enhanced,union of active frame supports,0.0,200.0,candidate diagnostics only,2.4999999999999467,1,1,ok
3,enhanced_support_0,support,phone_M1,25.0,enhanced,union of active frame supports,0.0,200.0,candidate diagnostics only,12.499999999999956,1,1,ok
3,enhanced_support_0,support,studio_M1,25.0,enhanced,union of active frame supports,0.0,200.0,candidate diagnostics only,22.49433106575971,1,1,ok
3,enhanced_support_0,support,phone_F1,26.0,enhanced,union of active frame supports,0.0,200.0,candidate diagnostics only,2.4999999999999467,1,1,ok
3,enhanced_support_0,support,phone_M1,26.0,enhanced,union of active frame supports,0.0,200.0,candidate diagnostics only,12.499999999999956,1,1,ok
3,enhanced_support_0,support,studio_M1,26.0,enhanced,union of active frame supports,0.0,200.0,candidate diagnostics only,22.49433106575971,1,1,ok
3,enhanced_support_0,support,phone_F1,27.0,enhanced,union of active frame supports,0.0,200.0,candidate diagnostics only,2.4999999999999467,1,1,ok
3,enhanced_support_0,support,phone_M1,27.0,enhanced,union of active frame supports,0.0,200.0,candidate diagnostics only,12.499999999999956,1,1,ok
3,enhanced_support_0,support,studio_M1,27.0,enhanced,union of active frame supports,0.0,200.0,candidate diagnostics only,22.49433106575971,1,1,ok
3,enhanced_support_0,support,phone_F1,28.0,enhanced,union of active frame supports,0.0,200.0,candidate diagnostics only,2.4999999999999467,1,1,ok
3,enhanced_support_0,support,phone_M1,28.0,enhanced,union of active frame supports,0.0,200.0,candidate diagnostics only,12.499999999999956,1,1,ok
3,enhanced_support_0,support,studio_M1,28.0,enhanced,union of active frame supports,0.0,200.0,candidate diagnostics only,22.49433106575971,1,1,ok
3,enhanced_support_0,support,phone_F1,29.0,enhanced,union of active frame supports,0.0,200.0,candidate diagnostics only,2.4999999999999467,1,1,ok
3,enhanced_support_0,support,phone_M1,29.0,enhanced,union of active frame supports,0.0,200.0,candidate diagnostics only,12.499999999999956,1,1,ok
3,enhanced_support_0,support,studio_M1,29.0,enhanced,union of active frame supports,0.0,200.0,candidate diagnostics only,22.49433106575971,1,1,ok
3,enhanced_support_0,support,phone_F1,30.0,enhanced,union of active frame supports,0.0,200.0,candidate diagnostics only,2.4999999999999467,1,1,ok
3,enhanced_support_0,support,phone_M1,30.0,enhanced,union of active frame supports,0.0,200.0,candidate diagnostics only,12.499999999999956,1,1,ok
3,enhanced_support_0,support,studio_M1,30.0,enhanced,union of active frame supports,0.0,200.0,candidate diagnostics only,22.49433106575971,1,1,ok
3,enhanced_support_0,support,phone_F1,31.0,enhanced,union of active frame supports,0.0,200.0,candidate diagnostics only,2.4999999999999467,1,1,ok
3,enhanced_support_0,support,phone_M1,31.0,enhanced,union of active frame supports,0.0,200.0,candidate diagnostics only,12.499999999999956,1,1,ok
3,enhanced_support_0,support,studio_M1,31.0,enhanced,union of active frame supports,0.0,200.0,candidate diagnostics only,22.49433106575971,1,1,ok
3,enhanced_support_0,support,phone_F1,32.0,enhanced,union of active frame supports,0.0,200.0,candidate diagnostics only,2.4999999999999467,1,1,ok
3,enhanced_support_0,support,phone_M1,32.0,enhanced,union of active frame supports,0.0,200.0,candidate diagnostics only,12.499999999999956,1,1,ok
3,enhanced_support_0,support,studio_M1,32.0,enhanced,union of active frame supports,0.0,200.0,candidate diagnostics only,22.49433106575971,1,1,ok
3,enhanced_support_0,support,phone_F1,33.0,enhanced,union of active frame supports,0.0,200.0,candidate diagnostics only,2.4999999999999467,1,1,ok
3,enhanced_support_0,support,phone_M1,33.0,enhanced,union of active frame supports,0.0,200.0,candidate diagnostics only,12.499999999999956,1,1,ok
3,enhanced_support_0,support,studio_M1,33.0,enhanced,union of active frame supports,0.0,200.0,candidate diagnostics only,22.49433106575971,1,1,ok
3,enhanced_support_0,support,phone_F1,34.0,enhanced,union of active frame supports,0.0,200.0,candidate diagnostics only,2.4999999999999467,1,1,ok
3,enhanced_support_0,support,phone_M1,34.0,enhanced,union of active frame supports,0.0,200.0,candidate diagnostics only,12.499999999999956,1,1,ok
3,enhanced_support_0,support,studio_M1,34.0,enhanced,union of active frame supports,0.0,200.0,candidate diagnostics only,22.49433106575971,1,1,ok
3,enhanced_support_0,support,phone_F1,35.0,enhanced,union of active frame supports,0.0,200.0,candidate diagnostics only,2.4999999999999467,1,1,ok
3,enhanced_support_0,support,phone_M1,35.0,enhanced,union of active frame supports,0.0,200.0,candidate diagnostics only,12.499999999999956,1,1,ok
3,enhanced_support_0,support,studio_M1,35.0,enhanced,union of active frame supports,0.0,200.0,candidate diagnostics only,22.49433106575971,1,1,ok
3,enhanced_support_0,support,phone_F1,36.0,enhanced,union of active frame supports,0.0,200.0,candidate diagnostics only,2.4999999999999467,1,1,ok
3,enhanced_support_0,support,phone_M1,36.0,enhanced,union of active frame supports,0.0,200.0,candidate diagnostics only,12.499999999999956,1,1,ok
3,enhanced_support_0,support,studio_M1,36.0,enhanced,union of active frame supports,0.0,200.0,candidate diagnostics only,22.49433106575971,1,1,ok
3,enhanced_support_0,support,phone_F1,37.0,enhanced,union of active frame supports,0.0,200.0,candidate diagnostics only,2.4999999999999467,1,1,ok
3,enhanced_support_0,support,phone_M1,37.0,enhanced,union of active frame supports,0.0,200.0,candidate diagnostics only,12.499999999999956,1,1,ok
3,enhanced_support_0,support,studio_M1,37.0,enhanced,union of active frame supports,0.0,200.0,candidate diagnostics only,22.49433106575971,1,1,ok
3,enhanced_support_0,support,phone_F1,38.0,enhanced,union of active frame supports,0.0,200.0,candidate diagnostics only,2.4999999999999467,1,1,ok
3,enhanced_support_0,support,phone_M1,38.0,enhanced,union of active frame supports,0.0,200.0,candidate diagnostics only,12.499999999999956,1,1,ok
3,enhanced_support_0,support,studio_M1,38.0,enhanced,union of active frame supports,0.0,200.0,candidate diagnostics only,22.49433106575971,1,1,ok
3,enhanced_support_0,support,phone_F1,39.0,enhanced,union of active frame supports,0.0,200.0,candidate diagnostics only,2.4999999999999467,1,1,ok
3,enhanced_support_0,support,phone_M1,39.0,enhanced,union of active frame supports,0.0,200.0,candidate diagnostics only,12.499999999999956,1,1,ok
3,enhanced_support_0,support,studio_M1,39.0,enhanced,union of active frame supports,0.0,200.0,candidate diagnostics only,22.49433106575971,1,1,ok
3,enhanced_support_0,support,phone_F1,40.0,enhanced,union of active frame supports,0.0,200.0,candidate diagnostics only,2.4999999999999467,1,1,ok
3,enhanced_support_0,support,phone_M1,40.0,enhanced,union of active frame supports,0.0,200.0,candidate diagnostics only,12.499999999999956,1,1,ok
3,enhanced_support_0,support,studio_M1,40.0,enhanced,union of active frame supports,0.0,200.0,candidate diagnostics only,22.49433106575971,1,1,ok
3,enhanced_support_0,support,phone_F1,41.0,enhanced,union of active frame supports,0.0,200.0,candidate diagnostics only,2.4999999999999467,1,1,ok
3,enhanced_support_0,support,phone_M1,41.0,enhanced,union of active frame supports,0.0,200.0,candidate diagnostics only,12.499999999999956,1,1,ok
3,enhanced_support_0,support,studio_M1,41.0,enhanced,union of active frame supports,0.0,200.0,candidate diagnostics only,22.49433106575971,1,1,ok
3,enhanced_support_0,support,phone_F1,42.0,enhanced,union of active frame supports,0.0,200.0,candidate diagnostics only,2.4999999999999467,1,1,ok
3,enhanced_support_0,support,phone_M1,42.0,enhanced,union of active frame supports,0.0,200.0,candidate diagnostics only,12.499999999999956,1,1,ok
3,enhanced_support_0,support,studio_M1,42.0,enhanced,union of active frame supports,0.0,200.0,candidate diagnostics only,22.49433106575971,1,1,ok
3,enhanced_support_0,support,phone_F1,43.0,enhanced,union of active frame supports,0.0,200.0,candidate diagnostics only,2.4999999999999467,1,1,ok
3,enhanced_support_0,support,phone_M1,43.0,enhanced,union of active frame supports,0.0,200.0,candidate diagnostics only,12.499999999999956,1,1,ok
3,enhanced_support_0,support,studio_M1,43.0,enhanced,union of active frame supports,0.0,200.0,candidate diagnostics only,22.49433106575971,1,1,ok
3,enhanced_support_0,support,phone_F1,44.0,enhanced,union of active frame supports,0.0,200.0,candidate diagnostics only,2.4999999999999467,1,1,ok
3,enhanced_support_0,support,phone_M1,44.0,enhanced,union of active frame supports,0.0,200.0,candidate diagnostics only,12.499999999999956,1,1,ok
3,enhanced_support_0,support,studio_M1,44.0,enhanced,union of active frame supports,0.0,200.0,candidate diagnostics only,22.49433106575971,1,1,ok
3,enhanced_support_0,support,phone_F1,45.0,enhanced,union of active frame supports,0.0,200.0,candidate diagnostics only,2.4999999999999467,1,1,ok
3,enhanced_support_0,support,phone_M1,45.0,enhanced,union of active frame supports,0.0,200.0,candidate diagnostics only,12.499999999999956,1,1,ok
3,enhanced_support_0,support,studio_M1,45.0,enhanced,union of active frame supports,0.0,200.0,candidate diagnostics only,22.49433106575971,1,1,ok
3,enhanced_support_0,support,phone_F1,46.0,enhanced,union of active frame supports,0.0,200.0,candidate diagnostics only,2.4999999999999467,1,1,ok
3,enhanced_support_0,support,phone_M1,46.0,enhanced,union of active frame supports,0.0,200.0,candidate diagnostics only,12.499999999999956,1,1,ok
3,enhanced_support_0,support,studio_M1,46.0,enhanced,union of active frame supports,0.0,200.0,candidate diagnostics only,22.49433106575971,1,1,ok
3,enhanced_support_0,support,phone_F1,47.0,enhanced,union of active frame supports,0.0,200.0,candidate diagnostics only,2.4999999999999467,1,1,ok
3,enhanced_support_0,support,phone_M1,47.0,enhanced,union of active frame supports,0.0,200.0,candidate diagnostics only,12.499999999999956,1,1,ok
3,enhanced_support_0,support,studio_M1,47.0,enhanced,union of active frame supports,0.0,200.0,candidate diagnostics only,22.49433106575971,1,1,ok
3,enhanced_support_0,support,phone_F1,48.0,enhanced,union of active frame supports,0.0,200.0,candidate diagnostics only,2.4999999999999467,1,1,ok
3,enhanced_support_0,support,phone_M1,48.0,enhanced,union of active frame supports,0.0,200.0,candidate diagnostics only,12.499999999999956,1,1,ok
3,enhanced_support_0,support,studio_M1,48.0,enhanced,union of active frame supports,0.0,200.0,candidate diagnostics only,22.49433106575971,1,1,ok
3,enhanced_support_0,support,phone_F1,49.0,enhanced,union of active frame supports,0.0,200.0,candidate diagnostics only,2.4999999999999467,1,1,ok
3,enhanced_support_0,support,phone_M1,49.0,enhanced,union of active frame supports,0.0,200.0,candidate diagnostics only,12.499999999999956,1,1,ok
3,enhanced_support_0,support,studio_M1,49.0,enhanced,union of active frame supports,0.0,200.0,candidate diagnostics only,22.49433106575971,1,1,ok
3,enhanced_support_0,support,phone_F1,50.0,enhanced,union of active frame supports,0.0,200.0,candidate diagnostics only,2.4999999999999467,1,1,ok
3,enhanced_support_0,support,phone_M1,50.0,enhanced,union of active frame supports,0.0,200.0,candidate diagnostics only,12.499999999999956,1,1,ok
3,enhanced_support_0,support,studio_M1,50.0,enhanced,union of active frame supports,0.0,200.0,candidate diagnostics only,22.49433106575971,1,1,ok
4,core_support_0,support,phone_F1,1.0,core,union of active frame supports,0.0,200.0,excluded from core FINAL,null,1,3,region_count_or_matching_mismatch
4,core_support_0,support,phone_M1,1.0,core,union of active frame supports,0.0,200.0,excluded from core FINAL,null,1,2,region_count_or_matching_mismatch
4,core_support_0,support,studio_F1,1.0,core,union of active frame supports,0.0,200.0,excluded from core FINAL,17.505668934240216,1,1,ok
4,core_support_0,support,phone_F1,2.0,core,union of active frame supports,0.0,200.0,excluded from core FINAL,null,1,2,region_count_or_matching_mismatch
4,core_support_0,support,phone_M1,2.0,core,union of active frame supports,0.0,200.0,excluded from core FINAL,null,1,2,region_count_or_matching_mismatch
4,core_support_0,support,studio_F1,2.0,core,union of active frame supports,0.0,200.0,excluded from core FINAL,12.505668934240322,1,1,ok
4,core_support_0,support,phone_F1,3.0,core,union of active frame supports,0.0,200.0,excluded from core FINAL,null,1,2,region_count_or_matching_mismatch
4,core_support_0,support,phone_M1,3.0,core,union of active frame supports,0.0,200.0,excluded from core FINAL,7.499999999999924,1,1,ok
4,core_support_0,support,studio_F1,3.0,core,union of active frame supports,0.0,200.0,excluded from core FINAL,12.505668934240322,1,1,ok
4,core_support_0,support,phone_F1,4.0,core,union of active frame supports,0.0,200.0,excluded from core FINAL,null,1,2,region_count_or_matching_mismatch
4,core_support_0,support,phone_M1,4.0,core,union of active frame supports,0.0,200.0,excluded from core FINAL,7.499999999999924,1,1,ok
4,core_support_0,support,studio_F1,4.0,core,union of active frame supports,0.0,200.0,excluded from core FINAL,12.505668934240322,1,1,ok
4,core_support_0,support,phone_F1,5.0,core,union of active frame supports,0.0,200.0,excluded from core FINAL,null,1,2,region_count_or_matching_mismatch
4,core_support_0,support,phone_M1,5.0,core,union of active frame supports,0.0,200.0,excluded from core FINAL,7.499999999999924,1,1,ok
4,core_support_0,support,studio_F1,5.0,core,union of active frame supports,0.0,200.0,excluded from core FINAL,12.505668934240322,1,1,ok
4,core_support_0,support,phone_F1,6.0,core,union of active frame supports,0.0,200.0,excluded from core FINAL,null,1,2,region_count_or_matching_mismatch
4,core_support_0,support,phone_M1,6.0,core,union of active frame supports,0.0,200.0,excluded from core FINAL,2.4999999999999467,1,1,ok
4,core_support_0,support,studio_F1,6.0,core,union of active frame supports,0.0,200.0,excluded from core FINAL,12.505668934240322,1,1,ok
4,core_support_0,support,phone_F1,7.0,core,union of active frame supports,0.0,200.0,excluded from core FINAL,null,1,2,region_count_or_matching_mismatch
4,core_support_0,support,phone_M1,7.0,core,union of active frame supports,0.0,200.0,excluded from core FINAL,2.4999999999999467,1,1,ok
4,core_support_0,support,studio_F1,7.0,core,union of active frame supports,0.0,200.0,excluded from core FINAL,7.505668934240428,1,1,ok
4,core_support_0,support,phone_F1,8.0,core,union of active frame supports,0.0,200.0,excluded from core FINAL,null,1,2,region_count_or_matching_mismatch
4,core_support_0,support,phone_M1,8.0,core,union of active frame supports,0.0,200.0,excluded from core FINAL,2.4999999999999467,1,1,ok
4,core_support_0,support,studio_F1,8.0,core,union of active frame supports,0.0,200.0,excluded from core FINAL,7.505668934240428,1,1,ok
4,core_support_0,support,phone_F1,9.0,core,union of active frame supports,0.0,200.0,excluded from core FINAL,null,1,2,region_count_or_matching_mismatch
4,core_support_0,support,phone_M1,9.0,core,union of active frame supports,0.0,200.0,excluded from core FINAL,2.4999999999999467,1,1,ok
4,core_support_0,support,studio_F1,9.0,core,union of active frame supports,0.0,200.0,excluded from core FINAL,7.505668934240428,1,1,ok
4,core_support_0,support,phone_F1,10.0,core,union of active frame supports,0.0,200.0,excluded from core FINAL,null,1,2,region_count_or_matching_mismatch
4,core_support_0,support,phone_M1,10.0,core,union of active frame supports,0.0,200.0,excluded from core FINAL,2.4999999999999467,1,1,ok
4,core_support_0,support,studio_F1,10.0,core,union of active frame supports,0.0,200.0,excluded from core FINAL,7.505668934240428,1,1,ok
4,core_support_0,support,phone_F1,11.0,core,union of active frame supports,0.0,200.0,excluded from core FINAL,null,1,2,region_count_or_matching_mismatch
4,core_support_0,support,phone_M1,11.0,core,union of active frame supports,0.0,200.0,excluded from core FINAL,2.4999999999999467,1,1,ok
4,core_support_0,support,studio_F1,11.0,core,union of active frame supports,0.0,200.0,excluded from core FINAL,7.505668934240428,1,1,ok
4,core_support_0,support,phone_F1,12.0,core,union of active frame supports,0.0,200.0,excluded from core FINAL,null,1,2,region_count_or_matching_mismatch
4,core_support_0,support,phone_M1,12.0,core,union of active frame supports,0.0,200.0,excluded from core FINAL,2.4999999999999467,1,1,ok
4,core_support_0,support,studio_F1,12.0,core,union of active frame supports,0.0,200.0,excluded from core FINAL,7.505668934240428,1,1,ok
4,core_support_0,support,phone_F1,13.0,core,union of active frame supports,0.0,200.0,excluded from core FINAL,null,1,2,region_count_or_matching_mismatch
4,core_support_0,support,phone_M1,13.0,core,union of active frame supports,0.0,200.0,excluded from core FINAL,2.4999999999999467,1,1,ok
4,core_support_0,support,studio_F1,13.0,core,union of active frame supports,0.0,200.0,excluded from core FINAL,7.505668934240428,1,1,ok
4,core_support_0,support,phone_F1,14.0,core,union of active frame supports,0.0,200.0,excluded from core FINAL,null,1,2,region_count_or_matching_mismatch
4,core_support_0,support,phone_M1,14.0,core,union of active frame supports,0.0,200.0,excluded from core FINAL,2.4999999999999467,1,1,ok
4,core_support_0,support,studio_F1,14.0,core,union of active frame supports,0.0,200.0,excluded from core FINAL,7.505668934240428,1,1,ok
4,core_support_0,support,phone_F1,15.0,core,union of active frame supports,0.0,200.0,excluded from core FINAL,null,1,2,region_count_or_matching_mismatch
4,core_support_0,support,phone_M1,15.0,core,union of active frame supports,0.0,200.0,excluded from core FINAL,2.4999999999999467,1,1,ok
4,core_support_0,support,studio_F1,15.0,core,union of active frame supports,0.0,200.0,excluded from core FINAL,7.505668934240428,1,1,ok
4,core_support_0,support,phone_F1,16.0,core,union of active frame supports,0.0,200.0,excluded from core FINAL,null,1,2,region_count_or_matching_mismatch
4,core_support_0,support,phone_M1,16.0,core,union of active frame supports,0.0,200.0,excluded from core FINAL,2.4999999999999467,1,1,ok
4,core_support_0,support,studio_F1,16.0,core,union of active frame supports,0.0,200.0,excluded from core FINAL,7.505668934240428,1,1,ok
4,core_support_0,support,phone_F1,17.0,core,union of active frame supports,0.0,200.0,excluded from core FINAL,null,1,2,region_count_or_matching_mismatch
4,core_support_0,support,phone_M1,17.0,core,union of active frame supports,0.0,200.0,excluded from core FINAL,2.4999999999999467,1,1,ok
4,core_support_0,support,studio_F1,17.0,core,union of active frame supports,0.0,200.0,excluded from core FINAL,7.505668934240428,1,1,ok
4,core_support_0,support,phone_F1,18.0,core,union of active frame supports,0.0,200.0,excluded from core FINAL,null,1,2,region_count_or_matching_mismatch
4,core_support_0,support,phone_M1,18.0,core,union of active frame supports,0.0,200.0,excluded from core FINAL,2.4999999999999467,1,1,ok
4,core_support_0,support,studio_F1,18.0,core,union of active frame supports,0.0,200.0,excluded from core FINAL,7.505668934240428,1,1,ok
4,core_support_0,support,phone_F1,19.0,core,union of active frame supports,0.0,200.0,excluded from core FINAL,null,1,2,region_count_or_matching_mismatch
4,core_support_0,support,phone_M1,19.0,core,union of active frame supports,0.0,200.0,excluded from core FINAL,2.4999999999999467,1,1,ok
4,core_support_0,support,studio_F1,19.0,core,union of active frame supports,0.0,200.0,excluded from core FINAL,7.505668934240428,1,1,ok
4,core_support_0,support,phone_F1,20.0,core,union of active frame supports,0.0,200.0,excluded from core FINAL,null,1,2,region_count_or_matching_mismatch
4,core_support_0,support,phone_M1,20.0,core,union of active frame supports,0.0,200.0,excluded from core FINAL,2.4999999999999467,1,1,ok
4,core_support_0,support,studio_F1,20.0,core,union of active frame supports,0.0,200.0,excluded from core FINAL,7.505668934240428,1,1,ok
4,core_support_0,support,phone_F1,21.0,core,union of active frame supports,0.0,200.0,excluded from core FINAL,null,1,2,region_count_or_matching_mismatch
4,core_support_0,support,phone_M1,21.0,core,union of active frame supports,0.0,200.0,excluded from core FINAL,2.4999999999999467,1,1,ok
4,core_support_0,support,studio_F1,21.0,core,union of active frame supports,0.0,200.0,excluded from core FINAL,7.505668934240428,1,1,ok
4,core_support_0,support,phone_F1,22.0,core,union of active frame supports,0.0,200.0,excluded from core FINAL,null,1,2,region_count_or_matching_mismatch
4,core_support_0,support,phone_M1,22.0,core,union of active frame supports,0.0,200.0,excluded from core FINAL,2.4999999999999467,1,1,ok
4,core_support_0,support,studio_F1,22.0,core,union of active frame supports,0.0,200.0,excluded from core FINAL,7.505668934240428,1,1,ok
4,core_support_0,support,phone_F1,23.0,core,union of active frame supports,0.0,200.0,excluded from core FINAL,null,1,2,region_count_or_matching_mismatch
4,core_support_0,support,phone_M1,23.0,core,union of active frame supports,0.0,200.0,excluded from core FINAL,2.4999999999999467,1,1,ok
4,core_support_0,support,studio_F1,23.0,core,union of active frame supports,0.0,200.0,excluded from core FINAL,7.505668934240428,1,1,ok
4,core_support_0,support,phone_F1,24.0,core,union of active frame supports,0.0,200.0,excluded from core FINAL,null,1,2,region_count_or_matching_mismatch
4,core_support_0,support,phone_M1,24.0,core,union of active frame supports,0.0,200.0,excluded from core FINAL,2.4999999999999467,1,1,ok
4,core_support_0,support,studio_F1,24.0,core,union of active frame supports,0.0,200.0,excluded from core FINAL,7.505668934240428,1,1,ok
4,core_support_0,support,phone_F1,25.0,core,union of active frame supports,0.0,200.0,excluded from core FINAL,null,1,2,region_count_or_matching_mismatch
4,core_support_0,support,phone_M1,25.0,core,union of active frame supports,0.0,200.0,excluded from core FINAL,2.4999999999999467,1,1,ok
4,core_support_0,support,studio_F1,25.0,core,union of active frame supports,0.0,200.0,excluded from core FINAL,7.505668934240428,1,1,ok
4,core_support_0,support,phone_F1,26.0,core,union of active frame supports,0.0,200.0,excluded from core FINAL,null,1,2,region_count_or_matching_mismatch
4,core_support_0,support,phone_M1,26.0,core,union of active frame supports,0.0,200.0,excluded from core FINAL,2.4999999999999467,1,1,ok
4,core_support_0,support,studio_F1,26.0,core,union of active frame supports,0.0,200.0,excluded from core FINAL,7.505668934240428,1,1,ok
4,core_support_0,support,phone_F1,27.0,core,union of active frame supports,0.0,200.0,excluded from core FINAL,null,1,2,region_count_or_matching_mismatch
4,core_support_0,support,phone_M1,27.0,core,union of active frame supports,0.0,200.0,excluded from core FINAL,2.4999999999999467,1,1,ok
4,core_support_0,support,studio_F1,27.0,core,union of active frame supports,0.0,200.0,excluded from core FINAL,7.505668934240428,1,1,ok
4,core_support_0,support,phone_F1,28.0,core,union of active frame supports,0.0,200.0,excluded from core FINAL,null,1,2,region_count_or_matching_mismatch
4,core_support_0,support,phone_M1,28.0,core,union of active frame supports,0.0,200.0,excluded from core FINAL,2.4999999999999467,1,1,ok
4,core_support_0,support,studio_F1,28.0,core,union of active frame supports,0.0,200.0,excluded from core FINAL,7.505668934240428,1,1,ok
4,core_support_0,support,phone_F1,29.0,core,union of active frame supports,0.0,200.0,excluded from core FINAL,null,1,2,region_count_or_matching_mismatch
4,core_support_0,support,phone_M1,29.0,core,union of active frame supports,0.0,200.0,excluded from core FINAL,7.500000000000062,1,1,ok
4,core_support_0,support,studio_F1,29.0,core,union of active frame supports,0.0,200.0,excluded from core FINAL,7.505668934240428,1,1,ok
4,core_support_0,support,phone_F1,30.0,core,union of active frame supports,0.0,200.0,excluded from core FINAL,null,1,2,region_count_or_matching_mismatch
4,core_support_0,support,phone_M1,30.0,core,union of active frame supports,0.0,200.0,excluded from core FINAL,7.500000000000062,1,1,ok
4,core_support_0,support,studio_F1,30.0,core,union of active frame supports,0.0,200.0,excluded from core FINAL,7.505668934240428,1,1,ok
4,core_support_0,support,phone_F1,31.0,core,union of active frame supports,0.0,200.0,excluded from core FINAL,null,1,2,region_count_or_matching_mismatch
4,core_support_0,support,phone_M1,31.0,core,union of active frame supports,0.0,200.0,excluded from core FINAL,7.500000000000062,1,1,ok
4,core_support_0,support,studio_F1,31.0,core,union of active frame supports,0.0,200.0,excluded from core FINAL,7.505668934240428,1,1,ok
4,core_support_0,support,phone_F1,32.0,core,union of active frame supports,0.0,200.0,excluded from core FINAL,null,1,2,region_count_or_matching_mismatch
4,core_support_0,support,phone_M1,32.0,core,union of active frame supports,0.0,200.0,excluded from core FINAL,7.500000000000062,1,1,ok
4,core_support_0,support,studio_F1,32.0,core,union of active frame supports,0.0,200.0,excluded from core FINAL,7.505668934240428,1,1,ok
4,core_support_0,support,phone_F1,33.0,core,union of active frame supports,0.0,200.0,excluded from core FINAL,null,1,2,region_count_or_matching_mismatch
4,core_support_0,support,phone_M1,33.0,core,union of active frame supports,0.0,200.0,excluded from core FINAL,7.500000000000062,1,1,ok
4,core_support_0,support,studio_F1,33.0,core,union of active frame supports,0.0,200.0,excluded from core FINAL,7.505668934240428,1,1,ok
4,core_support_0,support,phone_F1,34.0,core,union of active frame supports,0.0,200.0,excluded from core FINAL,null,1,2,region_count_or_matching_mismatch
4,core_support_0,support,phone_M1,34.0,core,union of active frame supports,0.0,200.0,excluded from core FINAL,7.500000000000062,1,1,ok
4,core_support_0,support,studio_F1,34.0,core,union of active frame supports,0.0,200.0,excluded from core FINAL,7.505668934240428,1,1,ok
4,core_support_0,support,phone_F1,35.0,core,union of active frame supports,0.0,200.0,excluded from core FINAL,null,1,2,region_count_or_matching_mismatch
4,core_support_0,support,phone_M1,35.0,core,union of active frame supports,0.0,200.0,excluded from core FINAL,7.500000000000062,1,1,ok
4,core_support_0,support,studio_F1,35.0,core,union of active frame supports,0.0,200.0,excluded from core FINAL,7.505668934240428,1,1,ok
4,core_support_0,support,phone_F1,36.0,core,union of active frame supports,0.0,200.0,excluded from core FINAL,null,1,2,region_count_or_matching_mismatch
4,core_support_0,support,phone_M1,36.0,core,union of active frame supports,0.0,200.0,excluded from core FINAL,7.500000000000062,1,1,ok
4,core_support_0,support,studio_F1,36.0,core,union of active frame supports,0.0,200.0,excluded from core FINAL,7.505668934240428,1,1,ok
4,core_support_0,support,phone_F1,37.0,core,union of active frame supports,0.0,200.0,excluded from core FINAL,null,1,2,region_count_or_matching_mismatch
4,core_support_0,support,phone_M1,37.0,core,union of active frame supports,0.0,200.0,excluded from core FINAL,7.500000000000062,1,1,ok
4,core_support_0,support,studio_F1,37.0,core,union of active frame supports,0.0,200.0,excluded from core FINAL,7.494331065759696,1,1,ok
4,core_support_0,support,phone_F1,38.0,core,union of active frame supports,0.0,200.0,excluded from core FINAL,null,1,2,region_count_or_matching_mismatch
4,core_support_0,support,phone_M1,38.0,core,union of active frame supports,0.0,200.0,excluded from core FINAL,7.500000000000062,1,1,ok
4,core_support_0,support,studio_F1,38.0,core,union of active frame supports,0.0,200.0,excluded from core FINAL,7.494331065759696,1,1,ok
4,core_support_0,support,phone_F1,39.0,core,union of active frame supports,0.0,200.0,excluded from core FINAL,null,1,2,region_count_or_matching_mismatch
4,core_support_0,support,phone_M1,39.0,core,union of active frame supports,0.0,200.0,excluded from core FINAL,7.500000000000062,1,1,ok
4,core_support_0,support,studio_F1,39.0,core,union of active frame supports,0.0,200.0,excluded from core FINAL,7.494331065759696,1,1,ok
4,core_support_0,support,phone_F1,40.0,core,union of active frame supports,0.0,200.0,excluded from core FINAL,null,1,2,region_count_or_matching_mismatch
4,core_support_0,support,phone_M1,40.0,core,union of active frame supports,0.0,200.0,excluded from core FINAL,7.500000000000062,1,1,ok
4,core_support_0,support,studio_F1,40.0,core,union of active frame supports,0.0,200.0,excluded from core FINAL,7.494331065759696,1,1,ok
4,core_support_0,support,phone_F1,41.0,core,union of active frame supports,0.0,200.0,excluded from core FINAL,null,1,2,region_count_or_matching_mismatch
4,core_support_0,support,phone_M1,41.0,core,union of active frame supports,0.0,200.0,excluded from core FINAL,7.500000000000062,1,1,ok
4,core_support_0,support,studio_F1,41.0,core,union of active frame supports,0.0,200.0,excluded from core FINAL,7.494331065759696,1,1,ok
4,core_support_0,support,phone_F1,42.0,core,union of active frame supports,0.0,200.0,excluded from core FINAL,null,1,2,region_count_or_matching_mismatch
4,core_support_0,support,phone_M1,42.0,core,union of active frame supports,0.0,200.0,excluded from core FINAL,7.500000000000062,1,1,ok
4,core_support_0,support,studio_F1,42.0,core,union of active frame supports,0.0,200.0,excluded from core FINAL,7.494331065759696,1,1,ok
4,core_support_0,support,phone_F1,43.0,core,union of active frame supports,0.0,200.0,excluded from core FINAL,null,1,2,region_count_or_matching_mismatch
4,core_support_0,support,phone_M1,43.0,core,union of active frame supports,0.0,200.0,excluded from core FINAL,7.500000000000062,1,1,ok
4,core_support_0,support,studio_F1,43.0,core,union of active frame supports,0.0,200.0,excluded from core FINAL,7.494331065759696,1,1,ok
4,core_support_0,support,phone_F1,44.0,core,union of active frame supports,0.0,200.0,excluded from core FINAL,null,1,2,region_count_or_matching_mismatch
4,core_support_0,support,phone_M1,44.0,core,union of active frame supports,0.0,200.0,excluded from core FINAL,7.500000000000062,1,1,ok
4,core_support_0,support,studio_F1,44.0,core,union of active frame supports,0.0,200.0,excluded from core FINAL,7.494331065759696,1,1,ok
4,core_support_0,support,phone_F1,45.0,core,union of active frame supports,0.0,200.0,excluded from core FINAL,null,1,2,region_count_or_matching_mismatch
4,core_support_0,support,phone_M1,45.0,core,union of active frame supports,0.0,200.0,excluded from core FINAL,7.500000000000062,1,1,ok
4,core_support_0,support,studio_F1,45.0,core,union of active frame supports,0.0,200.0,excluded from core FINAL,7.494331065759696,1,1,ok
4,core_support_0,support,phone_F1,46.0,core,union of active frame supports,0.0,200.0,excluded from core FINAL,null,1,2,region_count_or_matching_mismatch
4,core_support_0,support,phone_M1,46.0,core,union of active frame supports,0.0,200.0,excluded from core FINAL,7.500000000000062,1,1,ok
4,core_support_0,support,studio_F1,46.0,core,union of active frame supports,0.0,200.0,excluded from core FINAL,7.494331065759696,1,1,ok
4,core_support_0,support,phone_F1,47.0,core,union of active frame supports,0.0,200.0,excluded from core FINAL,null,1,2,region_count_or_matching_mismatch
4,core_support_0,support,phone_M1,47.0,core,union of active frame supports,0.0,200.0,excluded from core FINAL,7.500000000000062,1,1,ok
4,core_support_0,support,studio_F1,47.0,core,union of active frame supports,0.0,200.0,excluded from core FINAL,7.494331065759696,1,1,ok
4,core_support_0,support,phone_F1,48.0,core,union of active frame supports,0.0,200.0,excluded from core FINAL,null,1,2,region_count_or_matching_mismatch
4,core_support_0,support,phone_M1,48.0,core,union of active frame supports,0.0,200.0,excluded from core FINAL,7.500000000000062,1,1,ok
4,core_support_0,support,studio_F1,48.0,core,union of active frame supports,0.0,200.0,excluded from core FINAL,7.494331065759696,1,1,ok
4,core_support_0,support,phone_F1,49.0,core,union of active frame supports,0.0,200.0,excluded from core FINAL,null,1,2,region_count_or_matching_mismatch
4,core_support_0,support,phone_M1,49.0,core,union of active frame supports,0.0,200.0,excluded from core FINAL,7.500000000000062,1,1,ok
4,core_support_0,support,studio_F1,49.0,core,union of active frame supports,0.0,200.0,excluded from core FINAL,7.494331065759696,1,1,ok
4,core_support_0,support,phone_F1,50.0,core,union of active frame supports,0.0,200.0,excluded from core FINAL,null,1,2,region_count_or_matching_mismatch
4,core_support_0,support,phone_M1,50.0,core,union of active frame supports,0.0,200.0,excluded from core FINAL,7.500000000000062,1,1,ok
4,core_support_0,support,studio_F1,50.0,core,union of active frame supports,0.0,200.0,excluded from core FINAL,7.494331065759696,1,1,ok
4,core_cells_0,cells,phone_F1,1.0,core,nearest-frame centered decision cells,0.0,200.0,excluded from core FINAL,null,1,3,region_count_or_matching_mismatch
4,core_cells_0,cells,phone_M1,1.0,core,nearest-frame centered decision cells,0.0,200.0,excluded from core FINAL,null,1,4,region_count_or_matching_mismatch
4,core_cells_0,cells,studio_F1,1.0,core,nearest-frame centered decision cells,0.0,200.0,excluded from core FINAL,17.505668934240436,1,1,ok
4,core_cells_0,cells,phone_F1,2.0,core,nearest-frame centered decision cells,0.0,200.0,excluded from core FINAL,null,1,2,region_count_or_matching_mismatch
4,core_cells_0,cells,phone_M1,2.0,core,nearest-frame centered decision cells,0.0,200.0,excluded from core FINAL,null,1,2,region_count_or_matching_mismatch
4,core_cells_0,cells,studio_F1,2.0,core,nearest-frame centered decision cells,0.0,200.0,excluded from core FINAL,12.505668934240322,1,1,ok
4,core_cells_0,cells,phone_F1,3.0,core,nearest-frame centered decision cells,0.0,200.0,excluded from core FINAL,null,1,2,region_count_or_matching_mismatch
4,core_cells_0,cells,phone_M1,3.0,core,nearest-frame centered decision cells,0.0,200.0,excluded from core FINAL,null,1,2,region_count_or_matching_mismatch
4,core_cells_0,cells,studio_F1,3.0,core,nearest-frame centered decision cells,0.0,200.0,excluded from core FINAL,12.505668934240322,1,1,ok
4,core_cells_0,cells,phone_F1,4.0,core,nearest-frame centered decision cells,0.0,200.0,excluded from core FINAL,null,1,2,region_count_or_matching_mismatch
4,core_cells_0,cells,phone_M1,4.0,core,nearest-frame centered decision cells,0.0,200.0,excluded from core FINAL,null,1,2,region_count_or_matching_mismatch
4,core_cells_0,cells,studio_F1,4.0,core,nearest-frame centered decision cells,0.0,200.0,excluded from core FINAL,12.505668934240322,1,1,ok
4,core_cells_0,cells,phone_F1,5.0,core,nearest-frame centered decision cells,0.0,200.0,excluded from core FINAL,null,1,2,region_count_or_matching_mismatch
4,core_cells_0,cells,phone_M1,5.0,core,nearest-frame centered decision cells,0.0,200.0,excluded from core FINAL,9.999999999999954,1,1,ok
4,core_cells_0,cells,studio_F1,5.0,core,nearest-frame centered decision cells,0.0,200.0,excluded from core FINAL,12.505668934240322,1,1,ok
4,core_cells_0,cells,phone_F1,6.0,core,nearest-frame centered decision cells,0.0,200.0,excluded from core FINAL,null,1,2,region_count_or_matching_mismatch
4,core_cells_0,cells,phone_M1,6.0,core,nearest-frame centered decision cells,0.0,200.0,excluded from core FINAL,4.999999999999977,1,1,ok
4,core_cells_0,cells,studio_F1,6.0,core,nearest-frame centered decision cells,0.0,200.0,excluded from core FINAL,12.505668934240322,1,1,ok
4,core_cells_0,cells,phone_F1,7.0,core,nearest-frame centered decision cells,0.0,200.0,excluded from core FINAL,null,1,2,region_count_or_matching_mismatch
4,core_cells_0,cells,phone_M1,7.0,core,nearest-frame centered decision cells,0.0,200.0,excluded from core FINAL,4.999999999999977,1,1,ok
4,core_cells_0,cells,studio_F1,7.0,core,nearest-frame centered decision cells,0.0,200.0,excluded from core FINAL,7.505668934240206,1,1,ok
4,core_cells_0,cells,phone_F1,8.0,core,nearest-frame centered decision cells,0.0,200.0,excluded from core FINAL,null,1,2,region_count_or_matching_mismatch
4,core_cells_0,cells,phone_M1,8.0,core,nearest-frame centered decision cells,0.0,200.0,excluded from core FINAL,4.999999999999977,1,1,ok
4,core_cells_0,cells,studio_F1,8.0,core,nearest-frame centered decision cells,0.0,200.0,excluded from core FINAL,7.505668934240206,1,1,ok
4,core_cells_0,cells,phone_F1,9.0,core,nearest-frame centered decision cells,0.0,200.0,excluded from core FINAL,null,1,2,region_count_or_matching_mismatch
4,core_cells_0,cells,phone_M1,9.0,core,nearest-frame centered decision cells,0.0,200.0,excluded from core FINAL,4.999999999999977,1,1,ok
4,core_cells_0,cells,studio_F1,9.0,core,nearest-frame centered decision cells,0.0,200.0,excluded from core FINAL,7.505668934240206,1,1,ok
4,core_cells_0,cells,phone_F1,10.0,core,nearest-frame centered decision cells,0.0,200.0,excluded from core FINAL,null,1,2,region_count_or_matching_mismatch
4,core_cells_0,cells,phone_M1,10.0,core,nearest-frame centered decision cells,0.0,200.0,excluded from core FINAL,4.999999999999977,1,1,ok
4,core_cells_0,cells,studio_F1,10.0,core,nearest-frame centered decision cells,0.0,200.0,excluded from core FINAL,7.505668934240206,1,1,ok
4,core_cells_0,cells,phone_F1,11.0,core,nearest-frame centered decision cells,0.0,200.0,excluded from core FINAL,null,1,2,region_count_or_matching_mismatch
4,core_cells_0,cells,phone_M1,11.0,core,nearest-frame centered decision cells,0.0,200.0,excluded from core FINAL,4.999999999999977,1,1,ok
4,core_cells_0,cells,studio_F1,11.0,core,nearest-frame centered decision cells,0.0,200.0,excluded from core FINAL,7.505668934240206,1,1,ok
4,core_cells_0,cells,phone_F1,12.0,core,nearest-frame centered decision cells,0.0,200.0,excluded from core FINAL,null,1,2,region_count_or_matching_mismatch
4,core_cells_0,cells,phone_M1,12.0,core,nearest-frame centered decision cells,0.0,200.0,excluded from core FINAL,4.999999999999977,1,1,ok
4,core_cells_0,cells,studio_F1,12.0,core,nearest-frame centered decision cells,0.0,200.0,excluded from core FINAL,7.505668934240206,1,1,ok
4,core_cells_0,cells,phone_F1,13.0,core,nearest-frame centered decision cells,0.0,200.0,excluded from core FINAL,null,1,2,region_count_or_matching_mismatch
4,core_cells_0,cells,phone_M1,13.0,core,nearest-frame centered decision cells,0.0,200.0,excluded from core FINAL,4.999999999999977,1,1,ok
4,core_cells_0,cells,studio_F1,13.0,core,nearest-frame centered decision cells,0.0,200.0,excluded from core FINAL,7.505668934240206,1,1,ok
4,core_cells_0,cells,phone_F1,14.0,core,nearest-frame centered decision cells,0.0,200.0,excluded from core FINAL,null,1,2,region_count_or_matching_mismatch
4,core_cells_0,cells,phone_M1,14.0,core,nearest-frame centered decision cells,0.0,200.0,excluded from core FINAL,4.999999999999977,1,1,ok
4,core_cells_0,cells,studio_F1,14.0,core,nearest-frame centered decision cells,0.0,200.0,excluded from core FINAL,7.505668934240206,1,1,ok
4,core_cells_0,cells,phone_F1,15.0,core,nearest-frame centered decision cells,0.0,200.0,excluded from core FINAL,null,1,2,region_count_or_matching_mismatch
4,core_cells_0,cells,phone_M1,15.0,core,nearest-frame centered decision cells,0.0,200.0,excluded from core FINAL,4.999999999999977,1,1,ok
4,core_cells_0,cells,studio_F1,15.0,core,nearest-frame centered decision cells,0.0,200.0,excluded from core FINAL,7.505668934240206,1,1,ok
4,core_cells_0,cells,phone_F1,16.0,core,nearest-frame centered decision cells,0.0,200.0,excluded from core FINAL,null,1,2,region_count_or_matching_mismatch
4,core_cells_0,cells,phone_M1,16.0,core,nearest-frame centered decision cells,0.0,200.0,excluded from core FINAL,4.999999999999977,1,1,ok
4,core_cells_0,cells,studio_F1,16.0,core,nearest-frame centered decision cells,0.0,200.0,excluded from core FINAL,7.505668934240206,1,1,ok
4,core_cells_0,cells,phone_F1,17.0,core,nearest-frame centered decision cells,0.0,200.0,excluded from core FINAL,null,1,2,region_count_or_matching_mismatch
4,core_cells_0,cells,phone_M1,17.0,core,nearest-frame centered decision cells,0.0,200.0,excluded from core FINAL,4.999999999999977,1,1,ok
4,core_cells_0,cells,studio_F1,17.0,core,nearest-frame centered decision cells,0.0,200.0,excluded from core FINAL,7.505668934240206,1,1,ok
4,core_cells_0,cells,phone_F1,18.0,core,nearest-frame centered decision cells,0.0,200.0,excluded from core FINAL,null,1,2,region_count_or_matching_mismatch
4,core_cells_0,cells,phone_M1,18.0,core,nearest-frame centered decision cells,0.0,200.0,excluded from core FINAL,4.999999999999977,1,1,ok
4,core_cells_0,cells,studio_F1,18.0,core,nearest-frame centered decision cells,0.0,200.0,excluded from core FINAL,7.505668934240206,1,1,ok
4,core_cells_0,cells,phone_F1,19.0,core,nearest-frame centered decision cells,0.0,200.0,excluded from core FINAL,null,1,2,region_count_or_matching_mismatch
4,core_cells_0,cells,phone_M1,19.0,core,nearest-frame centered decision cells,0.0,200.0,excluded from core FINAL,4.999999999999977,1,1,ok
4,core_cells_0,cells,studio_F1,19.0,core,nearest-frame centered decision cells,0.0,200.0,excluded from core FINAL,7.505668934240206,1,1,ok
4,core_cells_0,cells,phone_F1,20.0,core,nearest-frame centered decision cells,0.0,200.0,excluded from core FINAL,null,1,2,region_count_or_matching_mismatch
4,core_cells_0,cells,phone_M1,20.0,core,nearest-frame centered decision cells,0.0,200.0,excluded from core FINAL,4.999999999999977,1,1,ok
4,core_cells_0,cells,studio_F1,20.0,core,nearest-frame centered decision cells,0.0,200.0,excluded from core FINAL,7.505668934240206,1,1,ok
4,core_cells_0,cells,phone_F1,21.0,core,nearest-frame centered decision cells,0.0,200.0,excluded from core FINAL,null,1,2,region_count_or_matching_mismatch
4,core_cells_0,cells,phone_M1,21.0,core,nearest-frame centered decision cells,0.0,200.0,excluded from core FINAL,4.999999999999977,1,1,ok
4,core_cells_0,cells,studio_F1,21.0,core,nearest-frame centered decision cells,0.0,200.0,excluded from core FINAL,7.505668934240206,1,1,ok
4,core_cells_0,cells,phone_F1,22.0,core,nearest-frame centered decision cells,0.0,200.0,excluded from core FINAL,null,1,2,region_count_or_matching_mismatch
4,core_cells_0,cells,phone_M1,22.0,core,nearest-frame centered decision cells,0.0,200.0,excluded from core FINAL,4.999999999999977,1,1,ok
4,core_cells_0,cells,studio_F1,22.0,core,nearest-frame centered decision cells,0.0,200.0,excluded from core FINAL,7.505668934240206,1,1,ok
4,core_cells_0,cells,phone_F1,23.0,core,nearest-frame centered decision cells,0.0,200.0,excluded from core FINAL,null,1,2,region_count_or_matching_mismatch
4,core_cells_0,cells,phone_M1,23.0,core,nearest-frame centered decision cells,0.0,200.0,excluded from core FINAL,4.999999999999977,1,1,ok
4,core_cells_0,cells,studio_F1,23.0,core,nearest-frame centered decision cells,0.0,200.0,excluded from core FINAL,7.505668934240206,1,1,ok
4,core_cells_0,cells,phone_F1,24.0,core,nearest-frame centered decision cells,0.0,200.0,excluded from core FINAL,null,1,2,region_count_or_matching_mismatch
4,core_cells_0,cells,phone_M1,24.0,core,nearest-frame centered decision cells,0.0,200.0,excluded from core FINAL,4.999999999999977,1,1,ok
4,core_cells_0,cells,studio_F1,24.0,core,nearest-frame centered decision cells,0.0,200.0,excluded from core FINAL,7.505668934240206,1,1,ok
4,core_cells_0,cells,phone_F1,25.0,core,nearest-frame centered decision cells,0.0,200.0,excluded from core FINAL,null,1,2,region_count_or_matching_mismatch
4,core_cells_0,cells,phone_M1,25.0,core,nearest-frame centered decision cells,0.0,200.0,excluded from core FINAL,4.999999999999977,1,1,ok
4,core_cells_0,cells,studio_F1,25.0,core,nearest-frame centered decision cells,0.0,200.0,excluded from core FINAL,7.505668934240206,1,1,ok
4,core_cells_0,cells,phone_F1,26.0,core,nearest-frame centered decision cells,0.0,200.0,excluded from core FINAL,null,1,2,region_count_or_matching_mismatch
4,core_cells_0,cells,phone_M1,26.0,core,nearest-frame centered decision cells,0.0,200.0,excluded from core FINAL,4.999999999999977,1,1,ok
4,core_cells_0,cells,studio_F1,26.0,core,nearest-frame centered decision cells,0.0,200.0,excluded from core FINAL,7.505668934240206,1,1,ok
4,core_cells_0,cells,phone_F1,27.0,core,nearest-frame centered decision cells,0.0,200.0,excluded from core FINAL,null,1,2,region_count_or_matching_mismatch
4,core_cells_0,cells,phone_M1,27.0,core,nearest-frame centered decision cells,0.0,200.0,excluded from core FINAL,4.999999999999977,1,1,ok
4,core_cells_0,cells,studio_F1,27.0,core,nearest-frame centered decision cells,0.0,200.0,excluded from core FINAL,7.505668934240206,1,1,ok
4,core_cells_0,cells,phone_F1,28.0,core,nearest-frame centered decision cells,0.0,200.0,excluded from core FINAL,null,1,2,region_count_or_matching_mismatch
4,core_cells_0,cells,phone_M1,28.0,core,nearest-frame centered decision cells,0.0,200.0,excluded from core FINAL,4.999999999999977,1,1,ok
4,core_cells_0,cells,studio_F1,28.0,core,nearest-frame centered decision cells,0.0,200.0,excluded from core FINAL,7.505668934240206,1,1,ok
4,core_cells_0,cells,phone_F1,29.0,core,nearest-frame centered decision cells,0.0,200.0,excluded from core FINAL,null,1,2,region_count_or_matching_mismatch
4,core_cells_0,cells,phone_M1,29.0,core,nearest-frame centered decision cells,0.0,200.0,excluded from core FINAL,7.499999999999924,1,1,ok
4,core_cells_0,cells,studio_F1,29.0,core,nearest-frame centered decision cells,0.0,200.0,excluded from core FINAL,7.505668934240206,1,1,ok
4,core_cells_0,cells,phone_F1,30.0,core,nearest-frame centered decision cells,0.0,200.0,excluded from core FINAL,null,1,2,region_count_or_matching_mismatch
4,core_cells_0,cells,phone_M1,30.0,core,nearest-frame centered decision cells,0.0,200.0,excluded from core FINAL,7.499999999999924,1,1,ok
4,core_cells_0,cells,studio_F1,30.0,core,nearest-frame centered decision cells,0.0,200.0,excluded from core FINAL,7.505668934240206,1,1,ok
4,core_cells_0,cells,phone_F1,31.0,core,nearest-frame centered decision cells,0.0,200.0,excluded from core FINAL,null,1,2,region_count_or_matching_mismatch
4,core_cells_0,cells,phone_M1,31.0,core,nearest-frame centered decision cells,0.0,200.0,excluded from core FINAL,7.499999999999924,1,1,ok
4,core_cells_0,cells,studio_F1,31.0,core,nearest-frame centered decision cells,0.0,200.0,excluded from core FINAL,7.505668934240206,1,1,ok
4,core_cells_0,cells,phone_F1,32.0,core,nearest-frame centered decision cells,0.0,200.0,excluded from core FINAL,null,1,2,region_count_or_matching_mismatch
4,core_cells_0,cells,phone_M1,32.0,core,nearest-frame centered decision cells,0.0,200.0,excluded from core FINAL,7.499999999999924,1,1,ok
4,core_cells_0,cells,studio_F1,32.0,core,nearest-frame centered decision cells,0.0,200.0,excluded from core FINAL,7.505668934240206,1,1,ok
4,core_cells_0,cells,phone_F1,33.0,core,nearest-frame centered decision cells,0.0,200.0,excluded from core FINAL,null,1,2,region_count_or_matching_mismatch
4,core_cells_0,cells,phone_M1,33.0,core,nearest-frame centered decision cells,0.0,200.0,excluded from core FINAL,7.499999999999924,1,1,ok
4,core_cells_0,cells,studio_F1,33.0,core,nearest-frame centered decision cells,0.0,200.0,excluded from core FINAL,7.505668934240206,1,1,ok
4,core_cells_0,cells,phone_F1,34.0,core,nearest-frame centered decision cells,0.0,200.0,excluded from core FINAL,null,1,2,region_count_or_matching_mismatch
4,core_cells_0,cells,phone_M1,34.0,core,nearest-frame centered decision cells,0.0,200.0,excluded from core FINAL,7.499999999999924,1,1,ok
4,core_cells_0,cells,studio_F1,34.0,core,nearest-frame centered decision cells,0.0,200.0,excluded from core FINAL,7.505668934240206,1,1,ok
4,core_cells_0,cells,phone_F1,35.0,core,nearest-frame centered decision cells,0.0,200.0,excluded from core FINAL,null,1,2,region_count_or_matching_mismatch
4,core_cells_0,cells,phone_M1,35.0,core,nearest-frame centered decision cells,0.0,200.0,excluded from core FINAL,7.499999999999924,1,1,ok
4,core_cells_0,cells,studio_F1,35.0,core,nearest-frame centered decision cells,0.0,200.0,excluded from core FINAL,7.505668934240206,1,1,ok
4,core_cells_0,cells,phone_F1,36.0,core,nearest-frame centered decision cells,0.0,200.0,excluded from core FINAL,null,1,2,region_count_or_matching_mismatch
4,core_cells_0,cells,phone_M1,36.0,core,nearest-frame centered decision cells,0.0,200.0,excluded from core FINAL,7.499999999999924,1,1,ok
4,core_cells_0,cells,studio_F1,36.0,core,nearest-frame centered decision cells,0.0,200.0,excluded from core FINAL,7.505668934240206,1,1,ok
4,core_cells_0,cells,phone_F1,37.0,core,nearest-frame centered decision cells,0.0,200.0,excluded from core FINAL,null,1,2,region_count_or_matching_mismatch
4,core_cells_0,cells,phone_M1,37.0,core,nearest-frame centered decision cells,0.0,200.0,excluded from core FINAL,7.499999999999924,1,1,ok
4,core_cells_0,cells,studio_F1,37.0,core,nearest-frame centered decision cells,0.0,200.0,excluded from core FINAL,2.5056689342403127,1,1,ok
4,core_cells_0,cells,phone_F1,38.0,core,nearest-frame centered decision cells,0.0,200.0,excluded from core FINAL,null,1,2,region_count_or_matching_mismatch
4,core_cells_0,cells,phone_M1,38.0,core,nearest-frame centered decision cells,0.0,200.0,excluded from core FINAL,7.499999999999924,1,1,ok
4,core_cells_0,cells,studio_F1,38.0,core,nearest-frame centered decision cells,0.0,200.0,excluded from core FINAL,2.5056689342403127,1,1,ok
4,core_cells_0,cells,phone_F1,39.0,core,nearest-frame centered decision cells,0.0,200.0,excluded from core FINAL,null,1,2,region_count_or_matching_mismatch
4,core_cells_0,cells,phone_M1,39.0,core,nearest-frame centered decision cells,0.0,200.0,excluded from core FINAL,7.499999999999924,1,1,ok
4,core_cells_0,cells,studio_F1,39.0,core,nearest-frame centered decision cells,0.0,200.0,excluded from core FINAL,2.5056689342403127,1,1,ok
4,core_cells_0,cells,phone_F1,40.0,core,nearest-frame centered decision cells,0.0,200.0,excluded from core FINAL,null,1,2,region_count_or_matching_mismatch
4,core_cells_0,cells,phone_M1,40.0,core,nearest-frame centered decision cells,0.0,200.0,excluded from core FINAL,7.499999999999924,1,1,ok
4,core_cells_0,cells,studio_F1,40.0,core,nearest-frame centered decision cells,0.0,200.0,excluded from core FINAL,2.5056689342403127,1,1,ok
4,core_cells_0,cells,phone_F1,41.0,core,nearest-frame centered decision cells,0.0,200.0,excluded from core FINAL,null,1,2,region_count_or_matching_mismatch
4,core_cells_0,cells,phone_M1,41.0,core,nearest-frame centered decision cells,0.0,200.0,excluded from core FINAL,7.499999999999924,1,1,ok
4,core_cells_0,cells,studio_F1,41.0,core,nearest-frame centered decision cells,0.0,200.0,excluded from core FINAL,2.5056689342403127,1,1,ok
4,core_cells_0,cells,phone_F1,42.0,core,nearest-frame centered decision cells,0.0,200.0,excluded from core FINAL,null,1,2,region_count_or_matching_mismatch
4,core_cells_0,cells,phone_M1,42.0,core,nearest-frame centered decision cells,0.0,200.0,excluded from core FINAL,7.499999999999924,1,1,ok
4,core_cells_0,cells,studio_F1,42.0,core,nearest-frame centered decision cells,0.0,200.0,excluded from core FINAL,2.5056689342403127,1,1,ok
4,core_cells_0,cells,phone_F1,43.0,core,nearest-frame centered decision cells,0.0,200.0,excluded from core FINAL,null,1,2,region_count_or_matching_mismatch
4,core_cells_0,cells,phone_M1,43.0,core,nearest-frame centered decision cells,0.0,200.0,excluded from core FINAL,7.499999999999924,1,1,ok
4,core_cells_0,cells,studio_F1,43.0,core,nearest-frame centered decision cells,0.0,200.0,excluded from core FINAL,2.5056689342403127,1,1,ok
4,core_cells_0,cells,phone_F1,44.0,core,nearest-frame centered decision cells,0.0,200.0,excluded from core FINAL,null,1,2,region_count_or_matching_mismatch
4,core_cells_0,cells,phone_M1,44.0,core,nearest-frame centered decision cells,0.0,200.0,excluded from core FINAL,7.499999999999924,1,1,ok
4,core_cells_0,cells,studio_F1,44.0,core,nearest-frame centered decision cells,0.0,200.0,excluded from core FINAL,2.5056689342403127,1,1,ok
4,core_cells_0,cells,phone_F1,45.0,core,nearest-frame centered decision cells,0.0,200.0,excluded from core FINAL,null,1,2,region_count_or_matching_mismatch
4,core_cells_0,cells,phone_M1,45.0,core,nearest-frame centered decision cells,0.0,200.0,excluded from core FINAL,7.499999999999924,1,1,ok
4,core_cells_0,cells,studio_F1,45.0,core,nearest-frame centered decision cells,0.0,200.0,excluded from core FINAL,2.5056689342403127,1,1,ok
4,core_cells_0,cells,phone_F1,46.0,core,nearest-frame centered decision cells,0.0,200.0,excluded from core FINAL,null,1,2,region_count_or_matching_mismatch
4,core_cells_0,cells,phone_M1,46.0,core,nearest-frame centered decision cells,0.0,200.0,excluded from core FINAL,7.499999999999924,1,1,ok
4,core_cells_0,cells,studio_F1,46.0,core,nearest-frame centered decision cells,0.0,200.0,excluded from core FINAL,2.5056689342403127,1,1,ok
4,core_cells_0,cells,phone_F1,47.0,core,nearest-frame centered decision cells,0.0,200.0,excluded from core FINAL,null,1,2,region_count_or_matching_mismatch
4,core_cells_0,cells,phone_M1,47.0,core,nearest-frame centered decision cells,0.0,200.0,excluded from core FINAL,7.499999999999924,1,1,ok
4,core_cells_0,cells,studio_F1,47.0,core,nearest-frame centered decision cells,0.0,200.0,excluded from core FINAL,2.5056689342403127,1,1,ok
4,core_cells_0,cells,phone_F1,48.0,core,nearest-frame centered decision cells,0.0,200.0,excluded from core FINAL,null,1,2,region_count_or_matching_mismatch
4,core_cells_0,cells,phone_M1,48.0,core,nearest-frame centered decision cells,0.0,200.0,excluded from core FINAL,7.499999999999924,1,1,ok
4,core_cells_0,cells,studio_F1,48.0,core,nearest-frame centered decision cells,0.0,200.0,excluded from core FINAL,2.5056689342403127,1,1,ok
4,core_cells_0,cells,phone_F1,49.0,core,nearest-frame centered decision cells,0.0,200.0,excluded from core FINAL,null,1,2,region_count_or_matching_mismatch
4,core_cells_0,cells,phone_M1,49.0,core,nearest-frame centered decision cells,0.0,200.0,excluded from core FINAL,7.499999999999924,1,1,ok
4,core_cells_0,cells,studio_F1,49.0,core,nearest-frame centered decision cells,0.0,200.0,excluded from core FINAL,2.5056689342403127,1,1,ok
4,core_cells_0,cells,phone_F1,50.0,core,nearest-frame centered decision cells,0.0,200.0,excluded from core FINAL,null,1,2,region_count_or_matching_mismatch
4,core_cells_0,cells,phone_M1,50.0,core,nearest-frame centered decision cells,0.0,200.0,excluded from core FINAL,7.499999999999924,1,1,ok
4,core_cells_0,cells,studio_F1,50.0,core,nearest-frame centered decision cells,0.0,200.0,excluded from core FINAL,2.5056689342403127,1,1,ok
4,core_support_100,support,phone_F1,1.0,core,union of active frame supports,100.0,200.0,excluded from core FINAL,null,1,2,region_count_or_matching_mismatch
4,core_support_100,support,phone_M1,1.0,core,union of active frame supports,100.0,200.0,excluded from core FINAL,null,1,2,region_count_or_matching_mismatch
4,core_support_100,support,studio_F1,1.0,core,union of active frame supports,100.0,200.0,excluded from core FINAL,17.505668934240216,1,1,ok
4,core_support_100,support,phone_F1,2.0,core,union of active frame supports,100.0,200.0,excluded from core FINAL,null,1,2,region_count_or_matching_mismatch
4,core_support_100,support,phone_M1,2.0,core,union of active frame supports,100.0,200.0,excluded from core FINAL,null,1,2,region_count_or_matching_mismatch
4,core_support_100,support,studio_F1,2.0,core,union of active frame supports,100.0,200.0,excluded from core FINAL,12.505668934240322,1,1,ok
4,core_support_100,support,phone_F1,3.0,core,union of active frame supports,100.0,200.0,excluded from core FINAL,null,1,2,region_count_or_matching_mismatch
4,core_support_100,support,phone_M1,3.0,core,union of active frame supports,100.0,200.0,excluded from core FINAL,7.499999999999924,1,1,ok
4,core_support_100,support,studio_F1,3.0,core,union of active frame supports,100.0,200.0,excluded from core FINAL,12.505668934240322,1,1,ok
4,core_support_100,support,phone_F1,4.0,core,union of active frame supports,100.0,200.0,excluded from core FINAL,null,1,2,region_count_or_matching_mismatch
4,core_support_100,support,phone_M1,4.0,core,union of active frame supports,100.0,200.0,excluded from core FINAL,7.499999999999924,1,1,ok
4,core_support_100,support,studio_F1,4.0,core,union of active frame supports,100.0,200.0,excluded from core FINAL,12.505668934240322,1,1,ok
4,core_support_100,support,phone_F1,5.0,core,union of active frame supports,100.0,200.0,excluded from core FINAL,null,1,2,region_count_or_matching_mismatch
4,core_support_100,support,phone_M1,5.0,core,union of active frame supports,100.0,200.0,excluded from core FINAL,7.499999999999924,1,1,ok
4,core_support_100,support,studio_F1,5.0,core,union of active frame supports,100.0,200.0,excluded from core FINAL,12.505668934240322,1,1,ok
4,core_support_100,support,phone_F1,6.0,core,union of active frame supports,100.0,200.0,excluded from core FINAL,null,1,2,region_count_or_matching_mismatch
4,core_support_100,support,phone_M1,6.0,core,union of active frame supports,100.0,200.0,excluded from core FINAL,2.4999999999999467,1,1,ok
4,core_support_100,support,studio_F1,6.0,core,union of active frame supports,100.0,200.0,excluded from core FINAL,12.505668934240322,1,1,ok
4,core_support_100,support,phone_F1,7.0,core,union of active frame supports,100.0,200.0,excluded from core FINAL,null,1,2,region_count_or_matching_mismatch
4,core_support_100,support,phone_M1,7.0,core,union of active frame supports,100.0,200.0,excluded from core FINAL,2.4999999999999467,1,1,ok
4,core_support_100,support,studio_F1,7.0,core,union of active frame supports,100.0,200.0,excluded from core FINAL,7.505668934240428,1,1,ok
4,core_support_100,support,phone_F1,8.0,core,union of active frame supports,100.0,200.0,excluded from core FINAL,null,1,2,region_count_or_matching_mismatch
4,core_support_100,support,phone_M1,8.0,core,union of active frame supports,100.0,200.0,excluded from core FINAL,2.4999999999999467,1,1,ok
4,core_support_100,support,studio_F1,8.0,core,union of active frame supports,100.0,200.0,excluded from core FINAL,7.505668934240428,1,1,ok
4,core_support_100,support,phone_F1,9.0,core,union of active frame supports,100.0,200.0,excluded from core FINAL,null,1,2,region_count_or_matching_mismatch
4,core_support_100,support,phone_M1,9.0,core,union of active frame supports,100.0,200.0,excluded from core FINAL,2.4999999999999467,1,1,ok
4,core_support_100,support,studio_F1,9.0,core,union of active frame supports,100.0,200.0,excluded from core FINAL,7.505668934240428,1,1,ok
4,core_support_100,support,phone_F1,10.0,core,union of active frame supports,100.0,200.0,excluded from core FINAL,null,1,2,region_count_or_matching_mismatch
4,core_support_100,support,phone_M1,10.0,core,union of active frame supports,100.0,200.0,excluded from core FINAL,2.4999999999999467,1,1,ok
4,core_support_100,support,studio_F1,10.0,core,union of active frame supports,100.0,200.0,excluded from core FINAL,7.505668934240428,1,1,ok
4,core_support_100,support,phone_F1,11.0,core,union of active frame supports,100.0,200.0,excluded from core FINAL,null,1,2,region_count_or_matching_mismatch
4,core_support_100,support,phone_M1,11.0,core,union of active frame supports,100.0,200.0,excluded from core FINAL,2.4999999999999467,1,1,ok
4,core_support_100,support,studio_F1,11.0,core,union of active frame supports,100.0,200.0,excluded from core FINAL,7.505668934240428,1,1,ok
4,core_support_100,support,phone_F1,12.0,core,union of active frame supports,100.0,200.0,excluded from core FINAL,null,1,2,region_count_or_matching_mismatch
4,core_support_100,support,phone_M1,12.0,core,union of active frame supports,100.0,200.0,excluded from core FINAL,2.4999999999999467,1,1,ok
4,core_support_100,support,studio_F1,12.0,core,union of active frame supports,100.0,200.0,excluded from core FINAL,7.505668934240428,1,1,ok
4,core_support_100,support,phone_F1,13.0,core,union of active frame supports,100.0,200.0,excluded from core FINAL,null,1,2,region_count_or_matching_mismatch
4,core_support_100,support,phone_M1,13.0,core,union of active frame supports,100.0,200.0,excluded from core FINAL,2.4999999999999467,1,1,ok
4,core_support_100,support,studio_F1,13.0,core,union of active frame supports,100.0,200.0,excluded from core FINAL,7.505668934240428,1,1,ok
4,core_support_100,support,phone_F1,14.0,core,union of active frame supports,100.0,200.0,excluded from core FINAL,null,1,2,region_count_or_matching_mismatch
4,core_support_100,support,phone_M1,14.0,core,union of active frame supports,100.0,200.0,excluded from core FINAL,2.4999999999999467,1,1,ok
4,core_support_100,support,studio_F1,14.0,core,union of active frame supports,100.0,200.0,excluded from core FINAL,7.505668934240428,1,1,ok
4,core_support_100,support,phone_F1,15.0,core,union of active frame supports,100.0,200.0,excluded from core FINAL,null,1,2,region_count_or_matching_mismatch
4,core_support_100,support,phone_M1,15.0,core,union of active frame supports,100.0,200.0,excluded from core FINAL,2.4999999999999467,1,1,ok
4,core_support_100,support,studio_F1,15.0,core,union of active frame supports,100.0,200.0,excluded from core FINAL,7.505668934240428,1,1,ok
4,core_support_100,support,phone_F1,16.0,core,union of active frame supports,100.0,200.0,excluded from core FINAL,null,1,2,region_count_or_matching_mismatch
4,core_support_100,support,phone_M1,16.0,core,union of active frame supports,100.0,200.0,excluded from core FINAL,2.4999999999999467,1,1,ok
4,core_support_100,support,studio_F1,16.0,core,union of active frame supports,100.0,200.0,excluded from core FINAL,7.505668934240428,1,1,ok
4,core_support_100,support,phone_F1,17.0,core,union of active frame supports,100.0,200.0,excluded from core FINAL,null,1,2,region_count_or_matching_mismatch
4,core_support_100,support,phone_M1,17.0,core,union of active frame supports,100.0,200.0,excluded from core FINAL,2.4999999999999467,1,1,ok
4,core_support_100,support,studio_F1,17.0,core,union of active frame supports,100.0,200.0,excluded from core FINAL,7.505668934240428,1,1,ok
4,core_support_100,support,phone_F1,18.0,core,union of active frame supports,100.0,200.0,excluded from core FINAL,null,1,2,region_count_or_matching_mismatch
4,core_support_100,support,phone_M1,18.0,core,union of active frame supports,100.0,200.0,excluded from core FINAL,2.4999999999999467,1,1,ok
4,core_support_100,support,studio_F1,18.0,core,union of active frame supports,100.0,200.0,excluded from core FINAL,7.505668934240428,1,1,ok
4,core_support_100,support,phone_F1,19.0,core,union of active frame supports,100.0,200.0,excluded from core FINAL,null,1,2,region_count_or_matching_mismatch
4,core_support_100,support,phone_M1,19.0,core,union of active frame supports,100.0,200.0,excluded from core FINAL,2.4999999999999467,1,1,ok
4,core_support_100,support,studio_F1,19.0,core,union of active frame supports,100.0,200.0,excluded from core FINAL,7.505668934240428,1,1,ok
4,core_support_100,support,phone_F1,20.0,core,union of active frame supports,100.0,200.0,excluded from core FINAL,null,1,2,region_count_or_matching_mismatch
4,core_support_100,support,phone_M1,20.0,core,union of active frame supports,100.0,200.0,excluded from core FINAL,2.4999999999999467,1,1,ok
4,core_support_100,support,studio_F1,20.0,core,union of active frame supports,100.0,200.0,excluded from core FINAL,7.505668934240428,1,1,ok
4,core_support_100,support,phone_F1,21.0,core,union of active frame supports,100.0,200.0,excluded from core FINAL,null,1,2,region_count_or_matching_mismatch
4,core_support_100,support,phone_M1,21.0,core,union of active frame supports,100.0,200.0,excluded from core FINAL,2.4999999999999467,1,1,ok
4,core_support_100,support,studio_F1,21.0,core,union of active frame supports,100.0,200.0,excluded from core FINAL,7.505668934240428,1,1,ok
4,core_support_100,support,phone_F1,22.0,core,union of active frame supports,100.0,200.0,excluded from core FINAL,null,1,2,region_count_or_matching_mismatch
4,core_support_100,support,phone_M1,22.0,core,union of active frame supports,100.0,200.0,excluded from core FINAL,2.4999999999999467,1,1,ok
4,core_support_100,support,studio_F1,22.0,core,union of active frame supports,100.0,200.0,excluded from core FINAL,7.505668934240428,1,1,ok
4,core_support_100,support,phone_F1,23.0,core,union of active frame supports,100.0,200.0,excluded from core FINAL,null,1,2,region_count_or_matching_mismatch
4,core_support_100,support,phone_M1,23.0,core,union of active frame supports,100.0,200.0,excluded from core FINAL,2.4999999999999467,1,1,ok
4,core_support_100,support,studio_F1,23.0,core,union of active frame supports,100.0,200.0,excluded from core FINAL,7.505668934240428,1,1,ok
4,core_support_100,support,phone_F1,24.0,core,union of active frame supports,100.0,200.0,excluded from core FINAL,null,1,2,region_count_or_matching_mismatch
4,core_support_100,support,phone_M1,24.0,core,union of active frame supports,100.0,200.0,excluded from core FINAL,2.4999999999999467,1,1,ok
4,core_support_100,support,studio_F1,24.0,core,union of active frame supports,100.0,200.0,excluded from core FINAL,7.505668934240428,1,1,ok
4,core_support_100,support,phone_F1,25.0,core,union of active frame supports,100.0,200.0,excluded from core FINAL,null,1,2,region_count_or_matching_mismatch
4,core_support_100,support,phone_M1,25.0,core,union of active frame supports,100.0,200.0,excluded from core FINAL,2.4999999999999467,1,1,ok
4,core_support_100,support,studio_F1,25.0,core,union of active frame supports,100.0,200.0,excluded from core FINAL,7.505668934240428,1,1,ok
4,core_support_100,support,phone_F1,26.0,core,union of active frame supports,100.0,200.0,excluded from core FINAL,null,1,2,region_count_or_matching_mismatch
4,core_support_100,support,phone_M1,26.0,core,union of active frame supports,100.0,200.0,excluded from core FINAL,2.4999999999999467,1,1,ok
4,core_support_100,support,studio_F1,26.0,core,union of active frame supports,100.0,200.0,excluded from core FINAL,7.505668934240428,1,1,ok
4,core_support_100,support,phone_F1,27.0,core,union of active frame supports,100.0,200.0,excluded from core FINAL,null,1,2,region_count_or_matching_mismatch
4,core_support_100,support,phone_M1,27.0,core,union of active frame supports,100.0,200.0,excluded from core FINAL,2.4999999999999467,1,1,ok
4,core_support_100,support,studio_F1,27.0,core,union of active frame supports,100.0,200.0,excluded from core FINAL,7.505668934240428,1,1,ok
4,core_support_100,support,phone_F1,28.0,core,union of active frame supports,100.0,200.0,excluded from core FINAL,null,1,2,region_count_or_matching_mismatch
4,core_support_100,support,phone_M1,28.0,core,union of active frame supports,100.0,200.0,excluded from core FINAL,2.4999999999999467,1,1,ok
4,core_support_100,support,studio_F1,28.0,core,union of active frame supports,100.0,200.0,excluded from core FINAL,7.505668934240428,1,1,ok
4,core_support_100,support,phone_F1,29.0,core,union of active frame supports,100.0,200.0,excluded from core FINAL,null,1,2,region_count_or_matching_mismatch
4,core_support_100,support,phone_M1,29.0,core,union of active frame supports,100.0,200.0,excluded from core FINAL,7.500000000000062,1,1,ok
4,core_support_100,support,studio_F1,29.0,core,union of active frame supports,100.0,200.0,excluded from core FINAL,7.505668934240428,1,1,ok
4,core_support_100,support,phone_F1,30.0,core,union of active frame supports,100.0,200.0,excluded from core FINAL,null,1,2,region_count_or_matching_mismatch
4,core_support_100,support,phone_M1,30.0,core,union of active frame supports,100.0,200.0,excluded from core FINAL,7.500000000000062,1,1,ok
4,core_support_100,support,studio_F1,30.0,core,union of active frame supports,100.0,200.0,excluded from core FINAL,7.505668934240428,1,1,ok
4,core_support_100,support,phone_F1,31.0,core,union of active frame supports,100.0,200.0,excluded from core FINAL,null,1,2,region_count_or_matching_mismatch
4,core_support_100,support,phone_M1,31.0,core,union of active frame supports,100.0,200.0,excluded from core FINAL,7.500000000000062,1,1,ok
4,core_support_100,support,studio_F1,31.0,core,union of active frame supports,100.0,200.0,excluded from core FINAL,7.505668934240428,1,1,ok
4,core_support_100,support,phone_F1,32.0,core,union of active frame supports,100.0,200.0,excluded from core FINAL,null,1,2,region_count_or_matching_mismatch
4,core_support_100,support,phone_M1,32.0,core,union of active frame supports,100.0,200.0,excluded from core FINAL,7.500000000000062,1,1,ok
4,core_support_100,support,studio_F1,32.0,core,union of active frame supports,100.0,200.0,excluded from core FINAL,7.505668934240428,1,1,ok
4,core_support_100,support,phone_F1,33.0,core,union of active frame supports,100.0,200.0,excluded from core FINAL,null,1,2,region_count_or_matching_mismatch
4,core_support_100,support,phone_M1,33.0,core,union of active frame supports,100.0,200.0,excluded from core FINAL,7.500000000000062,1,1,ok
4,core_support_100,support,studio_F1,33.0,core,union of active frame supports,100.0,200.0,excluded from core FINAL,7.505668934240428,1,1,ok
4,core_support_100,support,phone_F1,34.0,core,union of active frame supports,100.0,200.0,excluded from core FINAL,null,1,2,region_count_or_matching_mismatch
4,core_support_100,support,phone_M1,34.0,core,union of active frame supports,100.0,200.0,excluded from core FINAL,7.500000000000062,1,1,ok
4,core_support_100,support,studio_F1,34.0,core,union of active frame supports,100.0,200.0,excluded from core FINAL,7.505668934240428,1,1,ok
4,core_support_100,support,phone_F1,35.0,core,union of active frame supports,100.0,200.0,excluded from core FINAL,null,1,2,region_count_or_matching_mismatch
4,core_support_100,support,phone_M1,35.0,core,union of active frame supports,100.0,200.0,excluded from core FINAL,7.500000000000062,1,1,ok
4,core_support_100,support,studio_F1,35.0,core,union of active frame supports,100.0,200.0,excluded from core FINAL,7.505668934240428,1,1,ok
4,core_support_100,support,phone_F1,36.0,core,union of active frame supports,100.0,200.0,excluded from core FINAL,null,1,2,region_count_or_matching_mismatch
4,core_support_100,support,phone_M1,36.0,core,union of active frame supports,100.0,200.0,excluded from core FINAL,7.500000000000062,1,1,ok
4,core_support_100,support,studio_F1,36.0,core,union of active frame supports,100.0,200.0,excluded from core FINAL,7.505668934240428,1,1,ok
4,core_support_100,support,phone_F1,37.0,core,union of active frame supports,100.0,200.0,excluded from core FINAL,null,1,2,region_count_or_matching_mismatch
4,core_support_100,support,phone_M1,37.0,core,union of active frame supports,100.0,200.0,excluded from core FINAL,7.500000000000062,1,1,ok
4,core_support_100,support,studio_F1,37.0,core,union of active frame supports,100.0,200.0,excluded from core FINAL,7.494331065759696,1,1,ok
4,core_support_100,support,phone_F1,38.0,core,union of active frame supports,100.0,200.0,excluded from core FINAL,null,1,2,region_count_or_matching_mismatch
4,core_support_100,support,phone_M1,38.0,core,union of active frame supports,100.0,200.0,excluded from core FINAL,7.500000000000062,1,1,ok
4,core_support_100,support,studio_F1,38.0,core,union of active frame supports,100.0,200.0,excluded from core FINAL,7.494331065759696,1,1,ok
4,core_support_100,support,phone_F1,39.0,core,union of active frame supports,100.0,200.0,excluded from core FINAL,null,1,2,region_count_or_matching_mismatch
4,core_support_100,support,phone_M1,39.0,core,union of active frame supports,100.0,200.0,excluded from core FINAL,7.500000000000062,1,1,ok
4,core_support_100,support,studio_F1,39.0,core,union of active frame supports,100.0,200.0,excluded from core FINAL,7.494331065759696,1,1,ok
4,core_support_100,support,phone_F1,40.0,core,union of active frame supports,100.0,200.0,excluded from core FINAL,null,1,2,region_count_or_matching_mismatch
4,core_support_100,support,phone_M1,40.0,core,union of active frame supports,100.0,200.0,excluded from core FINAL,7.500000000000062,1,1,ok
4,core_support_100,support,studio_F1,40.0,core,union of active frame supports,100.0,200.0,excluded from core FINAL,7.494331065759696,1,1,ok
4,core_support_100,support,phone_F1,41.0,core,union of active frame supports,100.0,200.0,excluded from core FINAL,null,1,2,region_count_or_matching_mismatch
4,core_support_100,support,phone_M1,41.0,core,union of active frame supports,100.0,200.0,excluded from core FINAL,7.500000000000062,1,1,ok
4,core_support_100,support,studio_F1,41.0,core,union of active frame supports,100.0,200.0,excluded from core FINAL,7.494331065759696,1,1,ok
4,core_support_100,support,phone_F1,42.0,core,union of active frame supports,100.0,200.0,excluded from core FINAL,null,1,2,region_count_or_matching_mismatch
4,core_support_100,support,phone_M1,42.0,core,union of active frame supports,100.0,200.0,excluded from core FINAL,7.500000000000062,1,1,ok
4,core_support_100,support,studio_F1,42.0,core,union of active frame supports,100.0,200.0,excluded from core FINAL,7.494331065759696,1,1,ok
4,core_support_100,support,phone_F1,43.0,core,union of active frame supports,100.0,200.0,excluded from core FINAL,null,1,2,region_count_or_matching_mismatch
4,core_support_100,support,phone_M1,43.0,core,union of active frame supports,100.0,200.0,excluded from core FINAL,7.500000000000062,1,1,ok
4,core_support_100,support,studio_F1,43.0,core,union of active frame supports,100.0,200.0,excluded from core FINAL,7.494331065759696,1,1,ok
4,core_support_100,support,phone_F1,44.0,core,union of active frame supports,100.0,200.0,excluded from core FINAL,null,1,2,region_count_or_matching_mismatch
4,core_support_100,support,phone_M1,44.0,core,union of active frame supports,100.0,200.0,excluded from core FINAL,7.500000000000062,1,1,ok
4,core_support_100,support,studio_F1,44.0,core,union of active frame supports,100.0,200.0,excluded from core FINAL,7.494331065759696,1,1,ok
4,core_support_100,support,phone_F1,45.0,core,union of active frame supports,100.0,200.0,excluded from core FINAL,null,1,2,region_count_or_matching_mismatch
4,core_support_100,support,phone_M1,45.0,core,union of active frame supports,100.0,200.0,excluded from core FINAL,7.500000000000062,1,1,ok
4,core_support_100,support,studio_F1,45.0,core,union of active frame supports,100.0,200.0,excluded from core FINAL,7.494331065759696,1,1,ok
4,core_support_100,support,phone_F1,46.0,core,union of active frame supports,100.0,200.0,excluded from core FINAL,null,1,2,region_count_or_matching_mismatch
4,core_support_100,support,phone_M1,46.0,core,union of active frame supports,100.0,200.0,excluded from core FINAL,7.500000000000062,1,1,ok
4,core_support_100,support,studio_F1,46.0,core,union of active frame supports,100.0,200.0,excluded from core FINAL,7.494331065759696,1,1,ok
4,core_support_100,support,phone_F1,47.0,core,union of active frame supports,100.0,200.0,excluded from core FINAL,null,1,2,region_count_or_matching_mismatch
4,core_support_100,support,phone_M1,47.0,core,union of active frame supports,100.0,200.0,excluded from core FINAL,7.500000000000062,1,1,ok
4,core_support_100,support,studio_F1,47.0,core,union of active frame supports,100.0,200.0,excluded from core FINAL,7.494331065759696,1,1,ok
4,core_support_100,support,phone_F1,48.0,core,union of active frame supports,100.0,200.0,excluded from core FINAL,null,1,2,region_count_or_matching_mismatch
4,core_support_100,support,phone_M1,48.0,core,union of active frame supports,100.0,200.0,excluded from core FINAL,7.500000000000062,1,1,ok
4,core_support_100,support,studio_F1,48.0,core,union of active frame supports,100.0,200.0,excluded from core FINAL,7.494331065759696,1,1,ok
4,core_support_100,support,phone_F1,49.0,core,union of active frame supports,100.0,200.0,excluded from core FINAL,null,1,2,region_count_or_matching_mismatch
4,core_support_100,support,phone_M1,49.0,core,union of active frame supports,100.0,200.0,excluded from core FINAL,7.500000000000062,1,1,ok
4,core_support_100,support,studio_F1,49.0,core,union of active frame supports,100.0,200.0,excluded from core FINAL,7.494331065759696,1,1,ok
4,core_support_100,support,phone_F1,50.0,core,union of active frame supports,100.0,200.0,excluded from core FINAL,null,1,2,region_count_or_matching_mismatch
4,core_support_100,support,phone_M1,50.0,core,union of active frame supports,100.0,200.0,excluded from core FINAL,7.500000000000062,1,1,ok
4,core_support_100,support,studio_F1,50.0,core,union of active frame supports,100.0,200.0,excluded from core FINAL,7.494331065759696,1,1,ok
4,enhanced_support_100,support,phone_F1,1.0,enhanced,union of active frame supports,100.0,200.0,candidate diagnostics only,2.4999999999999467,1,1,ok
4,enhanced_support_100,support,phone_M1,1.0,enhanced,union of active frame supports,100.0,200.0,candidate diagnostics only,7.500000000000062,1,1,ok
4,enhanced_support_100,support,studio_F1,1.0,enhanced,union of active frame supports,100.0,200.0,candidate diagnostics only,17.494331065759596,1,1,ok
4,enhanced_support_100,support,phone_F1,2.0,enhanced,union of active frame supports,100.0,200.0,candidate diagnostics only,2.4999999999999467,1,1,ok
4,enhanced_support_100,support,phone_M1,2.0,enhanced,union of active frame supports,100.0,200.0,candidate diagnostics only,7.500000000000062,1,1,ok
4,enhanced_support_100,support,studio_F1,2.0,enhanced,union of active frame supports,100.0,200.0,candidate diagnostics only,17.494331065759596,1,1,ok
4,enhanced_support_100,support,phone_F1,3.0,enhanced,union of active frame supports,100.0,200.0,candidate diagnostics only,2.4999999999999467,1,1,ok
4,enhanced_support_100,support,phone_M1,3.0,enhanced,union of active frame supports,100.0,200.0,candidate diagnostics only,7.500000000000062,1,1,ok
4,enhanced_support_100,support,studio_F1,3.0,enhanced,union of active frame supports,100.0,200.0,candidate diagnostics only,17.494331065759596,1,1,ok
4,enhanced_support_100,support,phone_F1,4.0,enhanced,union of active frame supports,100.0,200.0,candidate diagnostics only,2.4999999999999467,1,1,ok
4,enhanced_support_100,support,phone_M1,4.0,enhanced,union of active frame supports,100.0,200.0,candidate diagnostics only,7.500000000000062,1,1,ok
4,enhanced_support_100,support,studio_F1,4.0,enhanced,union of active frame supports,100.0,200.0,candidate diagnostics only,17.494331065759596,1,1,ok
4,enhanced_support_100,support,phone_F1,5.0,enhanced,union of active frame supports,100.0,200.0,candidate diagnostics only,2.4999999999999467,1,1,ok
4,enhanced_support_100,support,phone_M1,5.0,enhanced,union of active frame supports,100.0,200.0,candidate diagnostics only,7.500000000000062,1,1,ok
4,enhanced_support_100,support,studio_F1,5.0,enhanced,union of active frame supports,100.0,200.0,candidate diagnostics only,17.494331065759596,1,1,ok
4,enhanced_support_100,support,phone_F1,6.0,enhanced,union of active frame supports,100.0,200.0,candidate diagnostics only,2.4999999999999467,1,1,ok
4,enhanced_support_100,support,phone_M1,6.0,enhanced,union of active frame supports,100.0,200.0,candidate diagnostics only,7.500000000000062,1,1,ok
4,enhanced_support_100,support,studio_F1,6.0,enhanced,union of active frame supports,100.0,200.0,candidate diagnostics only,17.494331065759596,1,1,ok
4,enhanced_support_100,support,phone_F1,7.0,enhanced,union of active frame supports,100.0,200.0,candidate diagnostics only,2.4999999999999467,1,1,ok
4,enhanced_support_100,support,phone_M1,7.0,enhanced,union of active frame supports,100.0,200.0,candidate diagnostics only,7.500000000000062,1,1,ok
4,enhanced_support_100,support,studio_F1,7.0,enhanced,union of active frame supports,100.0,200.0,candidate diagnostics only,17.494331065759596,1,1,ok
4,enhanced_support_100,support,phone_F1,8.0,enhanced,union of active frame supports,100.0,200.0,candidate diagnostics only,2.4999999999999467,1,1,ok
4,enhanced_support_100,support,phone_M1,8.0,enhanced,union of active frame supports,100.0,200.0,candidate diagnostics only,7.500000000000062,1,1,ok
4,enhanced_support_100,support,studio_F1,8.0,enhanced,union of active frame supports,100.0,200.0,candidate diagnostics only,17.494331065759596,1,1,ok
4,enhanced_support_100,support,phone_F1,9.0,enhanced,union of active frame supports,100.0,200.0,candidate diagnostics only,2.4999999999999467,1,1,ok
4,enhanced_support_100,support,phone_M1,9.0,enhanced,union of active frame supports,100.0,200.0,candidate diagnostics only,7.500000000000062,1,1,ok
4,enhanced_support_100,support,studio_F1,9.0,enhanced,union of active frame supports,100.0,200.0,candidate diagnostics only,17.494331065759596,1,1,ok
4,enhanced_support_100,support,phone_F1,10.0,enhanced,union of active frame supports,100.0,200.0,candidate diagnostics only,2.4999999999999467,1,1,ok
4,enhanced_support_100,support,phone_M1,10.0,enhanced,union of active frame supports,100.0,200.0,candidate diagnostics only,7.500000000000062,1,1,ok
4,enhanced_support_100,support,studio_F1,10.0,enhanced,union of active frame supports,100.0,200.0,candidate diagnostics only,17.494331065759596,1,1,ok
4,enhanced_support_100,support,phone_F1,11.0,enhanced,union of active frame supports,100.0,200.0,candidate diagnostics only,2.4999999999999467,1,1,ok
4,enhanced_support_100,support,phone_M1,11.0,enhanced,union of active frame supports,100.0,200.0,candidate diagnostics only,7.500000000000062,1,1,ok
4,enhanced_support_100,support,studio_F1,11.0,enhanced,union of active frame supports,100.0,200.0,candidate diagnostics only,17.494331065759596,1,1,ok
4,enhanced_support_100,support,phone_F1,12.0,enhanced,union of active frame supports,100.0,200.0,candidate diagnostics only,2.4999999999999467,1,1,ok
4,enhanced_support_100,support,phone_M1,12.0,enhanced,union of active frame supports,100.0,200.0,candidate diagnostics only,7.500000000000062,1,1,ok
4,enhanced_support_100,support,studio_F1,12.0,enhanced,union of active frame supports,100.0,200.0,candidate diagnostics only,17.494331065759596,1,1,ok
4,enhanced_support_100,support,phone_F1,13.0,enhanced,union of active frame supports,100.0,200.0,candidate diagnostics only,2.4999999999999467,1,1,ok
4,enhanced_support_100,support,phone_M1,13.0,enhanced,union of active frame supports,100.0,200.0,candidate diagnostics only,7.500000000000062,1,1,ok
4,enhanced_support_100,support,studio_F1,13.0,enhanced,union of active frame supports,100.0,200.0,candidate diagnostics only,17.494331065759596,1,1,ok
4,enhanced_support_100,support,phone_F1,14.0,enhanced,union of active frame supports,100.0,200.0,candidate diagnostics only,2.4999999999999467,1,1,ok
4,enhanced_support_100,support,phone_M1,14.0,enhanced,union of active frame supports,100.0,200.0,candidate diagnostics only,7.500000000000062,1,1,ok
4,enhanced_support_100,support,studio_F1,14.0,enhanced,union of active frame supports,100.0,200.0,candidate diagnostics only,17.494331065759596,1,1,ok
4,enhanced_support_100,support,phone_F1,15.0,enhanced,union of active frame supports,100.0,200.0,candidate diagnostics only,2.4999999999999467,1,1,ok
4,enhanced_support_100,support,phone_M1,15.0,enhanced,union of active frame supports,100.0,200.0,candidate diagnostics only,7.500000000000062,1,1,ok
4,enhanced_support_100,support,studio_F1,15.0,enhanced,union of active frame supports,100.0,200.0,candidate diagnostics only,17.494331065759596,1,1,ok
4,enhanced_support_100,support,phone_F1,16.0,enhanced,union of active frame supports,100.0,200.0,candidate diagnostics only,2.4999999999999467,1,1,ok
4,enhanced_support_100,support,phone_M1,16.0,enhanced,union of active frame supports,100.0,200.0,candidate diagnostics only,7.500000000000062,1,1,ok
4,enhanced_support_100,support,studio_F1,16.0,enhanced,union of active frame supports,100.0,200.0,candidate diagnostics only,17.494331065759596,1,1,ok
4,enhanced_support_100,support,phone_F1,17.0,enhanced,union of active frame supports,100.0,200.0,candidate diagnostics only,2.4999999999999467,1,1,ok
4,enhanced_support_100,support,phone_M1,17.0,enhanced,union of active frame supports,100.0,200.0,candidate diagnostics only,7.500000000000062,1,1,ok
4,enhanced_support_100,support,studio_F1,17.0,enhanced,union of active frame supports,100.0,200.0,candidate diagnostics only,17.494331065759596,1,1,ok
4,enhanced_support_100,support,phone_F1,18.0,enhanced,union of active frame supports,100.0,200.0,candidate diagnostics only,2.4999999999999467,1,1,ok
4,enhanced_support_100,support,phone_M1,18.0,enhanced,union of active frame supports,100.0,200.0,candidate diagnostics only,7.500000000000062,1,1,ok
4,enhanced_support_100,support,studio_F1,18.0,enhanced,union of active frame supports,100.0,200.0,candidate diagnostics only,17.494331065759596,1,1,ok
4,enhanced_support_100,support,phone_F1,19.0,enhanced,union of active frame supports,100.0,200.0,candidate diagnostics only,2.4999999999999467,1,1,ok
4,enhanced_support_100,support,phone_M1,19.0,enhanced,union of active frame supports,100.0,200.0,candidate diagnostics only,7.500000000000062,1,1,ok
4,enhanced_support_100,support,studio_F1,19.0,enhanced,union of active frame supports,100.0,200.0,candidate diagnostics only,17.494331065759596,1,1,ok
4,enhanced_support_100,support,phone_F1,20.0,enhanced,union of active frame supports,100.0,200.0,candidate diagnostics only,2.4999999999999467,1,1,ok
4,enhanced_support_100,support,phone_M1,20.0,enhanced,union of active frame supports,100.0,200.0,candidate diagnostics only,7.500000000000062,1,1,ok
4,enhanced_support_100,support,studio_F1,20.0,enhanced,union of active frame supports,100.0,200.0,candidate diagnostics only,17.494331065759596,1,1,ok
4,enhanced_support_100,support,phone_F1,21.0,enhanced,union of active frame supports,100.0,200.0,candidate diagnostics only,2.4999999999999467,1,1,ok
4,enhanced_support_100,support,phone_M1,21.0,enhanced,union of active frame supports,100.0,200.0,candidate diagnostics only,7.500000000000062,1,1,ok
4,enhanced_support_100,support,studio_F1,21.0,enhanced,union of active frame supports,100.0,200.0,candidate diagnostics only,17.494331065759596,1,1,ok
4,enhanced_support_100,support,phone_F1,22.0,enhanced,union of active frame supports,100.0,200.0,candidate diagnostics only,2.4999999999999467,1,1,ok
4,enhanced_support_100,support,phone_M1,22.0,enhanced,union of active frame supports,100.0,200.0,candidate diagnostics only,7.500000000000062,1,1,ok
4,enhanced_support_100,support,studio_F1,22.0,enhanced,union of active frame supports,100.0,200.0,candidate diagnostics only,17.494331065759596,1,1,ok
4,enhanced_support_100,support,phone_F1,23.0,enhanced,union of active frame supports,100.0,200.0,candidate diagnostics only,2.4999999999999467,1,1,ok
4,enhanced_support_100,support,phone_M1,23.0,enhanced,union of active frame supports,100.0,200.0,candidate diagnostics only,7.500000000000062,1,1,ok
4,enhanced_support_100,support,studio_F1,23.0,enhanced,union of active frame supports,100.0,200.0,candidate diagnostics only,17.494331065759596,1,1,ok
4,enhanced_support_100,support,phone_F1,24.0,enhanced,union of active frame supports,100.0,200.0,candidate diagnostics only,2.4999999999999467,1,1,ok
4,enhanced_support_100,support,phone_M1,24.0,enhanced,union of active frame supports,100.0,200.0,candidate diagnostics only,7.500000000000062,1,1,ok
4,enhanced_support_100,support,studio_F1,24.0,enhanced,union of active frame supports,100.0,200.0,candidate diagnostics only,17.494331065759596,1,1,ok
4,enhanced_support_100,support,phone_F1,25.0,enhanced,union of active frame supports,100.0,200.0,candidate diagnostics only,2.4999999999999467,1,1,ok
4,enhanced_support_100,support,phone_M1,25.0,enhanced,union of active frame supports,100.0,200.0,candidate diagnostics only,7.500000000000062,1,1,ok
4,enhanced_support_100,support,studio_F1,25.0,enhanced,union of active frame supports,100.0,200.0,candidate diagnostics only,17.494331065759596,1,1,ok
4,enhanced_support_100,support,phone_F1,26.0,enhanced,union of active frame supports,100.0,200.0,candidate diagnostics only,2.4999999999999467,1,1,ok
4,enhanced_support_100,support,phone_M1,26.0,enhanced,union of active frame supports,100.0,200.0,candidate diagnostics only,7.500000000000062,1,1,ok
4,enhanced_support_100,support,studio_F1,26.0,enhanced,union of active frame supports,100.0,200.0,candidate diagnostics only,17.494331065759596,1,1,ok
4,enhanced_support_100,support,phone_F1,27.0,enhanced,union of active frame supports,100.0,200.0,candidate diagnostics only,2.4999999999999467,1,1,ok
4,enhanced_support_100,support,phone_M1,27.0,enhanced,union of active frame supports,100.0,200.0,candidate diagnostics only,7.500000000000062,1,1,ok
4,enhanced_support_100,support,studio_F1,27.0,enhanced,union of active frame supports,100.0,200.0,candidate diagnostics only,17.494331065759596,1,1,ok
4,enhanced_support_100,support,phone_F1,28.0,enhanced,union of active frame supports,100.0,200.0,candidate diagnostics only,2.4999999999999467,1,1,ok
4,enhanced_support_100,support,phone_M1,28.0,enhanced,union of active frame supports,100.0,200.0,candidate diagnostics only,7.500000000000062,1,1,ok
4,enhanced_support_100,support,studio_F1,28.0,enhanced,union of active frame supports,100.0,200.0,candidate diagnostics only,17.494331065759596,1,1,ok
4,enhanced_support_100,support,phone_F1,29.0,enhanced,union of active frame supports,100.0,200.0,candidate diagnostics only,2.4999999999999467,1,1,ok
4,enhanced_support_100,support,phone_M1,29.0,enhanced,union of active frame supports,100.0,200.0,candidate diagnostics only,7.500000000000062,1,1,ok
4,enhanced_support_100,support,studio_F1,29.0,enhanced,union of active frame supports,100.0,200.0,candidate diagnostics only,17.494331065759596,1,1,ok
4,enhanced_support_100,support,phone_F1,30.0,enhanced,union of active frame supports,100.0,200.0,candidate diagnostics only,2.4999999999999467,1,1,ok
4,enhanced_support_100,support,phone_M1,30.0,enhanced,union of active frame supports,100.0,200.0,candidate diagnostics only,7.500000000000062,1,1,ok
4,enhanced_support_100,support,studio_F1,30.0,enhanced,union of active frame supports,100.0,200.0,candidate diagnostics only,17.494331065759596,1,1,ok
4,enhanced_support_100,support,phone_F1,31.0,enhanced,union of active frame supports,100.0,200.0,candidate diagnostics only,2.4999999999999467,1,1,ok
4,enhanced_support_100,support,phone_M1,31.0,enhanced,union of active frame supports,100.0,200.0,candidate diagnostics only,7.500000000000062,1,1,ok
4,enhanced_support_100,support,studio_F1,31.0,enhanced,union of active frame supports,100.0,200.0,candidate diagnostics only,17.494331065759596,1,1,ok
4,enhanced_support_100,support,phone_F1,32.0,enhanced,union of active frame supports,100.0,200.0,candidate diagnostics only,2.4999999999999467,1,1,ok
4,enhanced_support_100,support,phone_M1,32.0,enhanced,union of active frame supports,100.0,200.0,candidate diagnostics only,7.500000000000062,1,1,ok
4,enhanced_support_100,support,studio_F1,32.0,enhanced,union of active frame supports,100.0,200.0,candidate diagnostics only,17.494331065759596,1,1,ok
4,enhanced_support_100,support,phone_F1,33.0,enhanced,union of active frame supports,100.0,200.0,candidate diagnostics only,2.4999999999999467,1,1,ok
4,enhanced_support_100,support,phone_M1,33.0,enhanced,union of active frame supports,100.0,200.0,candidate diagnostics only,7.500000000000062,1,1,ok
4,enhanced_support_100,support,studio_F1,33.0,enhanced,union of active frame supports,100.0,200.0,candidate diagnostics only,17.494331065759596,1,1,ok
4,enhanced_support_100,support,phone_F1,34.0,enhanced,union of active frame supports,100.0,200.0,candidate diagnostics only,2.4999999999999467,1,1,ok
4,enhanced_support_100,support,phone_M1,34.0,enhanced,union of active frame supports,100.0,200.0,candidate diagnostics only,7.500000000000062,1,1,ok
4,enhanced_support_100,support,studio_F1,34.0,enhanced,union of active frame supports,100.0,200.0,candidate diagnostics only,17.494331065759596,1,1,ok
4,enhanced_support_100,support,phone_F1,35.0,enhanced,union of active frame supports,100.0,200.0,candidate diagnostics only,2.4999999999999467,1,1,ok
4,enhanced_support_100,support,phone_M1,35.0,enhanced,union of active frame supports,100.0,200.0,candidate diagnostics only,7.500000000000062,1,1,ok
4,enhanced_support_100,support,studio_F1,35.0,enhanced,union of active frame supports,100.0,200.0,candidate diagnostics only,17.494331065759596,1,1,ok
4,enhanced_support_100,support,phone_F1,36.0,enhanced,union of active frame supports,100.0,200.0,candidate diagnostics only,2.4999999999999467,1,1,ok
4,enhanced_support_100,support,phone_M1,36.0,enhanced,union of active frame supports,100.0,200.0,candidate diagnostics only,7.500000000000062,1,1,ok
4,enhanced_support_100,support,studio_F1,36.0,enhanced,union of active frame supports,100.0,200.0,candidate diagnostics only,17.494331065759596,1,1,ok
4,enhanced_support_100,support,phone_F1,37.0,enhanced,union of active frame supports,100.0,200.0,candidate diagnostics only,2.4999999999999467,1,1,ok
4,enhanced_support_100,support,phone_M1,37.0,enhanced,union of active frame supports,100.0,200.0,candidate diagnostics only,7.500000000000062,1,1,ok
4,enhanced_support_100,support,studio_F1,37.0,enhanced,union of active frame supports,100.0,200.0,candidate diagnostics only,17.494331065759596,1,1,ok
4,enhanced_support_100,support,phone_F1,38.0,enhanced,union of active frame supports,100.0,200.0,candidate diagnostics only,2.4999999999999467,1,1,ok
4,enhanced_support_100,support,phone_M1,38.0,enhanced,union of active frame supports,100.0,200.0,candidate diagnostics only,7.500000000000062,1,1,ok
4,enhanced_support_100,support,studio_F1,38.0,enhanced,union of active frame supports,100.0,200.0,candidate diagnostics only,17.494331065759596,1,1,ok
4,enhanced_support_100,support,phone_F1,39.0,enhanced,union of active frame supports,100.0,200.0,candidate diagnostics only,2.4999999999999467,1,1,ok
4,enhanced_support_100,support,phone_M1,39.0,enhanced,union of active frame supports,100.0,200.0,candidate diagnostics only,7.500000000000062,1,1,ok
4,enhanced_support_100,support,studio_F1,39.0,enhanced,union of active frame supports,100.0,200.0,candidate diagnostics only,17.494331065759596,1,1,ok
4,enhanced_support_100,support,phone_F1,40.0,enhanced,union of active frame supports,100.0,200.0,candidate diagnostics only,2.4999999999999467,1,1,ok
4,enhanced_support_100,support,phone_M1,40.0,enhanced,union of active frame supports,100.0,200.0,candidate diagnostics only,7.500000000000062,1,1,ok
4,enhanced_support_100,support,studio_F1,40.0,enhanced,union of active frame supports,100.0,200.0,candidate diagnostics only,17.494331065759596,1,1,ok
4,enhanced_support_100,support,phone_F1,41.0,enhanced,union of active frame supports,100.0,200.0,candidate diagnostics only,2.4999999999999467,1,1,ok
4,enhanced_support_100,support,phone_M1,41.0,enhanced,union of active frame supports,100.0,200.0,candidate diagnostics only,7.500000000000062,1,1,ok
4,enhanced_support_100,support,studio_F1,41.0,enhanced,union of active frame supports,100.0,200.0,candidate diagnostics only,17.494331065759596,1,1,ok
4,enhanced_support_100,support,phone_F1,42.0,enhanced,union of active frame supports,100.0,200.0,candidate diagnostics only,2.4999999999999467,1,1,ok
4,enhanced_support_100,support,phone_M1,42.0,enhanced,union of active frame supports,100.0,200.0,candidate diagnostics only,7.500000000000062,1,1,ok
4,enhanced_support_100,support,studio_F1,42.0,enhanced,union of active frame supports,100.0,200.0,candidate diagnostics only,17.494331065759596,1,1,ok
4,enhanced_support_100,support,phone_F1,43.0,enhanced,union of active frame supports,100.0,200.0,candidate diagnostics only,2.4999999999999467,1,1,ok
4,enhanced_support_100,support,phone_M1,43.0,enhanced,union of active frame supports,100.0,200.0,candidate diagnostics only,7.500000000000062,1,1,ok
4,enhanced_support_100,support,studio_F1,43.0,enhanced,union of active frame supports,100.0,200.0,candidate diagnostics only,17.494331065759596,1,1,ok
4,enhanced_support_100,support,phone_F1,44.0,enhanced,union of active frame supports,100.0,200.0,candidate diagnostics only,2.4999999999999467,1,1,ok
4,enhanced_support_100,support,phone_M1,44.0,enhanced,union of active frame supports,100.0,200.0,candidate diagnostics only,7.500000000000062,1,1,ok
4,enhanced_support_100,support,studio_F1,44.0,enhanced,union of active frame supports,100.0,200.0,candidate diagnostics only,17.494331065759596,1,1,ok
4,enhanced_support_100,support,phone_F1,45.0,enhanced,union of active frame supports,100.0,200.0,candidate diagnostics only,2.4999999999999467,1,1,ok
4,enhanced_support_100,support,phone_M1,45.0,enhanced,union of active frame supports,100.0,200.0,candidate diagnostics only,7.500000000000062,1,1,ok
4,enhanced_support_100,support,studio_F1,45.0,enhanced,union of active frame supports,100.0,200.0,candidate diagnostics only,17.494331065759596,1,1,ok
4,enhanced_support_100,support,phone_F1,46.0,enhanced,union of active frame supports,100.0,200.0,candidate diagnostics only,2.4999999999999467,1,1,ok
4,enhanced_support_100,support,phone_M1,46.0,enhanced,union of active frame supports,100.0,200.0,candidate diagnostics only,7.500000000000062,1,1,ok
4,enhanced_support_100,support,studio_F1,46.0,enhanced,union of active frame supports,100.0,200.0,candidate diagnostics only,17.494331065759596,1,1,ok
4,enhanced_support_100,support,phone_F1,47.0,enhanced,union of active frame supports,100.0,200.0,candidate diagnostics only,2.4999999999999467,1,1,ok
4,enhanced_support_100,support,phone_M1,47.0,enhanced,union of active frame supports,100.0,200.0,candidate diagnostics only,7.500000000000062,1,1,ok
4,enhanced_support_100,support,studio_F1,47.0,enhanced,union of active frame supports,100.0,200.0,candidate diagnostics only,17.494331065759596,1,1,ok
4,enhanced_support_100,support,phone_F1,48.0,enhanced,union of active frame supports,100.0,200.0,candidate diagnostics only,2.4999999999999467,1,1,ok
4,enhanced_support_100,support,phone_M1,48.0,enhanced,union of active frame supports,100.0,200.0,candidate diagnostics only,7.500000000000062,1,1,ok
4,enhanced_support_100,support,studio_F1,48.0,enhanced,union of active frame supports,100.0,200.0,candidate diagnostics only,17.494331065759596,1,1,ok
4,enhanced_support_100,support,phone_F1,49.0,enhanced,union of active frame supports,100.0,200.0,candidate diagnostics only,2.4999999999999467,1,1,ok
4,enhanced_support_100,support,phone_M1,49.0,enhanced,union of active frame supports,100.0,200.0,candidate diagnostics only,7.500000000000062,1,1,ok
4,enhanced_support_100,support,studio_F1,49.0,enhanced,union of active frame supports,100.0,200.0,candidate diagnostics only,17.494331065759596,1,1,ok
4,enhanced_support_100,support,phone_F1,50.0,enhanced,union of active frame supports,100.0,200.0,candidate diagnostics only,2.4999999999999467,1,1,ok
4,enhanced_support_100,support,phone_M1,50.0,enhanced,union of active frame supports,100.0,200.0,candidate diagnostics only,7.500000000000062,1,1,ok
4,enhanced_support_100,support,studio_F1,50.0,enhanced,union of active frame supports,100.0,200.0,candidate diagnostics only,17.494331065759596,1,1,ok
4,enhanced_cells_100,cells,phone_F1,1.0,enhanced,nearest-frame centered decision cells,100.0,200.0,candidate diagnostics only,10.000000000000064,1,1,ok
4,enhanced_cells_100,cells,phone_M1,1.0,enhanced,nearest-frame centered decision cells,100.0,200.0,candidate diagnostics only,7.499999999999924,1,1,ok
4,enhanced_cells_100,cells,studio_F1,1.0,enhanced,nearest-frame centered decision cells,100.0,200.0,candidate diagnostics only,10.000000000000009,1,1,ok
4,enhanced_cells_100,cells,phone_F1,2.0,enhanced,nearest-frame centered decision cells,100.0,200.0,candidate diagnostics only,10.000000000000064,1,1,ok
4,enhanced_cells_100,cells,phone_M1,2.0,enhanced,nearest-frame centered decision cells,100.0,200.0,candidate diagnostics only,7.499999999999924,1,1,ok
4,enhanced_cells_100,cells,studio_F1,2.0,enhanced,nearest-frame centered decision cells,100.0,200.0,candidate diagnostics only,10.000000000000009,1,1,ok
4,enhanced_cells_100,cells,phone_F1,3.0,enhanced,nearest-frame centered decision cells,100.0,200.0,candidate diagnostics only,10.000000000000064,1,1,ok
4,enhanced_cells_100,cells,phone_M1,3.0,enhanced,nearest-frame centered decision cells,100.0,200.0,candidate diagnostics only,7.499999999999924,1,1,ok
4,enhanced_cells_100,cells,studio_F1,3.0,enhanced,nearest-frame centered decision cells,100.0,200.0,candidate diagnostics only,10.000000000000009,1,1,ok
4,enhanced_cells_100,cells,phone_F1,4.0,enhanced,nearest-frame centered decision cells,100.0,200.0,candidate diagnostics only,10.000000000000064,1,1,ok
4,enhanced_cells_100,cells,phone_M1,4.0,enhanced,nearest-frame centered decision cells,100.0,200.0,candidate diagnostics only,7.499999999999924,1,1,ok
4,enhanced_cells_100,cells,studio_F1,4.0,enhanced,nearest-frame centered decision cells,100.0,200.0,candidate diagnostics only,10.000000000000009,1,1,ok
4,enhanced_cells_100,cells,phone_F1,5.0,enhanced,nearest-frame centered decision cells,100.0,200.0,candidate diagnostics only,10.000000000000064,1,1,ok
4,enhanced_cells_100,cells,phone_M1,5.0,enhanced,nearest-frame centered decision cells,100.0,200.0,candidate diagnostics only,7.499999999999924,1,1,ok
4,enhanced_cells_100,cells,studio_F1,5.0,enhanced,nearest-frame centered decision cells,100.0,200.0,candidate diagnostics only,10.000000000000009,1,1,ok
4,enhanced_cells_100,cells,phone_F1,6.0,enhanced,nearest-frame centered decision cells,100.0,200.0,candidate diagnostics only,10.000000000000064,1,1,ok
4,enhanced_cells_100,cells,phone_M1,6.0,enhanced,nearest-frame centered decision cells,100.0,200.0,candidate diagnostics only,7.499999999999924,1,1,ok
4,enhanced_cells_100,cells,studio_F1,6.0,enhanced,nearest-frame centered decision cells,100.0,200.0,candidate diagnostics only,10.000000000000009,1,1,ok
4,enhanced_cells_100,cells,phone_F1,7.0,enhanced,nearest-frame centered decision cells,100.0,200.0,candidate diagnostics only,10.000000000000064,1,1,ok
4,enhanced_cells_100,cells,phone_M1,7.0,enhanced,nearest-frame centered decision cells,100.0,200.0,candidate diagnostics only,7.499999999999924,1,1,ok
4,enhanced_cells_100,cells,studio_F1,7.0,enhanced,nearest-frame centered decision cells,100.0,200.0,candidate diagnostics only,10.000000000000009,1,1,ok
4,enhanced_cells_100,cells,phone_F1,8.0,enhanced,nearest-frame centered decision cells,100.0,200.0,candidate diagnostics only,10.000000000000064,1,1,ok
4,enhanced_cells_100,cells,phone_M1,8.0,enhanced,nearest-frame centered decision cells,100.0,200.0,candidate diagnostics only,7.499999999999924,1,1,ok
4,enhanced_cells_100,cells,studio_F1,8.0,enhanced,nearest-frame centered decision cells,100.0,200.0,candidate diagnostics only,10.000000000000009,1,1,ok
4,enhanced_cells_100,cells,phone_F1,9.0,enhanced,nearest-frame centered decision cells,100.0,200.0,candidate diagnostics only,10.000000000000064,1,1,ok
4,enhanced_cells_100,cells,phone_M1,9.0,enhanced,nearest-frame centered decision cells,100.0,200.0,candidate diagnostics only,7.499999999999924,1,1,ok
4,enhanced_cells_100,cells,studio_F1,9.0,enhanced,nearest-frame centered decision cells,100.0,200.0,candidate diagnostics only,10.000000000000009,1,1,ok
4,enhanced_cells_100,cells,phone_F1,10.0,enhanced,nearest-frame centered decision cells,100.0,200.0,candidate diagnostics only,10.000000000000064,1,1,ok
4,enhanced_cells_100,cells,phone_M1,10.0,enhanced,nearest-frame centered decision cells,100.0,200.0,candidate diagnostics only,7.499999999999924,1,1,ok
4,enhanced_cells_100,cells,studio_F1,10.0,enhanced,nearest-frame centered decision cells,100.0,200.0,candidate diagnostics only,10.000000000000009,1,1,ok
4,enhanced_cells_100,cells,phone_F1,11.0,enhanced,nearest-frame centered decision cells,100.0,200.0,candidate diagnostics only,10.000000000000064,1,1,ok
4,enhanced_cells_100,cells,phone_M1,11.0,enhanced,nearest-frame centered decision cells,100.0,200.0,candidate diagnostics only,7.499999999999924,1,1,ok
4,enhanced_cells_100,cells,studio_F1,11.0,enhanced,nearest-frame centered decision cells,100.0,200.0,candidate diagnostics only,10.000000000000009,1,1,ok
4,enhanced_cells_100,cells,phone_F1,12.0,enhanced,nearest-frame centered decision cells,100.0,200.0,candidate diagnostics only,10.000000000000064,1,1,ok
4,enhanced_cells_100,cells,phone_M1,12.0,enhanced,nearest-frame centered decision cells,100.0,200.0,candidate diagnostics only,7.499999999999924,1,1,ok
4,enhanced_cells_100,cells,studio_F1,12.0,enhanced,nearest-frame centered decision cells,100.0,200.0,candidate diagnostics only,10.000000000000009,1,1,ok
4,enhanced_cells_100,cells,phone_F1,13.0,enhanced,nearest-frame centered decision cells,100.0,200.0,candidate diagnostics only,10.000000000000064,1,1,ok
4,enhanced_cells_100,cells,phone_M1,13.0,enhanced,nearest-frame centered decision cells,100.0,200.0,candidate diagnostics only,7.499999999999924,1,1,ok
4,enhanced_cells_100,cells,studio_F1,13.0,enhanced,nearest-frame centered decision cells,100.0,200.0,candidate diagnostics only,10.000000000000009,1,1,ok
4,enhanced_cells_100,cells,phone_F1,14.0,enhanced,nearest-frame centered decision cells,100.0,200.0,candidate diagnostics only,10.000000000000064,1,1,ok
4,enhanced_cells_100,cells,phone_M1,14.0,enhanced,nearest-frame centered decision cells,100.0,200.0,candidate diagnostics only,7.499999999999924,1,1,ok
4,enhanced_cells_100,cells,studio_F1,14.0,enhanced,nearest-frame centered decision cells,100.0,200.0,candidate diagnostics only,10.000000000000009,1,1,ok
4,enhanced_cells_100,cells,phone_F1,15.0,enhanced,nearest-frame centered decision cells,100.0,200.0,candidate diagnostics only,10.000000000000064,1,1,ok
4,enhanced_cells_100,cells,phone_M1,15.0,enhanced,nearest-frame centered decision cells,100.0,200.0,candidate diagnostics only,7.499999999999924,1,1,ok
4,enhanced_cells_100,cells,studio_F1,15.0,enhanced,nearest-frame centered decision cells,100.0,200.0,candidate diagnostics only,10.000000000000009,1,1,ok
4,enhanced_cells_100,cells,phone_F1,16.0,enhanced,nearest-frame centered decision cells,100.0,200.0,candidate diagnostics only,10.000000000000064,1,1,ok
4,enhanced_cells_100,cells,phone_M1,16.0,enhanced,nearest-frame centered decision cells,100.0,200.0,candidate diagnostics only,7.499999999999924,1,1,ok
4,enhanced_cells_100,cells,studio_F1,16.0,enhanced,nearest-frame centered decision cells,100.0,200.0,candidate diagnostics only,10.000000000000009,1,1,ok
4,enhanced_cells_100,cells,phone_F1,17.0,enhanced,nearest-frame centered decision cells,100.0,200.0,candidate diagnostics only,10.000000000000064,1,1,ok
4,enhanced_cells_100,cells,phone_M1,17.0,enhanced,nearest-frame centered decision cells,100.0,200.0,candidate diagnostics only,7.499999999999924,1,1,ok
4,enhanced_cells_100,cells,studio_F1,17.0,enhanced,nearest-frame centered decision cells,100.0,200.0,candidate diagnostics only,10.000000000000009,1,1,ok
4,enhanced_cells_100,cells,phone_F1,18.0,enhanced,nearest-frame centered decision cells,100.0,200.0,candidate diagnostics only,10.000000000000064,1,1,ok
4,enhanced_cells_100,cells,phone_M1,18.0,enhanced,nearest-frame centered decision cells,100.0,200.0,candidate diagnostics only,7.499999999999924,1,1,ok
4,enhanced_cells_100,cells,studio_F1,18.0,enhanced,nearest-frame centered decision cells,100.0,200.0,candidate diagnostics only,10.000000000000009,1,1,ok
4,enhanced_cells_100,cells,phone_F1,19.0,enhanced,nearest-frame centered decision cells,100.0,200.0,candidate diagnostics only,10.000000000000064,1,1,ok
4,enhanced_cells_100,cells,phone_M1,19.0,enhanced,nearest-frame centered decision cells,100.0,200.0,candidate diagnostics only,7.499999999999924,1,1,ok
4,enhanced_cells_100,cells,studio_F1,19.0,enhanced,nearest-frame centered decision cells,100.0,200.0,candidate diagnostics only,10.000000000000009,1,1,ok
4,enhanced_cells_100,cells,phone_F1,20.0,enhanced,nearest-frame centered decision cells,100.0,200.0,candidate diagnostics only,10.000000000000064,1,1,ok
4,enhanced_cells_100,cells,phone_M1,20.0,enhanced,nearest-frame centered decision cells,100.0,200.0,candidate diagnostics only,7.499999999999924,1,1,ok
4,enhanced_cells_100,cells,studio_F1,20.0,enhanced,nearest-frame centered decision cells,100.0,200.0,candidate diagnostics only,10.000000000000009,1,1,ok
4,enhanced_cells_100,cells,phone_F1,21.0,enhanced,nearest-frame centered decision cells,100.0,200.0,candidate diagnostics only,10.000000000000064,1,1,ok
4,enhanced_cells_100,cells,phone_M1,21.0,enhanced,nearest-frame centered decision cells,100.0,200.0,candidate diagnostics only,7.499999999999924,1,1,ok
4,enhanced_cells_100,cells,studio_F1,21.0,enhanced,nearest-frame centered decision cells,100.0,200.0,candidate diagnostics only,10.000000000000009,1,1,ok
4,enhanced_cells_100,cells,phone_F1,22.0,enhanced,nearest-frame centered decision cells,100.0,200.0,candidate diagnostics only,10.000000000000064,1,1,ok
4,enhanced_cells_100,cells,phone_M1,22.0,enhanced,nearest-frame centered decision cells,100.0,200.0,candidate diagnostics only,7.499999999999924,1,1,ok
4,enhanced_cells_100,cells,studio_F1,22.0,enhanced,nearest-frame centered decision cells,100.0,200.0,candidate diagnostics only,10.000000000000009,1,1,ok
4,enhanced_cells_100,cells,phone_F1,23.0,enhanced,nearest-frame centered decision cells,100.0,200.0,candidate diagnostics only,10.000000000000064,1,1,ok
4,enhanced_cells_100,cells,phone_M1,23.0,enhanced,nearest-frame centered decision cells,100.0,200.0,candidate diagnostics only,7.499999999999924,1,1,ok
4,enhanced_cells_100,cells,studio_F1,23.0,enhanced,nearest-frame centered decision cells,100.0,200.0,candidate diagnostics only,10.000000000000009,1,1,ok
4,enhanced_cells_100,cells,phone_F1,24.0,enhanced,nearest-frame centered decision cells,100.0,200.0,candidate diagnostics only,10.000000000000064,1,1,ok
4,enhanced_cells_100,cells,phone_M1,24.0,enhanced,nearest-frame centered decision cells,100.0,200.0,candidate diagnostics only,7.499999999999924,1,1,ok
4,enhanced_cells_100,cells,studio_F1,24.0,enhanced,nearest-frame centered decision cells,100.0,200.0,candidate diagnostics only,10.000000000000009,1,1,ok
4,enhanced_cells_100,cells,phone_F1,25.0,enhanced,nearest-frame centered decision cells,100.0,200.0,candidate diagnostics only,10.000000000000064,1,1,ok
4,enhanced_cells_100,cells,phone_M1,25.0,enhanced,nearest-frame centered decision cells,100.0,200.0,candidate diagnostics only,7.499999999999924,1,1,ok
4,enhanced_cells_100,cells,studio_F1,25.0,enhanced,nearest-frame centered decision cells,100.0,200.0,candidate diagnostics only,10.000000000000009,1,1,ok
4,enhanced_cells_100,cells,phone_F1,26.0,enhanced,nearest-frame centered decision cells,100.0,200.0,candidate diagnostics only,10.000000000000064,1,1,ok
4,enhanced_cells_100,cells,phone_M1,26.0,enhanced,nearest-frame centered decision cells,100.0,200.0,candidate diagnostics only,7.499999999999924,1,1,ok
4,enhanced_cells_100,cells,studio_F1,26.0,enhanced,nearest-frame centered decision cells,100.0,200.0,candidate diagnostics only,10.000000000000009,1,1,ok
4,enhanced_cells_100,cells,phone_F1,27.0,enhanced,nearest-frame centered decision cells,100.0,200.0,candidate diagnostics only,10.000000000000064,1,1,ok
4,enhanced_cells_100,cells,phone_M1,27.0,enhanced,nearest-frame centered decision cells,100.0,200.0,candidate diagnostics only,7.499999999999924,1,1,ok
4,enhanced_cells_100,cells,studio_F1,27.0,enhanced,nearest-frame centered decision cells,100.0,200.0,candidate diagnostics only,10.000000000000009,1,1,ok
4,enhanced_cells_100,cells,phone_F1,28.0,enhanced,nearest-frame centered decision cells,100.0,200.0,candidate diagnostics only,10.000000000000064,1,1,ok
4,enhanced_cells_100,cells,phone_M1,28.0,enhanced,nearest-frame centered decision cells,100.0,200.0,candidate diagnostics only,7.499999999999924,1,1,ok
4,enhanced_cells_100,cells,studio_F1,28.0,enhanced,nearest-frame centered decision cells,100.0,200.0,candidate diagnostics only,10.000000000000009,1,1,ok
4,enhanced_cells_100,cells,phone_F1,29.0,enhanced,nearest-frame centered decision cells,100.0,200.0,candidate diagnostics only,10.000000000000064,1,1,ok
4,enhanced_cells_100,cells,phone_M1,29.0,enhanced,nearest-frame centered decision cells,100.0,200.0,candidate diagnostics only,7.499999999999924,1,1,ok
4,enhanced_cells_100,cells,studio_F1,29.0,enhanced,nearest-frame centered decision cells,100.0,200.0,candidate diagnostics only,10.000000000000009,1,1,ok
4,enhanced_cells_100,cells,phone_F1,30.0,enhanced,nearest-frame centered decision cells,100.0,200.0,candidate diagnostics only,10.000000000000064,1,1,ok
4,enhanced_cells_100,cells,phone_M1,30.0,enhanced,nearest-frame centered decision cells,100.0,200.0,candidate diagnostics only,7.499999999999924,1,1,ok
4,enhanced_cells_100,cells,studio_F1,30.0,enhanced,nearest-frame centered decision cells,100.0,200.0,candidate diagnostics only,10.000000000000009,1,1,ok
4,enhanced_cells_100,cells,phone_F1,31.0,enhanced,nearest-frame centered decision cells,100.0,200.0,candidate diagnostics only,10.000000000000064,1,1,ok
4,enhanced_cells_100,cells,phone_M1,31.0,enhanced,nearest-frame centered decision cells,100.0,200.0,candidate diagnostics only,7.499999999999924,1,1,ok
4,enhanced_cells_100,cells,studio_F1,31.0,enhanced,nearest-frame centered decision cells,100.0,200.0,candidate diagnostics only,10.000000000000009,1,1,ok
4,enhanced_cells_100,cells,phone_F1,32.0,enhanced,nearest-frame centered decision cells,100.0,200.0,candidate diagnostics only,10.000000000000064,1,1,ok
4,enhanced_cells_100,cells,phone_M1,32.0,enhanced,nearest-frame centered decision cells,100.0,200.0,candidate diagnostics only,7.499999999999924,1,1,ok
4,enhanced_cells_100,cells,studio_F1,32.0,enhanced,nearest-frame centered decision cells,100.0,200.0,candidate diagnostics only,10.000000000000009,1,1,ok
4,enhanced_cells_100,cells,phone_F1,33.0,enhanced,nearest-frame centered decision cells,100.0,200.0,candidate diagnostics only,10.000000000000064,1,1,ok
4,enhanced_cells_100,cells,phone_M1,33.0,enhanced,nearest-frame centered decision cells,100.0,200.0,candidate diagnostics only,7.499999999999924,1,1,ok
4,enhanced_cells_100,cells,studio_F1,33.0,enhanced,nearest-frame centered decision cells,100.0,200.0,candidate diagnostics only,10.000000000000009,1,1,ok
4,enhanced_cells_100,cells,phone_F1,34.0,enhanced,nearest-frame centered decision cells,100.0,200.0,candidate diagnostics only,10.000000000000064,1,1,ok
4,enhanced_cells_100,cells,phone_M1,34.0,enhanced,nearest-frame centered decision cells,100.0,200.0,candidate diagnostics only,7.499999999999924,1,1,ok
4,enhanced_cells_100,cells,studio_F1,34.0,enhanced,nearest-frame centered decision cells,100.0,200.0,candidate diagnostics only,10.000000000000009,1,1,ok
4,enhanced_cells_100,cells,phone_F1,35.0,enhanced,nearest-frame centered decision cells,100.0,200.0,candidate diagnostics only,10.000000000000064,1,1,ok
4,enhanced_cells_100,cells,phone_M1,35.0,enhanced,nearest-frame centered decision cells,100.0,200.0,candidate diagnostics only,7.499999999999924,1,1,ok
4,enhanced_cells_100,cells,studio_F1,35.0,enhanced,nearest-frame centered decision cells,100.0,200.0,candidate diagnostics only,10.000000000000009,1,1,ok
4,enhanced_cells_100,cells,phone_F1,36.0,enhanced,nearest-frame centered decision cells,100.0,200.0,candidate diagnostics only,10.000000000000064,1,1,ok
4,enhanced_cells_100,cells,phone_M1,36.0,enhanced,nearest-frame centered decision cells,100.0,200.0,candidate diagnostics only,7.499999999999924,1,1,ok
4,enhanced_cells_100,cells,studio_F1,36.0,enhanced,nearest-frame centered decision cells,100.0,200.0,candidate diagnostics only,10.000000000000009,1,1,ok
4,enhanced_cells_100,cells,phone_F1,37.0,enhanced,nearest-frame centered decision cells,100.0,200.0,candidate diagnostics only,10.000000000000064,1,1,ok
4,enhanced_cells_100,cells,phone_M1,37.0,enhanced,nearest-frame centered decision cells,100.0,200.0,candidate diagnostics only,7.499999999999924,1,1,ok
4,enhanced_cells_100,cells,studio_F1,37.0,enhanced,nearest-frame centered decision cells,100.0,200.0,candidate diagnostics only,10.000000000000009,1,1,ok
4,enhanced_cells_100,cells,phone_F1,38.0,enhanced,nearest-frame centered decision cells,100.0,200.0,candidate diagnostics only,10.000000000000064,1,1,ok
4,enhanced_cells_100,cells,phone_M1,38.0,enhanced,nearest-frame centered decision cells,100.0,200.0,candidate diagnostics only,7.499999999999924,1,1,ok
4,enhanced_cells_100,cells,studio_F1,38.0,enhanced,nearest-frame centered decision cells,100.0,200.0,candidate diagnostics only,10.000000000000009,1,1,ok
4,enhanced_cells_100,cells,phone_F1,39.0,enhanced,nearest-frame centered decision cells,100.0,200.0,candidate diagnostics only,10.000000000000064,1,1,ok
4,enhanced_cells_100,cells,phone_M1,39.0,enhanced,nearest-frame centered decision cells,100.0,200.0,candidate diagnostics only,7.499999999999924,1,1,ok
4,enhanced_cells_100,cells,studio_F1,39.0,enhanced,nearest-frame centered decision cells,100.0,200.0,candidate diagnostics only,10.000000000000009,1,1,ok
4,enhanced_cells_100,cells,phone_F1,40.0,enhanced,nearest-frame centered decision cells,100.0,200.0,candidate diagnostics only,10.000000000000064,1,1,ok
4,enhanced_cells_100,cells,phone_M1,40.0,enhanced,nearest-frame centered decision cells,100.0,200.0,candidate diagnostics only,7.499999999999924,1,1,ok
4,enhanced_cells_100,cells,studio_F1,40.0,enhanced,nearest-frame centered decision cells,100.0,200.0,candidate diagnostics only,10.000000000000009,1,1,ok
4,enhanced_cells_100,cells,phone_F1,41.0,enhanced,nearest-frame centered decision cells,100.0,200.0,candidate diagnostics only,10.000000000000064,1,1,ok
4,enhanced_cells_100,cells,phone_M1,41.0,enhanced,nearest-frame centered decision cells,100.0,200.0,candidate diagnostics only,7.499999999999924,1,1,ok
4,enhanced_cells_100,cells,studio_F1,41.0,enhanced,nearest-frame centered decision cells,100.0,200.0,candidate diagnostics only,10.000000000000009,1,1,ok
4,enhanced_cells_100,cells,phone_F1,42.0,enhanced,nearest-frame centered decision cells,100.0,200.0,candidate diagnostics only,10.000000000000064,1,1,ok
4,enhanced_cells_100,cells,phone_M1,42.0,enhanced,nearest-frame centered decision cells,100.0,200.0,candidate diagnostics only,7.499999999999924,1,1,ok
4,enhanced_cells_100,cells,studio_F1,42.0,enhanced,nearest-frame centered decision cells,100.0,200.0,candidate diagnostics only,10.000000000000009,1,1,ok
4,enhanced_cells_100,cells,phone_F1,43.0,enhanced,nearest-frame centered decision cells,100.0,200.0,candidate diagnostics only,10.000000000000064,1,1,ok
4,enhanced_cells_100,cells,phone_M1,43.0,enhanced,nearest-frame centered decision cells,100.0,200.0,candidate diagnostics only,7.499999999999924,1,1,ok
4,enhanced_cells_100,cells,studio_F1,43.0,enhanced,nearest-frame centered decision cells,100.0,200.0,candidate diagnostics only,10.000000000000009,1,1,ok
4,enhanced_cells_100,cells,phone_F1,44.0,enhanced,nearest-frame centered decision cells,100.0,200.0,candidate diagnostics only,10.000000000000064,1,1,ok
4,enhanced_cells_100,cells,phone_M1,44.0,enhanced,nearest-frame centered decision cells,100.0,200.0,candidate diagnostics only,7.499999999999924,1,1,ok
4,enhanced_cells_100,cells,studio_F1,44.0,enhanced,nearest-frame centered decision cells,100.0,200.0,candidate diagnostics only,10.000000000000009,1,1,ok
4,enhanced_cells_100,cells,phone_F1,45.0,enhanced,nearest-frame centered decision cells,100.0,200.0,candidate diagnostics only,10.000000000000064,1,1,ok
4,enhanced_cells_100,cells,phone_M1,45.0,enhanced,nearest-frame centered decision cells,100.0,200.0,candidate diagnostics only,7.499999999999924,1,1,ok
4,enhanced_cells_100,cells,studio_F1,45.0,enhanced,nearest-frame centered decision cells,100.0,200.0,candidate diagnostics only,10.000000000000009,1,1,ok
4,enhanced_cells_100,cells,phone_F1,46.0,enhanced,nearest-frame centered decision cells,100.0,200.0,candidate diagnostics only,10.000000000000064,1,1,ok
4,enhanced_cells_100,cells,phone_M1,46.0,enhanced,nearest-frame centered decision cells,100.0,200.0,candidate diagnostics only,7.499999999999924,1,1,ok
4,enhanced_cells_100,cells,studio_F1,46.0,enhanced,nearest-frame centered decision cells,100.0,200.0,candidate diagnostics only,10.000000000000009,1,1,ok
4,enhanced_cells_100,cells,phone_F1,47.0,enhanced,nearest-frame centered decision cells,100.0,200.0,candidate diagnostics only,10.000000000000064,1,1,ok
4,enhanced_cells_100,cells,phone_M1,47.0,enhanced,nearest-frame centered decision cells,100.0,200.0,candidate diagnostics only,7.499999999999924,1,1,ok
4,enhanced_cells_100,cells,studio_F1,47.0,enhanced,nearest-frame centered decision cells,100.0,200.0,candidate diagnostics only,10.000000000000009,1,1,ok
4,enhanced_cells_100,cells,phone_F1,48.0,enhanced,nearest-frame centered decision cells,100.0,200.0,candidate diagnostics only,10.000000000000064,1,1,ok
4,enhanced_cells_100,cells,phone_M1,48.0,enhanced,nearest-frame centered decision cells,100.0,200.0,candidate diagnostics only,7.499999999999924,1,1,ok
4,enhanced_cells_100,cells,studio_F1,48.0,enhanced,nearest-frame centered decision cells,100.0,200.0,candidate diagnostics only,10.000000000000009,1,1,ok
4,enhanced_cells_100,cells,phone_F1,49.0,enhanced,nearest-frame centered decision cells,100.0,200.0,candidate diagnostics only,10.000000000000064,1,1,ok
4,enhanced_cells_100,cells,phone_M1,49.0,enhanced,nearest-frame centered decision cells,100.0,200.0,candidate diagnostics only,7.499999999999924,1,1,ok
4,enhanced_cells_100,cells,studio_F1,49.0,enhanced,nearest-frame centered decision cells,100.0,200.0,candidate diagnostics only,10.000000000000009,1,1,ok
4,enhanced_cells_100,cells,phone_F1,50.0,enhanced,nearest-frame centered decision cells,100.0,200.0,candidate diagnostics only,10.000000000000064,1,1,ok
4,enhanced_cells_100,cells,phone_M1,50.0,enhanced,nearest-frame centered decision cells,100.0,200.0,candidate diagnostics only,7.499999999999924,1,1,ok
4,enhanced_cells_100,cells,studio_F1,50.0,enhanced,nearest-frame centered decision cells,100.0,200.0,candidate diagnostics only,10.000000000000009,1,1,ok
4,enhanced_support_0,support,phone_F1,1.0,enhanced,union of active frame supports,0.0,200.0,candidate diagnostics only,2.4999999999999467,1,1,ok
4,enhanced_support_0,support,phone_M1,1.0,enhanced,union of active frame supports,0.0,200.0,candidate diagnostics only,7.500000000000062,1,1,ok
4,enhanced_support_0,support,studio_F1,1.0,enhanced,union of active frame supports,0.0,200.0,candidate diagnostics only,17.494331065759596,1,1,ok
4,enhanced_support_0,support,phone_F1,2.0,enhanced,union of active frame supports,0.0,200.0,candidate diagnostics only,2.4999999999999467,1,1,ok
4,enhanced_support_0,support,phone_M1,2.0,enhanced,union of active frame supports,0.0,200.0,candidate diagnostics only,7.500000000000062,1,1,ok
4,enhanced_support_0,support,studio_F1,2.0,enhanced,union of active frame supports,0.0,200.0,candidate diagnostics only,17.494331065759596,1,1,ok
4,enhanced_support_0,support,phone_F1,3.0,enhanced,union of active frame supports,0.0,200.0,candidate diagnostics only,2.4999999999999467,1,1,ok
4,enhanced_support_0,support,phone_M1,3.0,enhanced,union of active frame supports,0.0,200.0,candidate diagnostics only,7.500000000000062,1,1,ok
4,enhanced_support_0,support,studio_F1,3.0,enhanced,union of active frame supports,0.0,200.0,candidate diagnostics only,17.494331065759596,1,1,ok
4,enhanced_support_0,support,phone_F1,4.0,enhanced,union of active frame supports,0.0,200.0,candidate diagnostics only,2.4999999999999467,1,1,ok
4,enhanced_support_0,support,phone_M1,4.0,enhanced,union of active frame supports,0.0,200.0,candidate diagnostics only,7.500000000000062,1,1,ok
4,enhanced_support_0,support,studio_F1,4.0,enhanced,union of active frame supports,0.0,200.0,candidate diagnostics only,17.494331065759596,1,1,ok
4,enhanced_support_0,support,phone_F1,5.0,enhanced,union of active frame supports,0.0,200.0,candidate diagnostics only,2.4999999999999467,1,1,ok
4,enhanced_support_0,support,phone_M1,5.0,enhanced,union of active frame supports,0.0,200.0,candidate diagnostics only,7.500000000000062,1,1,ok
4,enhanced_support_0,support,studio_F1,5.0,enhanced,union of active frame supports,0.0,200.0,candidate diagnostics only,17.494331065759596,1,1,ok
4,enhanced_support_0,support,phone_F1,6.0,enhanced,union of active frame supports,0.0,200.0,candidate diagnostics only,2.4999999999999467,1,1,ok
4,enhanced_support_0,support,phone_M1,6.0,enhanced,union of active frame supports,0.0,200.0,candidate diagnostics only,7.500000000000062,1,1,ok
4,enhanced_support_0,support,studio_F1,6.0,enhanced,union of active frame supports,0.0,200.0,candidate diagnostics only,17.494331065759596,1,1,ok
4,enhanced_support_0,support,phone_F1,7.0,enhanced,union of active frame supports,0.0,200.0,candidate diagnostics only,2.4999999999999467,1,1,ok
4,enhanced_support_0,support,phone_M1,7.0,enhanced,union of active frame supports,0.0,200.0,candidate diagnostics only,7.500000000000062,1,1,ok
4,enhanced_support_0,support,studio_F1,7.0,enhanced,union of active frame supports,0.0,200.0,candidate diagnostics only,17.494331065759596,1,1,ok
4,enhanced_support_0,support,phone_F1,8.0,enhanced,union of active frame supports,0.0,200.0,candidate diagnostics only,2.4999999999999467,1,1,ok
4,enhanced_support_0,support,phone_M1,8.0,enhanced,union of active frame supports,0.0,200.0,candidate diagnostics only,7.500000000000062,1,1,ok
4,enhanced_support_0,support,studio_F1,8.0,enhanced,union of active frame supports,0.0,200.0,candidate diagnostics only,17.494331065759596,1,1,ok
4,enhanced_support_0,support,phone_F1,9.0,enhanced,union of active frame supports,0.0,200.0,candidate diagnostics only,2.4999999999999467,1,1,ok
4,enhanced_support_0,support,phone_M1,9.0,enhanced,union of active frame supports,0.0,200.0,candidate diagnostics only,7.500000000000062,1,1,ok
4,enhanced_support_0,support,studio_F1,9.0,enhanced,union of active frame supports,0.0,200.0,candidate diagnostics only,17.494331065759596,1,1,ok
4,enhanced_support_0,support,phone_F1,10.0,enhanced,union of active frame supports,0.0,200.0,candidate diagnostics only,2.4999999999999467,1,1,ok
4,enhanced_support_0,support,phone_M1,10.0,enhanced,union of active frame supports,0.0,200.0,candidate diagnostics only,7.500000000000062,1,1,ok
4,enhanced_support_0,support,studio_F1,10.0,enhanced,union of active frame supports,0.0,200.0,candidate diagnostics only,17.494331065759596,1,1,ok
4,enhanced_support_0,support,phone_F1,11.0,enhanced,union of active frame supports,0.0,200.0,candidate diagnostics only,2.4999999999999467,1,1,ok
4,enhanced_support_0,support,phone_M1,11.0,enhanced,union of active frame supports,0.0,200.0,candidate diagnostics only,7.500000000000062,1,1,ok
4,enhanced_support_0,support,studio_F1,11.0,enhanced,union of active frame supports,0.0,200.0,candidate diagnostics only,17.494331065759596,1,1,ok
4,enhanced_support_0,support,phone_F1,12.0,enhanced,union of active frame supports,0.0,200.0,candidate diagnostics only,2.4999999999999467,1,1,ok
4,enhanced_support_0,support,phone_M1,12.0,enhanced,union of active frame supports,0.0,200.0,candidate diagnostics only,7.500000000000062,1,1,ok
4,enhanced_support_0,support,studio_F1,12.0,enhanced,union of active frame supports,0.0,200.0,candidate diagnostics only,17.494331065759596,1,1,ok
4,enhanced_support_0,support,phone_F1,13.0,enhanced,union of active frame supports,0.0,200.0,candidate diagnostics only,2.4999999999999467,1,1,ok
4,enhanced_support_0,support,phone_M1,13.0,enhanced,union of active frame supports,0.0,200.0,candidate diagnostics only,7.500000000000062,1,1,ok
4,enhanced_support_0,support,studio_F1,13.0,enhanced,union of active frame supports,0.0,200.0,candidate diagnostics only,17.494331065759596,1,1,ok
4,enhanced_support_0,support,phone_F1,14.0,enhanced,union of active frame supports,0.0,200.0,candidate diagnostics only,2.4999999999999467,1,1,ok
4,enhanced_support_0,support,phone_M1,14.0,enhanced,union of active frame supports,0.0,200.0,candidate diagnostics only,7.500000000000062,1,1,ok
4,enhanced_support_0,support,studio_F1,14.0,enhanced,union of active frame supports,0.0,200.0,candidate diagnostics only,17.494331065759596,1,1,ok
4,enhanced_support_0,support,phone_F1,15.0,enhanced,union of active frame supports,0.0,200.0,candidate diagnostics only,2.4999999999999467,1,1,ok
4,enhanced_support_0,support,phone_M1,15.0,enhanced,union of active frame supports,0.0,200.0,candidate diagnostics only,7.500000000000062,1,1,ok
4,enhanced_support_0,support,studio_F1,15.0,enhanced,union of active frame supports,0.0,200.0,candidate diagnostics only,17.494331065759596,1,1,ok
4,enhanced_support_0,support,phone_F1,16.0,enhanced,union of active frame supports,0.0,200.0,candidate diagnostics only,2.4999999999999467,1,1,ok
4,enhanced_support_0,support,phone_M1,16.0,enhanced,union of active frame supports,0.0,200.0,candidate diagnostics only,7.500000000000062,1,1,ok
4,enhanced_support_0,support,studio_F1,16.0,enhanced,union of active frame supports,0.0,200.0,candidate diagnostics only,17.494331065759596,1,1,ok
4,enhanced_support_0,support,phone_F1,17.0,enhanced,union of active frame supports,0.0,200.0,candidate diagnostics only,2.4999999999999467,1,1,ok
4,enhanced_support_0,support,phone_M1,17.0,enhanced,union of active frame supports,0.0,200.0,candidate diagnostics only,7.500000000000062,1,1,ok
4,enhanced_support_0,support,studio_F1,17.0,enhanced,union of active frame supports,0.0,200.0,candidate diagnostics only,17.494331065759596,1,1,ok
4,enhanced_support_0,support,phone_F1,18.0,enhanced,union of active frame supports,0.0,200.0,candidate diagnostics only,2.4999999999999467,1,1,ok
4,enhanced_support_0,support,phone_M1,18.0,enhanced,union of active frame supports,0.0,200.0,candidate diagnostics only,7.500000000000062,1,1,ok
4,enhanced_support_0,support,studio_F1,18.0,enhanced,union of active frame supports,0.0,200.0,candidate diagnostics only,17.494331065759596,1,1,ok
4,enhanced_support_0,support,phone_F1,19.0,enhanced,union of active frame supports,0.0,200.0,candidate diagnostics only,2.4999999999999467,1,1,ok
4,enhanced_support_0,support,phone_M1,19.0,enhanced,union of active frame supports,0.0,200.0,candidate diagnostics only,7.500000000000062,1,1,ok
4,enhanced_support_0,support,studio_F1,19.0,enhanced,union of active frame supports,0.0,200.0,candidate diagnostics only,17.494331065759596,1,1,ok
4,enhanced_support_0,support,phone_F1,20.0,enhanced,union of active frame supports,0.0,200.0,candidate diagnostics only,2.4999999999999467,1,1,ok
4,enhanced_support_0,support,phone_M1,20.0,enhanced,union of active frame supports,0.0,200.0,candidate diagnostics only,7.500000000000062,1,1,ok
4,enhanced_support_0,support,studio_F1,20.0,enhanced,union of active frame supports,0.0,200.0,candidate diagnostics only,17.494331065759596,1,1,ok
4,enhanced_support_0,support,phone_F1,21.0,enhanced,union of active frame supports,0.0,200.0,candidate diagnostics only,2.4999999999999467,1,1,ok
4,enhanced_support_0,support,phone_M1,21.0,enhanced,union of active frame supports,0.0,200.0,candidate diagnostics only,7.500000000000062,1,1,ok
4,enhanced_support_0,support,studio_F1,21.0,enhanced,union of active frame supports,0.0,200.0,candidate diagnostics only,17.494331065759596,1,1,ok
4,enhanced_support_0,support,phone_F1,22.0,enhanced,union of active frame supports,0.0,200.0,candidate diagnostics only,2.4999999999999467,1,1,ok
4,enhanced_support_0,support,phone_M1,22.0,enhanced,union of active frame supports,0.0,200.0,candidate diagnostics only,7.500000000000062,1,1,ok
4,enhanced_support_0,support,studio_F1,22.0,enhanced,union of active frame supports,0.0,200.0,candidate diagnostics only,17.494331065759596,1,1,ok
4,enhanced_support_0,support,phone_F1,23.0,enhanced,union of active frame supports,0.0,200.0,candidate diagnostics only,2.4999999999999467,1,1,ok
4,enhanced_support_0,support,phone_M1,23.0,enhanced,union of active frame supports,0.0,200.0,candidate diagnostics only,7.500000000000062,1,1,ok
4,enhanced_support_0,support,studio_F1,23.0,enhanced,union of active frame supports,0.0,200.0,candidate diagnostics only,17.494331065759596,1,1,ok
4,enhanced_support_0,support,phone_F1,24.0,enhanced,union of active frame supports,0.0,200.0,candidate diagnostics only,2.4999999999999467,1,1,ok
4,enhanced_support_0,support,phone_M1,24.0,enhanced,union of active frame supports,0.0,200.0,candidate diagnostics only,7.500000000000062,1,1,ok
4,enhanced_support_0,support,studio_F1,24.0,enhanced,union of active frame supports,0.0,200.0,candidate diagnostics only,17.494331065759596,1,1,ok
4,enhanced_support_0,support,phone_F1,25.0,enhanced,union of active frame supports,0.0,200.0,candidate diagnostics only,2.4999999999999467,1,1,ok
4,enhanced_support_0,support,phone_M1,25.0,enhanced,union of active frame supports,0.0,200.0,candidate diagnostics only,7.500000000000062,1,1,ok
4,enhanced_support_0,support,studio_F1,25.0,enhanced,union of active frame supports,0.0,200.0,candidate diagnostics only,17.494331065759596,1,1,ok
4,enhanced_support_0,support,phone_F1,26.0,enhanced,union of active frame supports,0.0,200.0,candidate diagnostics only,2.4999999999999467,1,1,ok
4,enhanced_support_0,support,phone_M1,26.0,enhanced,union of active frame supports,0.0,200.0,candidate diagnostics only,7.500000000000062,1,1,ok
4,enhanced_support_0,support,studio_F1,26.0,enhanced,union of active frame supports,0.0,200.0,candidate diagnostics only,17.494331065759596,1,1,ok
4,enhanced_support_0,support,phone_F1,27.0,enhanced,union of active frame supports,0.0,200.0,candidate diagnostics only,2.4999999999999467,1,1,ok
4,enhanced_support_0,support,phone_M1,27.0,enhanced,union of active frame supports,0.0,200.0,candidate diagnostics only,7.500000000000062,1,1,ok
4,enhanced_support_0,support,studio_F1,27.0,enhanced,union of active frame supports,0.0,200.0,candidate diagnostics only,17.494331065759596,1,1,ok
4,enhanced_support_0,support,phone_F1,28.0,enhanced,union of active frame supports,0.0,200.0,candidate diagnostics only,2.4999999999999467,1,1,ok
4,enhanced_support_0,support,phone_M1,28.0,enhanced,union of active frame supports,0.0,200.0,candidate diagnostics only,7.500000000000062,1,1,ok
4,enhanced_support_0,support,studio_F1,28.0,enhanced,union of active frame supports,0.0,200.0,candidate diagnostics only,17.494331065759596,1,1,ok
4,enhanced_support_0,support,phone_F1,29.0,enhanced,union of active frame supports,0.0,200.0,candidate diagnostics only,2.4999999999999467,1,1,ok
4,enhanced_support_0,support,phone_M1,29.0,enhanced,union of active frame supports,0.0,200.0,candidate diagnostics only,7.500000000000062,1,1,ok
4,enhanced_support_0,support,studio_F1,29.0,enhanced,union of active frame supports,0.0,200.0,candidate diagnostics only,17.494331065759596,1,1,ok
4,enhanced_support_0,support,phone_F1,30.0,enhanced,union of active frame supports,0.0,200.0,candidate diagnostics only,2.4999999999999467,1,1,ok
4,enhanced_support_0,support,phone_M1,30.0,enhanced,union of active frame supports,0.0,200.0,candidate diagnostics only,7.500000000000062,1,1,ok
4,enhanced_support_0,support,studio_F1,30.0,enhanced,union of active frame supports,0.0,200.0,candidate diagnostics only,17.494331065759596,1,1,ok
4,enhanced_support_0,support,phone_F1,31.0,enhanced,union of active frame supports,0.0,200.0,candidate diagnostics only,2.4999999999999467,1,1,ok
4,enhanced_support_0,support,phone_M1,31.0,enhanced,union of active frame supports,0.0,200.0,candidate diagnostics only,7.500000000000062,1,1,ok
4,enhanced_support_0,support,studio_F1,31.0,enhanced,union of active frame supports,0.0,200.0,candidate diagnostics only,17.494331065759596,1,1,ok
4,enhanced_support_0,support,phone_F1,32.0,enhanced,union of active frame supports,0.0,200.0,candidate diagnostics only,2.4999999999999467,1,1,ok
4,enhanced_support_0,support,phone_M1,32.0,enhanced,union of active frame supports,0.0,200.0,candidate diagnostics only,7.500000000000062,1,1,ok
4,enhanced_support_0,support,studio_F1,32.0,enhanced,union of active frame supports,0.0,200.0,candidate diagnostics only,17.494331065759596,1,1,ok
4,enhanced_support_0,support,phone_F1,33.0,enhanced,union of active frame supports,0.0,200.0,candidate diagnostics only,2.4999999999999467,1,1,ok
4,enhanced_support_0,support,phone_M1,33.0,enhanced,union of active frame supports,0.0,200.0,candidate diagnostics only,7.500000000000062,1,1,ok
4,enhanced_support_0,support,studio_F1,33.0,enhanced,union of active frame supports,0.0,200.0,candidate diagnostics only,17.494331065759596,1,1,ok
4,enhanced_support_0,support,phone_F1,34.0,enhanced,union of active frame supports,0.0,200.0,candidate diagnostics only,2.4999999999999467,1,1,ok
4,enhanced_support_0,support,phone_M1,34.0,enhanced,union of active frame supports,0.0,200.0,candidate diagnostics only,7.500000000000062,1,1,ok
4,enhanced_support_0,support,studio_F1,34.0,enhanced,union of active frame supports,0.0,200.0,candidate diagnostics only,17.494331065759596,1,1,ok
4,enhanced_support_0,support,phone_F1,35.0,enhanced,union of active frame supports,0.0,200.0,candidate diagnostics only,2.4999999999999467,1,1,ok
4,enhanced_support_0,support,phone_M1,35.0,enhanced,union of active frame supports,0.0,200.0,candidate diagnostics only,7.500000000000062,1,1,ok
4,enhanced_support_0,support,studio_F1,35.0,enhanced,union of active frame supports,0.0,200.0,candidate diagnostics only,17.494331065759596,1,1,ok
4,enhanced_support_0,support,phone_F1,36.0,enhanced,union of active frame supports,0.0,200.0,candidate diagnostics only,2.4999999999999467,1,1,ok
4,enhanced_support_0,support,phone_M1,36.0,enhanced,union of active frame supports,0.0,200.0,candidate diagnostics only,7.500000000000062,1,1,ok
4,enhanced_support_0,support,studio_F1,36.0,enhanced,union of active frame supports,0.0,200.0,candidate diagnostics only,17.494331065759596,1,1,ok
4,enhanced_support_0,support,phone_F1,37.0,enhanced,union of active frame supports,0.0,200.0,candidate diagnostics only,2.4999999999999467,1,1,ok
4,enhanced_support_0,support,phone_M1,37.0,enhanced,union of active frame supports,0.0,200.0,candidate diagnostics only,7.500000000000062,1,1,ok
4,enhanced_support_0,support,studio_F1,37.0,enhanced,union of active frame supports,0.0,200.0,candidate diagnostics only,17.494331065759596,1,1,ok
4,enhanced_support_0,support,phone_F1,38.0,enhanced,union of active frame supports,0.0,200.0,candidate diagnostics only,2.4999999999999467,1,1,ok
4,enhanced_support_0,support,phone_M1,38.0,enhanced,union of active frame supports,0.0,200.0,candidate diagnostics only,7.500000000000062,1,1,ok
4,enhanced_support_0,support,studio_F1,38.0,enhanced,union of active frame supports,0.0,200.0,candidate diagnostics only,17.494331065759596,1,1,ok
4,enhanced_support_0,support,phone_F1,39.0,enhanced,union of active frame supports,0.0,200.0,candidate diagnostics only,2.4999999999999467,1,1,ok
4,enhanced_support_0,support,phone_M1,39.0,enhanced,union of active frame supports,0.0,200.0,candidate diagnostics only,7.500000000000062,1,1,ok
4,enhanced_support_0,support,studio_F1,39.0,enhanced,union of active frame supports,0.0,200.0,candidate diagnostics only,17.494331065759596,1,1,ok
4,enhanced_support_0,support,phone_F1,40.0,enhanced,union of active frame supports,0.0,200.0,candidate diagnostics only,2.4999999999999467,1,1,ok
4,enhanced_support_0,support,phone_M1,40.0,enhanced,union of active frame supports,0.0,200.0,candidate diagnostics only,7.500000000000062,1,1,ok
4,enhanced_support_0,support,studio_F1,40.0,enhanced,union of active frame supports,0.0,200.0,candidate diagnostics only,17.494331065759596,1,1,ok
4,enhanced_support_0,support,phone_F1,41.0,enhanced,union of active frame supports,0.0,200.0,candidate diagnostics only,2.4999999999999467,1,1,ok
4,enhanced_support_0,support,phone_M1,41.0,enhanced,union of active frame supports,0.0,200.0,candidate diagnostics only,7.500000000000062,1,1,ok
4,enhanced_support_0,support,studio_F1,41.0,enhanced,union of active frame supports,0.0,200.0,candidate diagnostics only,17.494331065759596,1,1,ok
4,enhanced_support_0,support,phone_F1,42.0,enhanced,union of active frame supports,0.0,200.0,candidate diagnostics only,2.4999999999999467,1,1,ok
4,enhanced_support_0,support,phone_M1,42.0,enhanced,union of active frame supports,0.0,200.0,candidate diagnostics only,7.500000000000062,1,1,ok
4,enhanced_support_0,support,studio_F1,42.0,enhanced,union of active frame supports,0.0,200.0,candidate diagnostics only,17.494331065759596,1,1,ok
4,enhanced_support_0,support,phone_F1,43.0,enhanced,union of active frame supports,0.0,200.0,candidate diagnostics only,2.4999999999999467,1,1,ok
4,enhanced_support_0,support,phone_M1,43.0,enhanced,union of active frame supports,0.0,200.0,candidate diagnostics only,7.500000000000062,1,1,ok
4,enhanced_support_0,support,studio_F1,43.0,enhanced,union of active frame supports,0.0,200.0,candidate diagnostics only,17.494331065759596,1,1,ok
4,enhanced_support_0,support,phone_F1,44.0,enhanced,union of active frame supports,0.0,200.0,candidate diagnostics only,2.4999999999999467,1,1,ok
4,enhanced_support_0,support,phone_M1,44.0,enhanced,union of active frame supports,0.0,200.0,candidate diagnostics only,7.500000000000062,1,1,ok
4,enhanced_support_0,support,studio_F1,44.0,enhanced,union of active frame supports,0.0,200.0,candidate diagnostics only,17.494331065759596,1,1,ok
4,enhanced_support_0,support,phone_F1,45.0,enhanced,union of active frame supports,0.0,200.0,candidate diagnostics only,2.4999999999999467,1,1,ok
4,enhanced_support_0,support,phone_M1,45.0,enhanced,union of active frame supports,0.0,200.0,candidate diagnostics only,7.500000000000062,1,1,ok
4,enhanced_support_0,support,studio_F1,45.0,enhanced,union of active frame supports,0.0,200.0,candidate diagnostics only,17.494331065759596,1,1,ok
4,enhanced_support_0,support,phone_F1,46.0,enhanced,union of active frame supports,0.0,200.0,candidate diagnostics only,2.4999999999999467,1,1,ok
4,enhanced_support_0,support,phone_M1,46.0,enhanced,union of active frame supports,0.0,200.0,candidate diagnostics only,7.500000000000062,1,1,ok
4,enhanced_support_0,support,studio_F1,46.0,enhanced,union of active frame supports,0.0,200.0,candidate diagnostics only,17.494331065759596,1,1,ok
4,enhanced_support_0,support,phone_F1,47.0,enhanced,union of active frame supports,0.0,200.0,candidate diagnostics only,2.4999999999999467,1,1,ok
4,enhanced_support_0,support,phone_M1,47.0,enhanced,union of active frame supports,0.0,200.0,candidate diagnostics only,7.500000000000062,1,1,ok
4,enhanced_support_0,support,studio_F1,47.0,enhanced,union of active frame supports,0.0,200.0,candidate diagnostics only,17.494331065759596,1,1,ok
4,enhanced_support_0,support,phone_F1,48.0,enhanced,union of active frame supports,0.0,200.0,candidate diagnostics only,2.4999999999999467,1,1,ok
4,enhanced_support_0,support,phone_M1,48.0,enhanced,union of active frame supports,0.0,200.0,candidate diagnostics only,7.500000000000062,1,1,ok
4,enhanced_support_0,support,studio_F1,48.0,enhanced,union of active frame supports,0.0,200.0,candidate diagnostics only,17.494331065759596,1,1,ok
4,enhanced_support_0,support,phone_F1,49.0,enhanced,union of active frame supports,0.0,200.0,candidate diagnostics only,2.4999999999999467,1,1,ok
4,enhanced_support_0,support,phone_M1,49.0,enhanced,union of active frame supports,0.0,200.0,candidate diagnostics only,7.500000000000062,1,1,ok
4,enhanced_support_0,support,studio_F1,49.0,enhanced,union of active frame supports,0.0,200.0,candidate diagnostics only,17.494331065759596,1,1,ok
4,enhanced_support_0,support,phone_F1,50.0,enhanced,union of active frame supports,0.0,200.0,candidate diagnostics only,2.4999999999999467,1,1,ok
4,enhanced_support_0,support,phone_M1,50.0,enhanced,union of active frame supports,0.0,200.0,candidate diagnostics only,7.500000000000062,1,1,ok
4,enhanced_support_0,support,studio_F1,50.0,enhanced,union of active frame supports,0.0,200.0,candidate diagnostics only,17.494331065759596,1,1,ok
